BioProject,n,country,years
PRJNA1273464,39,Algeria,2022
PRJNA1392031,7,Tunisia,2023-2025
PRJNA1181821,5,Uganda,2022
PRJNA631965,5,Nigeria,2019
PRJNA661596,5,Egypt,2019
PRJNA523709,4,Tanzania,2018
PRJNA230969,4,Egypt,2016
PRJNA579251,4,Tanzania,2018
PRJNA1242575,3,Tunisia,2024
PRJNA579261,3,Tanzania,2018
PRJNA860154,3,Nigeria,2015-2016
PRJNA1242317,3,Algeria,2023
PRJDB11824,2,Egypt,
PRJNA540702,2,Algeria,2016
PRJNA293225,2,Nigeria,2018-2019
PRJEB71867,2,Egypt,2019
PRJEB42795,2,Rwanda,2014
PRJNA1358714,2,Tunisia,2018
PRJEB44720,2,Nigeria,2016
PRJEB64290,2,Malawi,2005-2012
PRJEB104706,1,Cameroon,2022
PRJEB39739,1,Ethiopia,2016
PRJEB126541,1,Algeria,2025
PRJNA1238567,1,Tunisia,2023
PRJNA1254764,1,Togo,2022
PRJEB71714,1,Tanzania,2021
PRJEB65965,1,Malawi,
PRJNA1096457,1,Niger,2016
PRJNA1180919,1,Egypt,2020
PRJNA1282727,1,Morocco,2021
PRJNA558906,1,Algeria,2017
PRJNA1395011,1,Morocco,2024
PRJNA508509,1,Egypt,
PRJNA587479,1,Egypt,2017
PRJNA666443,1,Egypt,2017
PRJNA688626,1,Egypt,2019
PRJNA976065,1,Tunisia,2022
