A	DRR300282	contig00001	cirA_Q65Ter	POINT_DISRUPT	BETA-LACTAM	POINTX	100.00	99.70
A	DRR300282	contig00001	gyrA_D87N	POINT	QUINOLONE	POINTX	99.66	98.97
A	DRR300282	contig00001	gyrA_S83L	POINT	QUINOLONE	POINTX	99.66	98.97
A	DRR300282	contig00005	acrF	AMR	EFFLUX	BLASTX	100.00	99.52
A	DRR300282	contig00005	parC_S80I	POINT	QUINOLONE	POINTX	100.00	99.87
A	DRR300282	contig00006	blaTEM-1	AMR	BETA-LACTAM	ALLELEX	100.00	100.00
A	DRR300282	contig00010	emrD	AMR	EFFLUX	EXACTX	100.00	100.00
A	DRR300282	contig00012	mdtM	AMR	EFFLUX	BLASTX	100.00	98.05
A	DRR300282	contig00018	blaEC	AMR	BETA-LACTAM	BLASTX	100.00	98.67
A	DRR300282	contig00031	blaCTX-M-14	AMR	BETA-LACTAM	ALLELEX	100.00	100.00
A	DRR300282	contig00047	aph(3'')-Ib	AMR	AMINOGLYCOSIDE	EXACTX	100.00	100.00
A	DRR300282	contig00047	aph(6)-Id	AMR	AMINOGLYCOSIDE	EXACTX	100.00	100.00
A	DRR300282	contig00047	aph(3')-Ia	AMR	AMINOGLYCOSIDE	BLASTX	100.00	99.63
A	DRR300282	contig00056	tet(A)	AMR	TETRACYCLINE	EXACTX	100.00	100.00
A	DRR300282	contig00060	sul3	AMR	SULFONAMIDE	EXACTX	100.00	100.00
A	DRR300282	contig00060	aadA1	AMR	AMINOGLYCOSIDE	EXACTX	100.00	100.00
A	DRR300282	contig00060	cmlA1	AMR	PHENICOL	EXACTX	100.00	100.00
A	DRR300282	contig00065	sul2	AMR	SULFONAMIDE	EXACTX	100.00	100.00
A	DRR300282	contig00066	mcr-1.1	AMR	COLISTIN	ALLELEX	100.00	100.00
A	DRR300282	contig00071	sul1	AMR	SULFONAMIDE	EXACTX	100.00	100.00
A	DRR300282	contig00076	floR	AMR	PHENICOL	BLASTX	100.00	99.75
A	DRR300282	contig00078	estX-3	AMR	MACROLIDE	ALLELEX	100.00	100.00
A	DRR300282	contig00092	dfrA12	AMR	TRIMETHOPRIM	EXACTX	100.00	100.00
A	DRR300282	contig00107	aadA2	AMR	AMINOGLYCOSIDE	PARTIAL_CONTIG_ENDX	73.76	100.00
A	DRR300284	contig00004	acrF	AMR	EFFLUX	EXACTX	100.00	100.00
A	DRR300284	contig00005	blaEC	AMR	BETA-LACTAM	EXACTX	100.00	100.00
A	DRR300284	contig00032	gyrA_D87N	POINT	QUINOLONE	POINTX	99.66	98.97
A	DRR300284	contig00032	gyrA_S83L	POINT	QUINOLONE	POINTX	99.66	98.97
A	DRR300284	contig00034	parC_A56T	POINT	QUINOLONE	POINTX	100.00	99.60
A	DRR300284	contig00034	parC_S80I	POINT	QUINOLONE	POINTX	100.00	99.60
A	DRR300284	contig00039	mdtM	AMR	EFFLUX	BLASTX	98.29	97.27
A	DRR300284	contig00042	mcr-1.1	AMR	COLISTIN	ALLELEX	100.00	100.00
A	DRR300284	contig00068	dfrA17	AMR	TRIMETHOPRIM	EXACTX	100.00	100.00
A	DRR300284	contig00068	aadA5	AMR	AMINOGLYCOSIDE	EXACTX	100.00	100.00
A	DRR300284	contig00068	sul1	AMR	SULFONAMIDE	EXACTX	100.00	100.00
A	DRR300284	contig00068	mrx(A)	AMR	MACROLIDE	EXACTX	100.00	100.00
A	DRR300284	contig00068	mph(A)	AMR	MACROLIDE	EXACTX	100.00	100.00
A	DRR300284	contig00075	aac(3)-IId	AMR	AMINOGLYCOSIDE	EXACTX	100.00	100.00
A	DRR300284	contig00081	tet(B)	AMR	TETRACYCLINE	EXACTX	100.00	100.00
A	DRR300284	contig00084	catA1	AMR	PHENICOL	EXACTX	100.00	100.00
A	DRR300284	contig00085	sul2	AMR	SULFONAMIDE	EXACTX	100.00	100.00
A	DRR300284	contig00085	aph(3'')-Ib	AMR	AMINOGLYCOSIDE	EXACTX	100.00	100.00
A	DRR300284	contig00085	aph(6)-Id	AMR	AMINOGLYCOSIDE	EXACTX	100.00	100.00
A	DRR300284	contig00096	blaTEM-1	AMR	BETA-LACTAM	ALLELEX	100.00	100.00
A	DRR300284	contig00104	aadA22	AMR	AMINOGLYCOSIDE	EXACTX	100.00	100.00
A	DRR300284	contig00105	aph(3')-Ia	AMR	AMINOGLYCOSIDE	EXACTX	100.00	100.00
A	ERR10670886	contig00001	mdtM	AMR	EFFLUX	BLASTX	100.00	98.05
A	ERR10670886	contig00003	ompF_Y124TerfsTer0	POINT_DISRUPT	BETA-LACTAM	POINTX	100.00	92.54
A	ERR10670886	contig00005	parC_E84G	POINT	QUINOLONE	POINTX	100.00	99.73
A	ERR10670886	contig00005	parC_S80I	POINT	QUINOLONE	POINTX	100.00	99.73
A	ERR10670886	contig00011	gyrA_D87N	POINT	QUINOLONE	POINTX	99.66	98.86
A	ERR10670886	contig00011	gyrA_S83L	POINT	QUINOLONE	POINTX	99.66	98.86
A	ERR10670886	contig00013	acrR_E190KfsTer54	POINT_DISRUPT	MULTIDRUG	POINTX	100.00	100.00
A	ERR10670886	contig00022	blaEC	AMR	BETA-LACTAM	BLASTX	100.00	98.14
A	ERR10670886	contig00036	emrD	AMR	EFFLUX	BLASTX	100.00	99.75
A	ERR10670886	contig00046	mcr-1.1	AMR	COLISTIN	ALLELEX	100.00	100.00
A	ERR10670886	contig00091	blaTEM-1	AMR	BETA-LACTAM	ALLELEX	100.00	100.00
A	ERR10670886	contig00091	aac(3)-IIe	AMR	AMINOGLYCOSIDE	EXACTX	100.00	100.00
A	ERR10670886	contig00091	aph(3')-Ia	AMR	AMINOGLYCOSIDE	EXACTX	100.00	100.00
A	ERR10670886	contig00101	acrF	AMR	EFFLUX	BLASTX	100.00	99.52
A	ERR10670886	contig00117	tet(A)	AMR	TETRACYCLINE	EXACTX	100.00	100.00
A	ERR10670886	contig00118	sul3	AMR	SULFONAMIDE	EXACTX	100.00	100.00
A	ERR10670886	contig00120	dfrA24	AMR	TRIMETHOPRIM	PARTIALX	89.19	100.00
A	ERR10670886	contig00122	estX-3	AMR	MACROLIDE	ALLELEX	100.00	100.00
A	ERR10670886	contig00122	aadA2	AMR	AMINOGLYCOSIDE	EXACTX	100.00	100.00
A	ERR10670886	contig00122	cmlA1	AMR	PHENICOL	EXACTX	100.00	100.00
A	ERR10670886	contig00141	floR	AMR	PHENICOL	EXACTX	100.00	100.00
A	ERR10670886	contig00146	tet(B)	AMR	TETRACYCLINE	EXACTX	100.00	100.00
A	ERR10670886	contig00164	aph(6)-Id	AMR	AMINOGLYCOSIDE	EXACTX	100.00	100.00
A	ERR10670886	contig00164	aph(3'')-Ib	AMR	AMINOGLYCOSIDE	EXACTX	100.00	100.00
A	ERR10670886	contig00165	catA1	AMR	PHENICOL	EXACTX	100.00	100.00
A	ERR10670886	contig00171	dfrA36	AMR	TRIMETHOPRIM	PARTIAL_CONTIG_ENDX	70.77	100.00
A	ERR10670886	contig00189	sul2	AMR	SULFONAMIDE	EXACTX	100.00	100.00
A	ERR10670886	contig00191	ant(2'')-Ia	AMR	AMINOGLYCOSIDE	EXACTX	100.00	100.00
A	ERR10670886	contig00195	dfrA1	AMR	TRIMETHOPRIM	EXACTX	100.00	100.00
A	ERR10670886	contig00204	aadA1	AMR	AMINOGLYCOSIDE	BLASTX	91.25	100.00
A	ERR10670886	contig00216	sul1	AMR	SULFONAMIDE	PARTIAL_CONTIG_ENDX	68.10	100.00
A	ERR10670898	contig00002	blaCTX-M-15	AMR	BETA-LACTAM	ALLELEX	100.00	100.00
A	ERR10670898	contig00002	qnrS1	AMR	QUINOLONE	ALLELEX	100.00	100.00
A	ERR10670898	contig00006	acrF	AMR	EFFLUX	BLASTX	100.00	99.52
A	ERR10670898	contig00010	blaEC	AMR	BETA-LACTAM	BLASTX	100.00	98.41
A	ERR10670898	contig00026	mdtM	AMR	EFFLUX	BLASTX	98.29	98.01
A	ERR10670898	contig00051	mcr-1.1	AMR	COLISTIN	ALLELEX	100.00	100.00
A	ERR10670898	contig00067	cyaA_S352T	POINT	FOSMIDOMYCIN	POINTX	100.00	99.29
A	ERR12409409	contig00002	blaEC	AMR	BETA-LACTAM	BLASTX	100.00	97.61
A	ERR12409409	contig00013	parC_A56T	POINT	QUINOLONE	POINTX	100.00	99.73
A	ERR12409409	contig00058	mdtM	AMR	EFFLUX	BLASTX	100.00	98.05
A	ERR12409409	contig00071	sul2	AMR	SULFONAMIDE	EXACTX	100.00	100.00
A	ERR12409409	contig00071	aph(3'')-Ib	AMR	AMINOGLYCOSIDE	BLASTX	100.00	99.63
A	ERR12409409	contig00071	aph(6)-Id	AMR	AMINOGLYCOSIDE	EXACTX	100.00	100.00
A	ERR12409409	contig00071	qnrS1	AMR	QUINOLONE	ALLELEX	100.00	100.00
A	ERR12409409	contig00087	acrF	AMR	EFFLUX	PARTIALX	70.12	99.59
A	ERR12409409	contig00090	dfrA14	AMR	TRIMETHOPRIM	EXACTX	100.00	100.00
A	ERR12409409	contig00102	aac(3)-IId	AMR	AMINOGLYCOSIDE	EXACTX	100.00	100.00
A	ERR12409409	contig00104	mcr-10.1	AMR	COLISTIN	ALLELEX	100.00	100.00
A	ERR12409409	contig00106	tet(D)	AMR	TETRACYCLINE	EXACTX	100.00	100.00
A	ERR12409409	contig00128	catA2	AMR	PHENICOL	EXACTX	100.00	100.00
A	ERR13133281	contig00004	nfsA_Q72Ter	POINT_DISRUPT	NITROFURAN	POINTX	100.00	99.17
A	ERR13133281	contig00005	gyrA_D87N	POINT	QUINOLONE	POINTX	99.66	98.97
A	ERR13133281	contig00005	gyrA_S83L	POINT	QUINOLONE	POINTX	99.66	98.97
A	ERR13133281	contig00007	acrF	AMR	EFFLUX	BLASTX	100.00	99.42
A	ERR13133281	contig00010	mdtM	AMR	EFFLUX	BLASTX	100.00	98.05
A	ERR13133281	contig00018	parC_S80I	POINT	QUINOLONE	POINTX	100.00	99.87
A	ERR13133281	contig00043	blaEC	AMR	BETA-LACTAM	BLASTX	100.00	98.41
A	ERR13133281	contig00063	dfrA17	AMR	TRIMETHOPRIM	EXACTX	100.00	100.00
A	ERR13133281	contig00063	aadA5	AMR	AMINOGLYCOSIDE	EXACTX	100.00	100.00
A	ERR13133281	contig00063	sul1	AMR	SULFONAMIDE	EXACTX	100.00	100.00
A	ERR13133281	contig00067	erm(B)	AMR	LINCOSAMIDE/MACROLIDE/STREPTOGRAMIN	BLASTX	100.00	99.59
A	ERR13133281	contig00082	floR	AMR	PHENICOL	BLASTX	100.00	99.75
A	ERR13133281	contig00088	mph(A)	AMR	MACROLIDE	BLASTX	100.00	99.67
A	ERR13133281	contig00088	mrx(A)	AMR	MACROLIDE	EXACTX	100.00	100.00
A	ERR13133281	contig00092	blaCTX-M-15	AMR	BETA-LACTAM	ALLELEX	100.00	100.00
A	ERR13133281	contig00093	mcr-1.1	AMR	COLISTIN	ALLELEX	100.00	100.00
A	ERR13133281	contig00094	aac(3)-IIe	AMR	AMINOGLYCOSIDE	EXACTX	100.00	100.00
A	ERR13133281	contig00108	blaTEM-1	AMR	BETA-LACTAM	ALLELEX	100.00	100.00
A	ERR13133281	contig00126	aadA22	AMR	AMINOGLYCOSIDE	EXACTX	100.00	100.00
A	ERR13133321	contig00001	gyrA_D87N	POINT	QUINOLONE	POINTX	99.66	98.97
A	ERR13133321	contig00001	gyrA_S83L	POINT	QUINOLONE	POINTX	99.66	98.97
A	ERR13133321	contig00005	blaEC	AMR	BETA-LACTAM	BLASTX	100.00	99.73
A	ERR13133321	contig00009	uhpT_E350Q	POINT	FOSFOMYCIN	POINTX	100.00	99.78
A	ERR13133321	contig00012	mdtM	AMR	EFFLUX	BLASTX	100.00	97.56
A	ERR13133321	contig00013	acrF	AMR	EFFLUX	BLASTX	100.00	99.61
A	ERR13133321	contig00016	parE_S458A	POINT	QUINOLONE	POINTX	100.00	99.68
A	ERR13133321	contig00016	parC_S80I	POINT	QUINOLONE	POINTX	100.00	99.87
A	ERR13133321	contig00041	mcr-1.1	AMR	COLISTIN	ALLELEX	100.00	100.00
A	ERR13133321	contig00047	blaCTX-M-14	AMR	BETA-LACTAM	ALLELEX	100.00	100.00
A	ERR13133321	contig00048	aph(6)-Id	AMR	AMINOGLYCOSIDE	EXACTX	100.00	100.00
A	ERR13133321	contig00048	aph(3'')-Ib	AMR	AMINOGLYCOSIDE	EXACTX	100.00	100.00
A	ERR13133321	contig00055	tet(A)	AMR	TETRACYCLINE	BLASTX	100.00	99.75
A	ERR13133321	contig00060	aac(3)-IId	AMR	AMINOGLYCOSIDE	EXACTX	100.00	100.00
A	ERR13133321	contig00064	mph(A)	AMR	MACROLIDE	EXACTX	100.00	100.00
A	ERR13133321	contig00064	mrx(A)	AMR	MACROLIDE	EXACTX	100.00	100.00
A	ERR13133321	contig00066	blaOXA-48	AMR	BETA-LACTAM	ALLELEX	100.00	100.00
A	ERR13133321	contig00082	blaTEM-1	AMR	BETA-LACTAM	ALLELEX	100.00	100.00
A	ERR13952550	contig00001	mdtM	AMR	EFFLUX	EXACTX	100.00	100.00
A	ERR13952550	contig00005	blaEC	AMR	BETA-LACTAM	BLASTX	100.00	98.67
A	ERR13952550	contig00007	acrF	AMR	EFFLUX	BLASTX	100.00	99.42
A	ERR13952550	contig00012	aph(3')-Ia	AMR	AMINOGLYCOSIDE	EXACTX	100.00	100.00
A	ERR13952550	contig00015	cyaA_S352T	POINT	FOSMIDOMYCIN	POINTX	100.00	99.29
A	ERR13952550	contig00023	emrD	AMR	EFFLUX	BLASTX	100.00	99.75
A	ERR13952550	contig00075	ere(A)	AMR	MACROLIDE	PARTIALX	84.80	100.00
A	ERR13952550	contig00075	arr	AMR	RIFAMYCIN	EXACTX	100.00	100.00
A	ERR13952550	contig00075	aac(3)-IIg	AMR	AMINOGLYCOSIDE	EXACTX	100.00	100.00
A	ERR13952550	contig00075	aac(6')-IIc	AMR	AMINOGLYCOSIDE	EXACTX	100.00	100.00
A	ERR13952550	contig00079	blaSHV-12	AMR	BETA-LACTAM	ALLELEX	100.00	100.00
A	ERR13952550	contig00081	dfrA19	AMR	TRIMETHOPRIM	EXACTX	100.00	100.00
A	ERR13952550	contig00084	mrx(A)	AMR	MACROLIDE	EXACTX	100.00	100.00
A	ERR13952550	contig00084	mph(A)	AMR	MACROLIDE	EXACTX	100.00	100.00
A	ERR13952550	contig00090	mcr-9.1	AMR	COLISTIN	ALLELEX	100.00	100.00
A	ERR13952550	contig00099	aph(3'')-Ib	AMR	AMINOGLYCOSIDE	EXACTX	100.00	100.00
A	ERR13952550	contig00099	aph(6)-Id	AMR	AMINOGLYCOSIDE	EXACTX	100.00	100.00
A	ERR13952550	contig00101	catA2	AMR	PHENICOL	EXACTX	100.00	100.00
A	ERR13952550	contig00102	aadA5	AMR	AMINOGLYCOSIDE	BLASTX	99.62	99.23
A	ERR13952550	contig00102	dfrA17	AMR	TRIMETHOPRIM	EXACTX	100.00	100.00
A	ERR13952550	contig00103	blaTEM-1	AMR	BETA-LACTAM	ALLELEX	100.00	100.00
A	ERR13952550	contig00106	sul1	AMR	SULFONAMIDE	EXACTX	100.00	100.00
A	ERR13952550	contig00110	aadA2	AMR	AMINOGLYCOSIDE	EXACTX	100.00	100.00
A	ERR13952550	contig00137	sul2	AMR	SULFONAMIDE	PARTIAL_CONTIG_ENDX	72.69	100.00
A	ERR13952704	contig00001	acrF	AMR	EFFLUX	BLASTX	100.00	99.32
A	ERR13952704	contig00002	cirA_Q56Ter	POINT_DISRUPT	BETA-LACTAM	POINTX	100.00	98.79
A	ERR13952704	contig00006	blaEC	AMR	BETA-LACTAM	BLASTX	100.00	98.14
A	ERR13952704	contig00010	emrD	AMR	EFFLUX	BLASTX	100.00	99.75
A	ERR13952704	contig00010	dfrA1	AMR	TRIMETHOPRIM	EXACTX	100.00	100.00
A	ERR13952704	contig00010	sat2	AMR	STREPTOTHRICIN	EXACTX	100.00	100.00
A	ERR13952704	contig00010	aadA1	AMR	AMINOGLYCOSIDE	EXACTX	100.00	100.00
A	ERR13952704	contig00019	nfsB_E165Ter	POINT_DISRUPT	NITROFURAN	POINTX	100.00	98.16
A	ERR13952704	contig00020	blaTEM-1	AMR	BETA-LACTAM	ALLELEX	100.00	100.00
A	ERR13952704	contig00023	nfsA_Y128PfsTer6	POINT_DISRUPT	NITROFURAN	POINTX	100.00	94.79
A	ERR13952704	contig00024	cyaA_S352T	POINT	FOSMIDOMYCIN	POINTX	100.00	99.29
A	ERR13952704	contig00028	mcr-9.1	AMR	COLISTIN	ALLELEX	100.00	100.00
A	ERR13952704	contig00061	aac(6')-IIc	AMR	AMINOGLYCOSIDE	EXACTX	100.00	100.00
A	ERR13952704	contig00061	aac(3)-IIg	AMR	AMINOGLYCOSIDE	EXACTX	100.00	100.00
A	ERR13952704	contig00061	arr	AMR	RIFAMYCIN	EXACTX	100.00	100.00
A	ERR13952704	contig00061	ere(A)	AMR	MACROLIDE	PARTIALX	84.80	100.00
A	ERR13952704	contig00061	sul1	AMR	SULFONAMIDE	EXACTX	100.00	100.00
A	ERR13952704	contig00082	sul2	AMR	SULFONAMIDE	EXACTX	100.00	100.00
A	ERR13952704	contig00084	aph(3'')-Ib	AMR	AMINOGLYCOSIDE	EXACTX	100.00	100.00
A	ERR13952704	contig00084	aph(6)-Id	AMR	AMINOGLYCOSIDE	EXACTX	100.00	100.00
A	ERR13952704	contig00091	catA1	AMR	PHENICOL	BLASTX	99.09	100.00
A	ERR15952774	contig00003	mdtM	AMR	EFFLUX	BLASTX	100.00	97.80
A	ERR15952774	contig00008	acrF	AMR	EFFLUX	BLASTX	100.00	99.61
A	ERR15952774	contig00011	blaEC	AMR	BETA-LACTAM	BLASTX	100.00	98.67
A	ERR15952774	contig00019	blaTEM-1	AMR	BETA-LACTAM	ALLELEX	100.00	100.00
A	ERR15952774	contig00065	sul2	AMR	SULFONAMIDE	EXACTX	100.00	100.00
A	ERR15952774	contig00070	ere(A)	AMR	MACROLIDE	PARTIALX	84.80	100.00
A	ERR15952774	contig00070	arr	AMR	RIFAMYCIN	EXACTX	100.00	100.00
A	ERR15952774	contig00070	aac(3)-IIg	AMR	AMINOGLYCOSIDE	EXACTX	100.00	100.00
A	ERR15952774	contig00070	aac(6')-IIc	AMR	AMINOGLYCOSIDE	EXACTX	100.00	100.00
A	ERR15952774	contig00078	blaSHV-12	AMR	BETA-LACTAM	ALLELEX	100.00	100.00
A	ERR15952774	contig00080	dfrA19	AMR	TRIMETHOPRIM	EXACTX	100.00	100.00
A	ERR15952774	contig00081	aph(3'')-Ib	AMR	AMINOGLYCOSIDE	EXACTX	100.00	100.00
A	ERR15952774	contig00081	aph(6)-Id	AMR	AMINOGLYCOSIDE	EXACTX	100.00	100.00
A	ERR15952774	contig00087	qnrB2	AMR	QUINOLONE	ALLELEX	100.00	100.00
A	ERR15952774	contig00088	mcr-9	AMR	COLISTIN	BLASTX	100.00	99.81
A	ERR15952774	contig00106	aadA2	AMR	AMINOGLYCOSIDE	EXACTX	100.00	100.00
A	ERR15952774	contig00107	sul1	AMR	SULFONAMIDE	EXACTX	100.00	100.00
A	ERR4452414	contig00007	parE_S458A	POINT	QUINOLONE	POINTX	100.00	99.68
A	ERR4452414	contig00007	parC_S80I	POINT	QUINOLONE	POINTX	100.00	99.87
A	ERR4452414	contig00010	acrF	AMR	EFFLUX	BLASTX	100.00	99.61
A	ERR4452414	contig00012	blaEC	AMR	BETA-LACTAM	BLASTX	100.00	98.41
A	ERR4452414	contig00017	ftsI_N337NYRIN	POINT	BETA-LACTAM	POINTX	100.00	99.49
A	ERR4452414	contig00023	mdtM	AMR	EFFLUX	BLASTX	100.00	97.80
A	ERR4452414	contig00038	ompC_R195L	POINT	BETA-LACTAM	POINTX	100.00	94.88
A	ERR4452414	contig00038	gyrA_D87N	POINT	QUINOLONE	POINTX	99.66	98.97
A	ERR4452414	contig00038	gyrA_S83L	POINT	QUINOLONE	POINTX	99.66	98.97
A	ERR4452414	contig00055	blaCMY-2	AMR	BETA-LACTAM	ALLELEX	100.00	100.00
A	ERR4452414	contig00072	ere(A)	AMR	MACROLIDE	PARTIALX	84.80	100.00
A	ERR4452414	contig00072	arr	AMR	RIFAMYCIN	EXACTX	100.00	100.00
A	ERR4452414	contig00072	aac(3)-IIg	AMR	AMINOGLYCOSIDE	EXACTX	100.00	100.00
A	ERR4452414	contig00072	aac(6')-IIc	AMR	AMINOGLYCOSIDE	EXACTX	100.00	100.00
A	ERR4452414	contig00080	blaSHV-12	AMR	BETA-LACTAM	ALLELEX	100.00	100.00
A	ERR4452414	contig00083	mrx(A)	AMR	MACROLIDE	EXACTX	100.00	100.00
A	ERR4452414	contig00083	mph(A)	AMR	MACROLIDE	EXACTX	100.00	100.00
A	ERR4452414	contig00087	aph(3')-Ia	AMR	AMINOGLYCOSIDE	EXACTX	100.00	100.00
A	ERR4452414	contig00089	aac(3)-IId	AMR	AMINOGLYCOSIDE	EXACTX	100.00	100.00
A	ERR4452414	contig00094	tet(B)	AMR	TETRACYCLINE	EXACTX	100.00	100.00
A	ERR4452414	contig00098	mcr-9.1	AMR	COLISTIN	ALLELEX	100.00	100.00
A	ERR4452414	contig00099	catB3	AMR	PHENICOL	PARTIALX	70.00	100.00
A	ERR4452414	contig00099	blaOXA-1	AMR	BETA-LACTAM	ALLELEX	100.00	100.00
A	ERR4452414	contig00099	aac(6')-Ib-cr5	AMR	AMINOGLYCOSIDE/QUINOLONE	ALLELEX	100.00	100.00
A	ERR4452414	contig00114	aph(3'')-Ib	AMR	AMINOGLYCOSIDE	EXACTX	100.00	100.00
A	ERR4452414	contig00114	aph(6)-Id	AMR	AMINOGLYCOSIDE	EXACTX	100.00	100.00
A	ERR4452414	contig00116	aadA5	AMR	AMINOGLYCOSIDE	EXACTX	100.00	100.00
A	ERR4452414	contig00116	dfrA17	AMR	TRIMETHOPRIM	EXACTX	100.00	100.00
A	ERR4452414	contig00117	sul1	AMR	SULFONAMIDE	EXACTX	100.00	100.00
A	ERR4452414	contig00118	catA2	AMR	PHENICOL	EXACTX	100.00	100.00
A	ERR4452414	contig00120	blaCTX-M-15	AMR	BETA-LACTAM	ALLELEX	100.00	100.00
A	ERR4452414	contig00125	blaTEM-1	AMR	BETA-LACTAM	ALLELEX	100.00	100.00
A	ERR4452414	contig00155	sul2	AMR	SULFONAMIDE	PARTIAL_CONTIG_ENDX	72.69	100.00
A	ERR5696750	contig00010	blaEC	AMR	BETA-LACTAM	BLASTX	100.00	98.41
A	ERR5696750	contig00024	acrF	AMR	EFFLUX	BLASTX	100.00	99.71
A	ERR5696750	contig00051	blaTEM-1	AMR	BETA-LACTAM	ALLELEX	100.00	100.00
A	ERR5696750	contig00061	mdtM	AMR	EFFLUX	BLASTX	99.02	93.60
A	ERR5696750	contig00076	aac(6')-IIc	AMR	AMINOGLYCOSIDE	EXACTX	100.00	100.00
A	ERR5696750	contig00076	aac(3)-IIg	AMR	AMINOGLYCOSIDE	EXACTX	100.00	100.00
A	ERR5696750	contig00076	arr	AMR	RIFAMYCIN	EXACTX	100.00	100.00
A	ERR5696750	contig00076	ere(A)	AMR	MACROLIDE	PARTIALX	84.80	100.00
A	ERR5696750	contig00076	sul1	AMR	SULFONAMIDE	EXACTX	100.00	100.00
A	ERR5696750	contig00076	qnrB2	AMR	QUINOLONE	ALLELEX	100.00	100.00
A	ERR5696750	contig00097	blaSHV-12	AMR	BETA-LACTAM	ALLELEX	100.00	100.00
A	ERR5696750	contig00112	mcr-9.1	AMR	COLISTIN	ALLELEX	100.00	100.00
A	ERR5696750	contig00124	catA2	AMR	PHENICOL	EXACTX	100.00	100.00
A	ERR5696750	contig00140	dfrA15	AMR	TRIMETHOPRIM	EXACTX	100.00	100.00
A	ERR5696778	contig00008	blaEC	AMR	BETA-LACTAM	BLASTX	100.00	98.14
A	ERR5696778	contig00011	acrF	AMR	EFFLUX	BLASTX	100.00	99.52
A	ERR5696778	contig00016	mdtM	AMR	EFFLUX	BLASTX	100.00	98.05
A	ERR5696778	contig00025	blaTEM-1	AMR	BETA-LACTAM	ALLELEX	100.00	100.00
A	ERR5696778	contig00055	sul2	AMR	SULFONAMIDE	EXACTX	100.00	100.00
A	ERR5696778	contig00061	aac(6')-IIc	AMR	AMINOGLYCOSIDE	EXACTX	100.00	100.00
A	ERR5696778	contig00061	aac(3)-IIg	AMR	AMINOGLYCOSIDE	EXACTX	100.00	100.00
A	ERR5696778	contig00061	arr	AMR	RIFAMYCIN	EXACTX	100.00	100.00
A	ERR5696778	contig00061	ere(A)	AMR	MACROLIDE	PARTIALX	84.80	100.00
A	ERR5696778	contig00062	catA1	AMR	PHENICOL	EXACTX	100.00	100.00
A	ERR5696778	contig00063	dfrA19	AMR	TRIMETHOPRIM	EXACTX	100.00	100.00
A	ERR5696778	contig00065	blaSHV-12	AMR	BETA-LACTAM	ALLELEX	100.00	100.00
A	ERR5696778	contig00068	tet(D)	AMR	TETRACYCLINE	EXACTX	100.00	100.00
A	ERR5696778	contig00069	tet(B)	AMR	TETRACYCLINE	EXACTX	100.00	100.00
A	ERR5696778	contig00071	aph(6)-Id	AMR	AMINOGLYCOSIDE	EXACTX	100.00	100.00
A	ERR5696778	contig00071	aph(3'')-Ib	AMR	AMINOGLYCOSIDE	EXACTX	100.00	100.00
A	ERR5696778	contig00072	aac(6')-Ib3	AMR	AMINOGLYCOSIDE	ALLELEX	100.00	100.00
A	ERR5696778	contig00073	mcr-9.1	AMR	COLISTIN	ALLELEX	100.00	100.00
A	ERR5696778	contig00075	aadA1	AMR	AMINOGLYCOSIDE	EXACTX	100.00	100.00
A	ERR5696778	contig00075	blaOXA-1	AMR	BETA-LACTAM	ALLELEX	100.00	100.00
A	ERR5696778	contig00076	sul1	AMR	SULFONAMIDE	EXACTX	100.00	100.00
A	ERR5696778	contig00080	catA2	AMR	PHENICOL	EXACTX	100.00	100.00
A	ERR5696778	contig00092	aadA2	AMR	AMINOGLYCOSIDE	EXACTX	100.00	100.00
A	SRR10098861	contig00002	blaEC	AMR	BETA-LACTAM	BLASTX	100.00	98.41
A	SRR10098861	contig00030	acrF	AMR	EFFLUX	BLASTX	100.00	99.71
A	SRR10098861	contig00044	mdtM	AMR	EFFLUX	BLASTX	100.00	98.05
A	SRR10098861	contig00057	mcr-1.1	AMR	COLISTIN	ALLELEX	100.00	100.00
A	SRR10098861	contig00096	aph(3'')-Ib	AMR	AMINOGLYCOSIDE	EXACTX	100.00	100.00
A	SRR10098861	contig00096	aph(6)-Id	AMR	AMINOGLYCOSIDE	PARTIAL_CONTIG_ENDX	68.35	100.00
A	SRR10098861	contig00107	qnrS1	AMR	QUINOLONE	ALLELEX	100.00	100.00
A	SRR10098861	contig00115	dfrA14	AMR	TRIMETHOPRIM	EXACTX	100.00	100.00
A	SRR10098861	contig00121	floR	AMR	PHENICOL	BLASTX	100.00	99.50
A	SRR10098861	contig00121	tet(A)	AMR	TETRACYCLINE	PARTIAL_CONTIG_ENDX	79.45	100.00
A	SRR10098861	contig00123	aac(3)-IId	AMR	AMINOGLYCOSIDE	PARTIAL_CONTIG_ENDX	55.94	100.00
A	SRR10098861	contig00128	qnrB19	AMR	QUINOLONE	ALLELEX	100.00	100.00
A	SRR10098861	contig00137	blaTEM-1	AMR	BETA-LACTAM	ALLELEX	100.00	100.00
A	SRR10098861	contig00148	aph(3')-Ia	AMR	AMINOGLYCOSIDE	EXACTX	100.00	100.00
A	SRR10098861	contig00158	sul2	AMR	SULFONAMIDE	PARTIALX	50.18	100.00
A	SRR10392137	contig00009	gyrA_S83L	POINT	QUINOLONE	POINTX	99.66	99.09
A	SRR10392137	contig00010	acrF	AMR	EFFLUX	BLASTX	100.00	99.52
A	SRR10392137	contig00013	mdtM	AMR	EFFLUX	BLASTX	100.00	97.80
A	SRR10392137	contig00017	blaEC	AMR	BETA-LACTAM	BLASTX	100.00	98.41
A	SRR10392137	contig00046	nfsA_G126R	POINT	NITROFURAN	POINTX	100.00	99.17
A	SRR10392137	contig00060	mcr-1.1	AMR	COLISTIN	ALLELEX	100.00	100.00
A	SRR10392137	contig00075	tet(A)	AMR	TETRACYCLINE	EXACTX	100.00	100.00
A	SRR10392137	contig00096	sul1	AMR	SULFONAMIDE	EXACTX	100.00	100.00
A	SRR10392137	contig00096	aadA2	AMR	AMINOGLYCOSIDE	EXACTX	100.00	100.00
A	SRR10392137	contig00096	dfrA12	AMR	TRIMETHOPRIM	EXACTX	100.00	100.00
A	SRR10392137	contig00098	aph(3'')-Ib	AMR	AMINOGLYCOSIDE	BLASTX	100.00	99.63
A	SRR10392137	contig00098	qnrS1	AMR	QUINOLONE	ALLELEX	100.00	100.00
A	SRR10392137	contig00107	mrx(A)	AMR	MACROLIDE	EXACTX	100.00	100.00
A	SRR10392137	contig00107	mph(A)	AMR	MACROLIDE	EXACTX	100.00	100.00
A	SRR10392137	contig00113	blaTEM-1	AMR	BETA-LACTAM	ALLELEX	100.00	100.00
A	SRR10392137	contig00113	aac(3)-IIe	AMR	AMINOGLYCOSIDE	EXACTX	100.00	100.00
A	SRR10392137	contig00120	floR	AMR	PHENICOL	BLASTX	100.00	99.75
A	SRR10392137	contig00163	sul2	AMR	SULFONAMIDE	PARTIAL_CONTIG_ENDX	59.78	100.00
A	SRR10420728	contig00007	acrF	AMR	EFFLUX	INTERNAL_STOP	100.00	99.52
A	SRR10420728	contig00013	blaEC	AMR	BETA-LACTAM	BLASTX	100.00	98.41
A	SRR10420728	contig00014	mdtM	AMR	EFFLUX	BLASTX	98.29	98.01
A	SRR10420728	contig00049	mcr-1.1	AMR	COLISTIN	ALLELEX	100.00	100.00
A	SRR10420728	contig00075	tet(A)	AMR	TETRACYCLINE	BLASTX	100.00	99.75
A	SRR10420728	contig00077	qnrS1	AMR	QUINOLONE	ALLELEX	100.00	100.00
A	SRR10420728	contig00077	blaTEM-1	AMR	BETA-LACTAM	ALLELEX	100.00	100.00
A	SRR10420728	contig00077	sul3	AMR	SULFONAMIDE	EXACTX	100.00	100.00
A	SRR10420728	contig00098	aph(6)-Id	AMR	AMINOGLYCOSIDE	PARTIALX	84.89	100.00
A	SRR10420728	contig00103	dfrA14	AMR	TRIMETHOPRIM	EXACTX	100.00	100.00
A	SRR13376017	contig00001	gyrA_D87N	POINT	QUINOLONE	POINTX	99.66	98.86
A	SRR13376017	contig00001	gyrA_S83L	POINT	QUINOLONE	POINTX	99.66	98.86
A	SRR13376017	contig00001	cirA_Q65Ter	POINT_DISRUPT	BETA-LACTAM	POINTX	100.00	99.70
A	SRR13376017	contig00002	mdtM	AMR	EFFLUX	BLASTX	100.00	97.56
A	SRR13376017	contig00004	parC_S80R	POINT	QUINOLONE	POINTX	100.00	99.60
A	SRR13376017	contig00010	blaEC	AMR	BETA-LACTAM	BLASTX	100.00	97.88
A	SRR13376017	contig00015	emrD	AMR	EFFLUX	BLASTX	100.00	99.75
A	SRR13376017	contig00016	cyaA_S352T	POINT	FOSMIDOMYCIN	POINTX	100.00	99.29
A	SRR13376017	contig00020	mcr-1.1	AMR	COLISTIN	ALLELEX	100.00	100.00
A	SRR13376017	contig00021	acrF	AMR	EFFLUX	BLASTX	100.00	99.42
A	SRR13376017	contig00046	estX-3	AMR	MACROLIDE	ALLELEX	100.00	100.00
A	SRR13376017	contig00046	aadA2	AMR	AMINOGLYCOSIDE	EXACTX	100.00	100.00
A	SRR13376017	contig00046	cmlA1	AMR	PHENICOL	EXACTX	100.00	100.00
A	SRR13376017	contig00059	tet(A)	AMR	TETRACYCLINE	EXACTX	100.00	100.00
A	SRR13376017	contig00077	qnrS1	AMR	QUINOLONE	ALLELEX	100.00	100.00
A	SRR13376017	contig00086	dfrA1	AMR	TRIMETHOPRIM	EXACTX	100.00	100.00
A	SRR13376017	contig00086	sat2	AMR	STREPTOTHRICIN	EXACTX	100.00	100.00
A	SRR13376017	contig00090	sul3	AMR	SULFONAMIDE	EXACTX	100.00	100.00
A	SRR13376017	contig00093	catA1	AMR	PHENICOL	EXACTX	100.00	100.00
A	SRR13376017	contig00102	blaTEM-1	AMR	BETA-LACTAM	ALLELEX	100.00	100.00
A	SRR13376017	contig00102	aac(3)-IIe	AMR	AMINOGLYCOSIDE	EXACTX	100.00	100.00
A	SRR13376017	contig00104	floR	AMR	PHENICOL	BLASTX	100.00	99.75
A	SRR13376017	contig00113	aph(6)-Id	AMR	AMINOGLYCOSIDE	EXACTX	100.00	100.00
A	SRR13376017	contig00113	aph(3'')-Ib	AMR	AMINOGLYCOSIDE	EXACTX	100.00	100.00
A	SRR13376017	contig00114	blaSHV-12	AMR	BETA-LACTAM	ALLELEX	100.00	100.00
A	SRR13376017	contig00125	lnu(F)	AMR	LINCOSAMIDE	EXACTX	100.00	100.00
A	SRR13376017	contig00130	aph(3')-Ia	AMR	AMINOGLYCOSIDE	EXACTX	100.00	100.00
A	SRR13376017	contig00156	sul2	AMR	SULFONAMIDE	PARTIAL_CONTIG_ENDX	72.69	100.00
A	SRR13376017	contig00161	aadA1	AMR	AMINOGLYCOSIDE	PARTIAL_CONTIG_ENDX	69.08	100.00
A	SRR24834186	contig00002	mdtM	AMR	EFFLUX	BLASTX	100.00	97.56
A	SRR24834186	contig00003	parC_S80R	POINT	QUINOLONE	POINTX	100.00	99.60
A	SRR24834186	contig00003	parE_L416F	POINT	QUINOLONE	POINTX	100.00	99.68
A	SRR24834186	contig00003	acrF	AMR	EFFLUX	BLASTX	100.00	99.32
A	SRR24834186	contig00010	ompF_D171AfsTer2	POINT_DISRUPT	BETA-LACTAM	POINTX	100.00	92.54
A	SRR24834186	contig00014	blaEC	AMR	BETA-LACTAM	BLASTX	100.00	98.14
A	SRR24834186	contig00015	gyrA_D87N	POINT	QUINOLONE	POINTX	99.66	98.86
A	SRR24834186	contig00015	gyrA_S83L	POINT	QUINOLONE	POINTX	99.66	98.86
A	SRR24834186	contig00016	emrD	AMR	EFFLUX	BLASTX	100.00	99.75
A	SRR24834186	contig00023	cyaA_S352T	POINT	FOSMIDOMYCIN	POINTX	100.00	99.17
A	SRR24834186	contig00025	blaTEM-135	AMR	BETA-LACTAM	ALLELEX	100.00	100.00
A	SRR24834186	contig00025	mph(B)	AMR	MACROLIDE	EXACTX	100.00	100.00
A	SRR24834186	contig00025	tet(A)	AMR	TETRACYCLINE	EXACTX	100.00	100.00
A	SRR24834186	contig00032	estT	AMR	MACROLIDE	BLASTX	100.00	99.29
A	SRR24834186	contig00034	blaCTX-M-1	AMR	BETA-LACTAM	ALLELEX	100.00	100.00
A	SRR24834186	contig00052	aadA1	AMR	AMINOGLYCOSIDE	PARTIALX	60.08	100.00
A	SRR24834186	contig00052	sat2	AMR	STREPTOTHRICIN	EXACTX	100.00	100.00
A	SRR24834186	contig00052	dfrA1	AMR	TRIMETHOPRIM	EXACTX	100.00	100.00
A	SRR24834186	contig00069	catA1	AMR	PHENICOL	BLASTX	99.54	100.00
A	SRR24834186	contig00072	mcr-1	AMR	COLISTIN	PARTIALX	61.48	100.00
A	SRR24834186	contig00091	estX	AMR	MACROLIDE	BLASTX	100.00	99.64
A	SRR24834186	contig00123	aadA1	AMR	AMINOGLYCOSIDE	PARTIAL_CONTIG_ENDX	53.61	100.00
A	SRR32898997	contig00003	gyrA_D87N	POINT	QUINOLONE	POINTX	99.66	98.97
A	SRR32898997	contig00003	gyrA_S83L	POINT	QUINOLONE	POINTX	99.66	98.97
A	SRR32898997	contig00003	cirA_Q501Ter	POINT_DISRUPT	BETA-LACTAM	POINTX	100.00	99.70
A	SRR32898997	contig00004	sul2	AMR	SULFONAMIDE	PARTIAL_CONTIG_ENDX	59.78	100.00
A	SRR32898997	contig00004	blaCTX-M-55	AMR	BETA-LACTAM	ALLELEX	100.00	100.00
A	SRR32898997	contig00004	parC_S80I	POINT	QUINOLONE	POINTX	100.00	99.87
A	SRR32898997	contig00004	acrF	AMR	EFFLUX	BLASTX	100.00	99.32
A	SRR32898997	contig00012	blaEC	AMR	BETA-LACTAM	BLASTX	100.00	98.67
A	SRR32898997	contig00013	ompF_A233LfsTer7	POINT_DISRUPT	BETA-LACTAM	POINTX	100.00	100.00
A	SRR32898997	contig00015	mdtM	AMR	EFFLUX	BLASTX	100.00	98.05
A	SRR32898997	contig00032	mcr-1.1	AMR	COLISTIN	ALLELEX	100.00	100.00
A	SRR32898997	contig00056	tet(A)	AMR	TETRACYCLINE	BLASTX	100.00	99.75
A	SRR32898997	contig00056	aph(6)-Id	AMR	AMINOGLYCOSIDE	EXACTX	100.00	100.00
A	SRR32898997	contig00056	aph(3'')-Ib	AMR	AMINOGLYCOSIDE	EXACTX	100.00	100.00
A	SRR32898997	contig00061	aadA5	AMR	AMINOGLYCOSIDE	EXACTX	100.00	100.00
A	SRR32898997	contig00061	dfrA17	AMR	TRIMETHOPRIM	EXACTX	100.00	100.00
A	SRR32898997	contig00080	floR	AMR	PHENICOL	PARTIAL_CONTIG_ENDX	60.40	99.18
A	SRR32899008	contig00001	gyrA_D87N	POINT	QUINOLONE	POINTX	99.66	98.74
A	SRR32899008	contig00001	gyrA_S83L	POINT	QUINOLONE	POINTX	99.66	98.74
A	SRR32899008	contig00006	parC_S80I	POINT	QUINOLONE	POINTX	100.00	99.87
A	SRR32899008	contig00008	blaEC	AMR	BETA-LACTAM	BLASTX	100.00	98.41
A	SRR32899008	contig00012	acrF	AMR	EFFLUX	BLASTX	100.00	99.61
A	SRR32899008	contig00015	mdtM	AMR	EFFLUX	BLASTX	100.00	97.80
A	SRR32899008	contig00020	cyaA_S352T	POINT	FOSMIDOMYCIN	POINTX	100.00	99.29
A	SRR32899008	contig00029	blaCTX-M-1	AMR	BETA-LACTAM	ALLELEX	100.00	100.00
A	SRR32899008	contig00053	mph(B)	AMR	MACROLIDE	EXACTX	100.00	100.00
A	SRR32899008	contig00053	rdmCL	AMR	MACROLIDE	EXACTX	100.00	100.00
A	SRR32899008	contig00053	sul1	AMR	SULFONAMIDE	EXACTX	100.00	100.00
A	SRR32899008	contig00053	aadA1	AMR	AMINOGLYCOSIDE	EXACTX	100.00	100.00
A	SRR32899008	contig00053	dfrA1	AMR	TRIMETHOPRIM	EXACTX	100.00	100.00
A	SRR32899008	contig00053	catA1	AMR	PHENICOL	BLASTX	99.54	100.00
A	SRR32899008	contig00066	tet(A)	AMR	TETRACYCLINE	EXACTX	100.00	100.00
A	SRR32899008	contig00076	floR	AMR	PHENICOL	BLASTX	100.00	99.26
A	SRR32899008	contig00091	mcr-1	AMR	COLISTIN	BLASTX	96.86	100.00
A	SRR32899019	contig00001	gyrA_D87N	POINT	QUINOLONE	POINTX	99.66	98.74
A	SRR32899019	contig00001	gyrA_S83L	POINT	QUINOLONE	POINTX	99.66	98.74
A	SRR32899019	contig00006	parC_S80I	POINT	QUINOLONE	POINTX	100.00	99.87
A	SRR32899019	contig00009	blaEC	AMR	BETA-LACTAM	BLASTX	100.00	98.41
A	SRR32899019	contig00013	acrF	AMR	EFFLUX	PARTIALX	88.97	99.46
A	SRR32899019	contig00015	mdtM	AMR	EFFLUX	BLASTX	100.00	97.80
A	SRR32899019	contig00028	cyaA_S352T	POINT	FOSMIDOMYCIN	POINTX	100.00	99.29
A	SRR32899019	contig00031	blaCTX-M-1	AMR	BETA-LACTAM	ALLELEX	100.00	100.00
A	SRR32899019	contig00054	mph(B)	AMR	MACROLIDE	EXACTX	100.00	100.00
A	SRR32899019	contig00054	rdmCL	AMR	MACROLIDE	EXACTX	100.00	100.00
A	SRR32899019	contig00054	sul1	AMR	SULFONAMIDE	EXACTX	100.00	100.00
A	SRR32899019	contig00054	aadA1	AMR	AMINOGLYCOSIDE	EXACTX	100.00	100.00
A	SRR32899019	contig00054	dfrA1	AMR	TRIMETHOPRIM	EXACTX	100.00	100.00
A	SRR32899019	contig00054	catA1	AMR	PHENICOL	BLASTX	99.54	100.00
A	SRR32899019	contig00066	tet(A)	AMR	TETRACYCLINE	EXACTX	100.00	100.00
A	SRR32899019	contig00075	floR	AMR	PHENICOL	BLASTX	100.00	99.26
A	SRR32899019	contig00095	mcr-1	AMR	COLISTIN	BLASTX	96.86	100.00
A	SRR33015174	contig00001	gyrA_D87N	POINT	QUINOLONE	POINTX	99.66	98.97
A	SRR33015174	contig00001	gyrA_S83L	POINT	QUINOLONE	POINTX	99.66	98.97
A	SRR33015174	contig00001	cirA_S90YfsTer15	POINT	BETA-LACTAM	POINTX	100.00	100.00
A	SRR33015174	contig00003	blaEC	AMR	BETA-LACTAM	BLASTX	100.00	98.14
A	SRR33015174	contig00007	ftsI_N337NYRIN	POINT	BETA-LACTAM	POINTX	100.00	99.49
A	SRR33015174	contig00011	acrR_V29YfsTer44	POINT_DISRUPT	MULTIDRUG	POINTX	100.00	100.00
A	SRR33015174	contig00016	parE_S458A	POINT	QUINOLONE	POINTX	100.00	99.68
A	SRR33015174	contig00016	parC_S80I	POINT	QUINOLONE	POINTX	100.00	99.73
A	SRR33015174	contig00018	mdtM	AMR	EFFLUX	BLASTX	100.00	97.07
A	SRR33015174	contig00049	tet(A)	AMR	TETRACYCLINE	EXACTX	100.00	100.00
A	SRR33015174	contig00055	acrF	AMR	EFFLUX	EXACTX	100.00	100.00
A	SRR33015174	contig00056	dfrA12	AMR	TRIMETHOPRIM	EXACTX	100.00	100.00
A	SRR33015174	contig00056	aadA2	AMR	AMINOGLYCOSIDE	EXACTX	100.00	100.00
A	SRR33015174	contig00056	sul1	AMR	SULFONAMIDE	EXACTX	100.00	100.00
A	SRR33015174	contig00056	ble	AMR	BLEOMYCIN	EXACTX	100.00	100.00
A	SRR33015174	contig00056	blaNDM-5	AMR	BETA-LACTAM	ALLELEX	100.00	100.00
A	SRR33015174	contig00061	mph(A)	AMR	MACROLIDE	BLASTX	100.00	100.00
A	SRR33015174	contig00061	mrx(A)	AMR	MACROLIDE	EXACTX	100.00	100.00
A	SRR33015174	contig00061	blaTEM-1	AMR	BETA-LACTAM	ALLELEX	100.00	100.00
A	SRR33015174	contig00061	rmtB1	AMR	AMINOGLYCOSIDE	ALLELEX	100.00	100.00
A	SRR33015174	contig00068	blaCTX-M-15	AMR	BETA-LACTAM	ALLELEX	100.00	100.00
A	SRR33015174	contig00073	catB3	AMR	PHENICOL	PARTIALX	70.00	100.00
A	SRR33015174	contig00073	blaOXA-1	AMR	BETA-LACTAM	ALLELEX	100.00	100.00
A	SRR33015174	contig00073	aac(6')-Ib-cr5	AMR	AMINOGLYCOSIDE/QUINOLONE	ALLELEX	100.00	100.00
A	SRR33015174	contig00095	mcr-1	AMR	COLISTIN	PARTIAL_CONTIG_ENDX	52.78	100.00
A	SRR35975910	contig00001	parC_S80I	POINT	QUINOLONE	POINTX	100.00	99.87
A	SRR35975910	contig00004	gyrA_D87N	POINT	QUINOLONE	POINTX	99.66	98.86
A	SRR35975910	contig00004	gyrA_S83L	POINT	QUINOLONE	POINTX	99.66	98.86
A	SRR35975910	contig00005	sul2	AMR	SULFONAMIDE	EXACTX	100.00	100.00
A	SRR35975910	contig00005	aph(3'')-Ib	AMR	AMINOGLYCOSIDE	EXACTX	100.00	100.00
A	SRR35975910	contig00005	aph(6)-Id	AMR	AMINOGLYCOSIDE	EXACTX	100.00	100.00
A	SRR35975910	contig00005	tet(A)	AMR	TETRACYCLINE	BLASTX	100.00	99.75
A	SRR35975910	contig00005	floR	AMR	PHENICOL	BLASTX	100.00	99.75
A	SRR35975910	contig00011	acrR_P182RfsTer62	POINT_DISRUPT	MULTIDRUG	POINTX	100.00	100.00
A	SRR35975910	contig00016	acrF	AMR	EFFLUX	BLASTX	100.00	99.61
A	SRR35975910	contig00018	blaEC	AMR	BETA-LACTAM	BLASTX	100.00	99.73
A	SRR35975910	contig00027	mdtM	AMR	EFFLUX	BLASTX	100.00	97.56
A	SRR35975910	contig00040	estT	AMR	MACROLIDE	BLASTX	100.00	99.29
A	SRR35975910	contig00043	mcr-1.1	AMR	COLISTIN	ALLELEX	100.00	100.00
A	SRR35975910	contig00064	blaTEM-1	AMR	BETA-LACTAM	ALLELEX	100.00	100.00
A	SRR35975911	contig00002	emrD	AMR	EFFLUX	EXACTX	100.00	100.00
A	SRR35975911	contig00003	gyrA_D87N	POINT	QUINOLONE	POINTX	99.66	98.97
A	SRR35975911	contig00003	gyrA_S83L	POINT	QUINOLONE	POINTX	99.66	98.97
A	SRR35975911	contig00003	cirA_Q65Ter	POINT_DISRUPT	BETA-LACTAM	POINTX	100.00	99.70
A	SRR35975911	contig00006	parC_S80I	POINT	QUINOLONE	POINTX	100.00	99.87
A	SRR35975911	contig00006	acrF	AMR	EFFLUX	BLASTX	100.00	99.52
A	SRR35975911	contig00007	blaEC	AMR	BETA-LACTAM	BLASTX	100.00	98.67
A	SRR35975911	contig00007	mdtM	AMR	EFFLUX	BLASTX	100.00	98.05
A	SRR35975911	contig00010	blaTEM-1	AMR	BETA-LACTAM	ALLELEX	100.00	100.00
A	SRR35975911	contig00018	tet(A)	AMR	TETRACYCLINE	EXACTX	100.00	100.00
A	SRR35975911	contig00024	mcr-1.1	AMR	COLISTIN	ALLELEX	100.00	100.00
A	SRR35975911	contig00034	aph(6)-Id	AMR	AMINOGLYCOSIDE	EXACTX	100.00	100.00
A	SRR35975911	contig00034	aph(3'')-Ib	AMR	AMINOGLYCOSIDE	EXACTX	100.00	100.00
A	SRR35975911	contig00034	sul2	AMR	SULFONAMIDE	EXACTX	100.00	100.00
A	SRR35975911	contig00038	aadA2	AMR	AMINOGLYCOSIDE	EXACTX	100.00	100.00
A	SRR35975911	contig00038	dfrA12	AMR	TRIMETHOPRIM	EXACTX	100.00	100.00
A	SRR35975911	contig00043	blaOXA-48	AMR	BETA-LACTAM	ALLELEX	100.00	100.00
A	SRR35975911	contig00044	aac(3)-IId	AMR	AMINOGLYCOSIDE	EXACTX	100.00	100.00
A	SRR5688544	contig00005	pmrB_C84R	POINT	COLISTIN	POINTX	100.00	99.17
A	SRR5688544	contig00010	acrF	AMR	EFFLUX	BLASTX	100.00	99.61
A	SRR5688544	contig00016	mdtM	AMR	EFFLUX	BLASTX	100.00	98.05
A	SRR5688544	contig00017	gyrA_D87N	POINT	QUINOLONE	POINTX	99.66	98.86
A	SRR5688544	contig00017	gyrA_S83L	POINT	QUINOLONE	POINTX	99.66	98.86
A	SRR5688544	contig00019	blaEC	AMR	BETA-LACTAM	BLASTX	100.00	99.73
A	SRR5688544	contig00026	parC_S80I	POINT	QUINOLONE	POINTX	100.00	99.87
A	SRR5688544	contig00040	floR	AMR	PHENICOL	BLASTX	100.00	99.75
A	SRR5688544	contig00040	mcr-1.1	AMR	COLISTIN	ALLELEX	100.00	100.00
A	SRR5688544	contig00058	dfrA12	AMR	TRIMETHOPRIM	EXACTX	100.00	100.00
A	SRR5688544	contig00058	aadA2	AMR	AMINOGLYCOSIDE	EXACTX	100.00	100.00
A	SRR5688544	contig00058	cmlA1	AMR	PHENICOL	BLASTX	100.00	99.76
A	SRR5688544	contig00058	aadA1	AMR	AMINOGLYCOSIDE	EXACTX	100.00	100.00
A	SRR5688544	contig00058	sul3	AMR	SULFONAMIDE	EXACTX	100.00	100.00
A	SRR5688544	contig00070	blaTEM-1	AMR	BETA-LACTAM	ALLELEX	100.00	100.00
A	SRR5688544	contig00082	tet(A)	AMR	TETRACYCLINE	PARTIAL_CONTIG_ENDX	76.69	100.00
A	SRR5688554	contig00001	gyrA_S83L	POINT	QUINOLONE	POINTX	99.66	98.86
A	SRR5688554	contig00003	mdtM	AMR	EFFLUX	BLASTX	100.00	98.05
A	SRR5688554	contig00003	blaEC	AMR	BETA-LACTAM	BLASTX	100.00	99.73
A	SRR5688554	contig00005	parC_S80I	POINT	QUINOLONE	POINTX	100.00	99.73
A	SRR5688554	contig00012	acrF	AMR	EFFLUX	BLASTX	100.00	99.32
A	SRR5688554	contig00015	emrD	AMR	EFFLUX	BLASTX	100.00	99.75
A	SRR5688554	contig00016	cyaA_S352T	POINT	FOSMIDOMYCIN	POINTX	100.00	99.17
A	SRR5688554	contig00019	sul2	AMR	SULFONAMIDE	EXACTX	100.00	100.00
A	SRR5688554	contig00019	aph(3'')-Ib	AMR	AMINOGLYCOSIDE	BLASTX	100.00	99.63
A	SRR5688554	contig00019	aph(6)-Id	AMR	AMINOGLYCOSIDE	EXACTX	100.00	100.00
A	SRR5688554	contig00019	blaTEM-1	AMR	BETA-LACTAM	ALLELEX	100.00	100.00
A	SRR5688554	contig00020	mcr-1.1	AMR	COLISTIN	ALLELEX	100.00	100.00
A	SRR5688554	contig00038	sul3	AMR	SULFONAMIDE	EXACTX	100.00	100.00
A	SRR5688554	contig00038	aadA1	AMR	AMINOGLYCOSIDE	EXACTX	100.00	100.00
A	SRR5688554	contig00038	cmlA1	AMR	PHENICOL	EXACTX	100.00	100.00
A	SRR5688554	contig00038	aadA2	AMR	AMINOGLYCOSIDE	EXACTX	100.00	100.00
A	SRR5688554	contig00038	estX-3	AMR	MACROLIDE	ALLELEX	100.00	100.00
A	SRR5688554	contig00061	dfrA14	AMR	TRIMETHOPRIM	EXACTX	100.00	100.00
A	SRR5688555	contig00006	parC_S80I	POINT	QUINOLONE	POINTX	100.00	99.87
A	SRR5688555	contig00007	blaEC	AMR	BETA-LACTAM	BLASTX	100.00	98.67
A	SRR5688555	contig00008	gyrA_D87N	POINT	QUINOLONE	POINTX	99.66	98.86
A	SRR5688555	contig00008	gyrA_S83L	POINT	QUINOLONE	POINTX	99.66	98.86
A	SRR5688555	contig00017	emrD	AMR	EFFLUX	BLASTX	100.00	99.75
A	SRR5688555	contig00018	mcr-1.1	AMR	COLISTIN	ALLELEX	100.00	100.00
A	SRR5688555	contig00018	tet(A)	AMR	TETRACYCLINE	BLASTX	100.00	99.50
A	SRR5688555	contig00020	cyaA_S352T	POINT	FOSMIDOMYCIN	POINTX	100.00	99.29
A	SRR5688555	contig00032	acrF	AMR	EFFLUX	BLASTX	100.00	99.42
A	SRR5688555	contig00035	mdtM	AMR	EFFLUX	EXACTX	100.00	100.00
A	SRR5688555	contig00056	sul3	AMR	SULFONAMIDE	EXACTX	100.00	100.00
A	SRR5688555	contig00056	aadA1	AMR	AMINOGLYCOSIDE	EXACTX	100.00	100.00
A	SRR5688555	contig00056	cmlA1	AMR	PHENICOL	BLASTX	100.00	99.76
A	SRR5688555	contig00056	aadA2	AMR	AMINOGLYCOSIDE	EXACTX	100.00	100.00
A	SRR5688555	contig00056	estX-3	AMR	MACROLIDE	ALLELEX	100.00	100.00
A	SRR5688555	contig00069	aac(3)-IId	AMR	AMINOGLYCOSIDE	PARTIAL_CONTIG_ENDX	88.81	100.00
A	SRR5688555	contig00070	blaTEM-1	AMR	BETA-LACTAM	ALLELEX	100.00	100.00
A	SRR5688555	contig00070	floR	AMR	PHENICOL	BLASTX	100.00	99.75
A	SRR5688555	contig00072	aph(6)-Id	AMR	AMINOGLYCOSIDE	EXACTX	100.00	100.00
A	SRR5688555	contig00072	aph(3'')-Ib	AMR	AMINOGLYCOSIDE	EXACTX	100.00	100.00
A	SRR5688555	contig00072	sul2	AMR	SULFONAMIDE	EXACTX	100.00	100.00
A	SRR5688555	contig00078	aac(3)-IIe	AMR	AMINOGLYCOSIDE	EXACTX	100.00	100.00
A	SRR5688555	contig00080	dfrA17	AMR	TRIMETHOPRIM	EXACTX	100.00	100.00
A	SRR5688555	contig00080	aadA5	AMR	AMINOGLYCOSIDE	PARTIALX	88.17	100.00
A	SRR5688556	contig00002	acrF	AMR	EFFLUX	EXACTX	100.00	100.00
A	SRR5688556	contig00008	blaEC	AMR	BETA-LACTAM	EXACTX	100.00	100.00
A	SRR5688556	contig00019	mcr-1.1	AMR	COLISTIN	ALLELEX	100.00	100.00
A	SRR5688556	contig00032	mdtM	AMR	EFFLUX	BLASTX	98.29	97.52
A	SRR5688556	contig00043	sul2	AMR	SULFONAMIDE	EXACTX	100.00	100.00
A	SRR5688556	contig00043	aph(3'')-Ib	AMR	AMINOGLYCOSIDE	EXACTX	100.00	100.00
A	SRR5688556	contig00043	aph(6)-Id	AMR	AMINOGLYCOSIDE	EXACTX	100.00	100.00
A	SRR5688556	contig00043	floR	AMR	PHENICOL	BLASTX	100.00	99.75
A	SRR5688556	contig00045	estX-3	AMR	MACROLIDE	ALLELEX	100.00	100.00
A	SRR5688556	contig00045	aadA2	AMR	AMINOGLYCOSIDE	EXACTX	100.00	100.00
A	SRR5688556	contig00045	cmlA1	AMR	PHENICOL	EXACTX	100.00	100.00
A	SRR5688556	contig00047	qnrS1	AMR	QUINOLONE	ALLELEX	100.00	100.00
A	SRR5688556	contig00053	sul3	AMR	SULFONAMIDE	EXACTX	100.00	100.00
A	SRR5688556	contig00061	tet(A)	AMR	TETRACYCLINE	BLASTX	100.00	99.75
A	SRR5688556	contig00067	aac(3)-IIe	AMR	AMINOGLYCOSIDE	EXACTX	100.00	100.00
A	SRR5688556	contig00067	blaTEM-1	AMR	BETA-LACTAM	ALLELEX	100.00	100.00
A	SRR5688556	contig00073	blaSHV-12	AMR	BETA-LACTAM	ALLELEX	100.00	100.00
A	SRR5688556	contig00082	lnu(F)	AMR	LINCOSAMIDE	EXACTX	100.00	100.00
A	SRR5688556	contig00085	aph(3')-Ia	AMR	AMINOGLYCOSIDE	EXACTX	100.00	100.00
A	SRR5688556	contig00104	aadA1	AMR	AMINOGLYCOSIDE	PARTIAL_CONTIG_ENDX	73.76	100.00
A	SRR8610327	contig00001	gyrA_D87N	POINT	QUINOLONE	POINTX	99.66	98.74
A	SRR8610327	contig00001	gyrA_S83L	POINT	QUINOLONE	POINTX	99.66	98.74
A	SRR8610327	contig00005	acrF	AMR	EFFLUX	BLASTX	100.00	99.71
A	SRR8610327	contig00007	parE_S458A	POINT	QUINOLONE	POINTX	100.00	99.68
A	SRR8610327	contig00007	parC_S80I	POINT	QUINOLONE	POINTX	100.00	99.87
A	SRR8610327	contig00008	blaEC	AMR	BETA-LACTAM	BLASTX	100.00	98.41
A	SRR8610327	contig00017	acrR_R192AfsTer52	POINT_DISRUPT	MULTIDRUG	POINTX	100.00	100.00
A	SRR8610327	contig00030	blaTEM-1	AMR	BETA-LACTAM	ALLELEX	100.00	100.00
A	SRR8610327	contig00036	mcr-1.1	AMR	COLISTIN	ALLELEX	100.00	100.00
A	SRR8610327	contig00036	sul2	AMR	SULFONAMIDE	EXACTX	100.00	100.00
A	SRR8610327	contig00036	aph(3'')-Ib	AMR	AMINOGLYCOSIDE	EXACTX	100.00	100.00
A	SRR8610327	contig00036	aph(6)-Id	AMR	AMINOGLYCOSIDE	EXACTX	100.00	100.00
A	SRR8610327	contig00036	tet(A)	AMR	TETRACYCLINE	EXACTX	100.00	100.00
A	SRR8610327	contig00043	mdtM	AMR	EFFLUX	BLASTX	100.00	97.07
A	SRR8610327	contig00053	dfrA17	AMR	TRIMETHOPRIM	EXACTX	100.00	100.00
A	SRR8610327	contig00053	aadA5	AMR	AMINOGLYCOSIDE	EXACTX	100.00	100.00
A	SRR8610327	contig00053	sul1	AMR	SULFONAMIDE	EXACTX	100.00	100.00
A	SRR8610327	contig00053	mrx(A)	AMR	MACROLIDE	EXACTX	100.00	100.00
A	SRR8610327	contig00053	mph(A)	AMR	MACROLIDE	EXACTX	100.00	100.00
A	SRR8610343	contig00001	gyrA_D87N	POINT	QUINOLONE	POINTX	99.66	98.74
A	SRR8610343	contig00001	gyrA_S83L	POINT	QUINOLONE	POINTX	99.66	98.74
A	SRR8610343	contig00005	acrF	AMR	EFFLUX	BLASTX	100.00	99.71
A	SRR8610343	contig00008	parC_S80I	POINT	QUINOLONE	POINTX	100.00	99.87
A	SRR8610343	contig00008	parE_S458A	POINT	QUINOLONE	POINTX	100.00	99.68
A	SRR8610343	contig00009	blaEC	AMR	BETA-LACTAM	BLASTX	100.00	98.41
A	SRR8610343	contig00013	acrR_R192AfsTer52	POINT_DISRUPT	MULTIDRUG	POINTX	100.00	100.00
A	SRR8610343	contig00028	blaTEM-1	AMR	BETA-LACTAM	ALLELEX	100.00	100.00
A	SRR8610343	contig00035	mdtM	AMR	EFFLUX	BLASTX	100.00	97.07
A	SRR8610343	contig00039	mcr-1.1	AMR	COLISTIN	ALLELEX	100.00	100.00
A	SRR8610343	contig00050	mph(A)	AMR	MACROLIDE	EXACTX	100.00	100.00
A	SRR8610343	contig00050	mrx(A)	AMR	MACROLIDE	EXACTX	100.00	100.00
A	SRR8610343	contig00050	sul1	AMR	SULFONAMIDE	EXACTX	100.00	100.00
A	SRR8610343	contig00050	aadA5	AMR	AMINOGLYCOSIDE	EXACTX	100.00	100.00
A	SRR8610343	contig00050	dfrA17	AMR	TRIMETHOPRIM	EXACTX	100.00	100.00
A	SRR8610343	contig00059	sul2	AMR	SULFONAMIDE	EXACTX	100.00	100.00
A	SRR8610343	contig00059	aph(3'')-Ib	AMR	AMINOGLYCOSIDE	EXACTX	100.00	100.00
A	SRR8610343	contig00059	aph(6)-Id	AMR	AMINOGLYCOSIDE	EXACTX	100.00	100.00
A	SRR8610343	contig00059	tet(A)	AMR	TETRACYCLINE	EXACTX	100.00	100.00
A	SRR8610346	contig00001	gyrA_D87N	POINT	QUINOLONE	POINTX	99.66	98.74
A	SRR8610346	contig00001	gyrA_S83L	POINT	QUINOLONE	POINTX	99.66	98.74
A	SRR8610346	contig00005	acrF	AMR	EFFLUX	BLASTX	100.00	99.71
A	SRR8610346	contig00008	parC_S80I	POINT	QUINOLONE	POINTX	100.00	99.87
A	SRR8610346	contig00008	parE_S458A	POINT	QUINOLONE	POINTX	100.00	99.68
A	SRR8610346	contig00009	blaEC	AMR	BETA-LACTAM	BLASTX	100.00	98.41
A	SRR8610346	contig00013	acrR_R192AfsTer52	POINT_DISRUPT	MULTIDRUG	POINTX	100.00	100.00
A	SRR8610346	contig00026	blaTEM-1	AMR	BETA-LACTAM	ALLELEX	100.00	100.00
A	SRR8610346	contig00033	mdtM	AMR	EFFLUX	BLASTX	100.00	97.07
A	SRR8610346	contig00038	mcr-1.1	AMR	COLISTIN	ALLELEX	100.00	100.00
A	SRR8610346	contig00050	mph(A)	AMR	MACROLIDE	EXACTX	100.00	100.00
A	SRR8610346	contig00050	mrx(A)	AMR	MACROLIDE	EXACTX	100.00	100.00
A	SRR8610346	contig00050	sul1	AMR	SULFONAMIDE	EXACTX	100.00	100.00
A	SRR8610346	contig00050	aadA5	AMR	AMINOGLYCOSIDE	EXACTX	100.00	100.00
A	SRR8610346	contig00050	dfrA17	AMR	TRIMETHOPRIM	EXACTX	100.00	100.00
A	SRR8610346	contig00059	tet(A)	AMR	TETRACYCLINE	EXACTX	100.00	100.00
A	SRR8610346	contig00059	aph(6)-Id	AMR	AMINOGLYCOSIDE	EXACTX	100.00	100.00
A	SRR8610346	contig00059	aph(3'')-Ib	AMR	AMINOGLYCOSIDE	EXACTX	100.00	100.00
A	SRR8610346	contig00059	sul2	AMR	SULFONAMIDE	EXACTX	100.00	100.00
A	SRR8610355	contig00001	gyrA_D87N	POINT	QUINOLONE	POINTX	99.66	98.74
A	SRR8610355	contig00001	gyrA_S83L	POINT	QUINOLONE	POINTX	99.66	98.74
A	SRR8610355	contig00005	acrF	AMR	EFFLUX	BLASTX	100.00	99.71
A	SRR8610355	contig00008	parE_S458A	POINT	QUINOLONE	POINTX	100.00	99.68
A	SRR8610355	contig00008	parC_S80I	POINT	QUINOLONE	POINTX	100.00	99.87
A	SRR8610355	contig00009	blaEC	AMR	BETA-LACTAM	BLASTX	100.00	98.41
A	SRR8610355	contig00013	acrR_R192AfsTer52	POINT_DISRUPT	MULTIDRUG	POINTX	100.00	100.00
A	SRR8610355	contig00025	blaTEM-1	AMR	BETA-LACTAM	ALLELEX	100.00	100.00
A	SRR8610355	contig00033	mdtM	AMR	EFFLUX	BLASTX	100.00	97.07
A	SRR8610355	contig00038	mcr-1.1	AMR	COLISTIN	ALLELEX	100.00	100.00
A	SRR8610355	contig00049	mph(A)	AMR	MACROLIDE	EXACTX	100.00	100.00
A	SRR8610355	contig00049	mrx(A)	AMR	MACROLIDE	EXACTX	100.00	100.00
A	SRR8610355	contig00049	sul1	AMR	SULFONAMIDE	EXACTX	100.00	100.00
A	SRR8610355	contig00049	aadA5	AMR	AMINOGLYCOSIDE	EXACTX	100.00	100.00
A	SRR8610355	contig00049	dfrA17	AMR	TRIMETHOPRIM	EXACTX	100.00	100.00
A	SRR8610355	contig00058	sul2	AMR	SULFONAMIDE	EXACTX	100.00	100.00
A	SRR8610355	contig00058	aph(3'')-Ib	AMR	AMINOGLYCOSIDE	EXACTX	100.00	100.00
A	SRR8610355	contig00058	aph(6)-Id	AMR	AMINOGLYCOSIDE	EXACTX	100.00	100.00
A	SRR8610355	contig00058	tet(A)	AMR	TETRACYCLINE	EXACTX	100.00	100.00
A	SRR8885624	contig00001	acrF	AMR	EFFLUX	BLASTX	100.00	99.61
A	SRR8885624	contig00001	parE_S458A	POINT	QUINOLONE	POINTX	100.00	99.68
A	SRR8885624	contig00001	parC_S80I	POINT	QUINOLONE	POINTX	100.00	99.87
A	SRR8885624	contig00003	mdtM	AMR	EFFLUX	BLASTX	100.00	97.80
A	SRR8885624	contig00003	ftsI_N337NYRIN	POINT	BETA-LACTAM	POINTX	100.00	99.49
A	SRR8885624	contig00006	blaEC	AMR	BETA-LACTAM	BLASTX	100.00	98.41
A	SRR8885624	contig00008	gyrA_D87N	POINT	QUINOLONE	POINTX	99.66	98.97
A	SRR8885624	contig00008	gyrA_S83L	POINT	QUINOLONE	POINTX	99.66	98.97
A	SRR8885624	contig00008	ompC_R195L	POINT	BETA-LACTAM	POINTX	100.00	94.88
A	SRR8885624	contig00039	blaCMY-2	AMR	BETA-LACTAM	ALLELEX	100.00	100.00
A	SRR8885624	contig00042	mcr-9.2	AMR	COLISTIN	ALLELEX	100.00	100.00
A	SRR8885624	contig00047	blaCTX-M-9	AMR	BETA-LACTAM	ALLELEX	100.00	100.00
A	SRR8885624	contig00053	blaVIM-1	AMR	BETA-LACTAM	ALLELEX	100.00	100.00
A	SRR8885624	contig00053	aac(6')-Il	AMR	AMINOGLYCOSIDE	EXACTX	100.00	100.00
A	SRR8885624	contig00053	dfrA1	AMR	TRIMETHOPRIM	EXACTX	100.00	100.00
A	SRR8885624	contig00053	aadA1	AMR	AMINOGLYCOSIDE	BLASTX	95.06	96.40
A	SRR8885624	contig00054	sul2	AMR	SULFONAMIDE	EXACTX	100.00	100.00
A	SRR8885624	contig00054	aph(3'')-Ib	AMR	AMINOGLYCOSIDE	EXACTX	100.00	100.00
A	SRR8885624	contig00054	aph(6)-Id	AMR	AMINOGLYCOSIDE	EXACTX	100.00	100.00
A	SRR8885624	contig00055	mrx(A)	AMR	MACROLIDE	EXACTX	100.00	100.00
A	SRR8885624	contig00055	mph(A)	AMR	MACROLIDE	EXACTX	100.00	100.00
A	SRR8885624	contig00057	blaCTX-M-15	AMR	BETA-LACTAM	ALLELEX	100.00	100.00
A	SRR8885624	contig00058	aac(3)-IId	AMR	AMINOGLYCOSIDE	EXACTX	100.00	100.00
A	SRR8885624	contig00062	tet(B)	AMR	TETRACYCLINE	EXACTX	100.00	100.00
A	SRR8885624	contig00065	aac(6')-Ib-cr5	AMR	AMINOGLYCOSIDE/QUINOLONE	ALLELEX	100.00	100.00
A	SRR8885624	contig00065	blaOXA-1	AMR	BETA-LACTAM	ALLELEX	100.00	100.00
A	SRR8885624	contig00065	catB3	AMR	PHENICOL	PARTIALX	70.00	100.00
A	SRR8885624	contig00067	dfrA12	AMR	TRIMETHOPRIM	EXACTX	100.00	100.00
A	SRR8885624	contig00067	aadA2	AMR	AMINOGLYCOSIDE	EXACTX	100.00	100.00
A	SRR8885624	contig00075	blaTEM-1	AMR	BETA-LACTAM	ALLELEX	100.00	100.00
A	SRR8885624	contig00076	sul1	AMR	SULFONAMIDE	EXACTX	100.00	100.00
A	SRR8885624	contig00080	ant(2'')-Ia	AMR	AMINOGLYCOSIDE	EXACTX	100.00	100.00
A	SRR9099603	contig00001	nfsA_V105SfsTer5	POINT_DISRUPT	NITROFURAN	POINTX	100.00	99.58
A	SRR9099603	contig00002	blaEC	AMR	BETA-LACTAM	BLASTX	100.00	99.73
A	SRR9099603	contig00004	gyrA_S83L	POINT	QUINOLONE	POINTX	99.66	99.09
A	SRR9099603	contig00011	acrF	AMR	EFFLUX	PARTIALX	60.06	99.68
A	SRR9099603	contig00012	mdtM	AMR	EFFLUX	BLASTX	100.00	97.80
A	SRR9099603	contig00044	tet(A)	AMR	TETRACYCLINE	EXACTX	100.00	100.00
A	SRR9099603	contig00045	sul1	AMR	SULFONAMIDE	EXACTX	100.00	100.00
A	SRR9099603	contig00046	aadA2	AMR	AMINOGLYCOSIDE	EXACTX	100.00	100.00
A	SRR9099603	contig00046	estX-3	AMR	MACROLIDE	ALLELEX	100.00	100.00
A	SRR9099603	contig00046	blaTEM-1	AMR	BETA-LACTAM	ALLELEX	100.00	100.00
A	SRR9099603	contig00046	aac(3)-IId	AMR	AMINOGLYCOSIDE	EXACTX	100.00	100.00
A	SRR9099603	contig00050	dfrA14	AMR	TRIMETHOPRIM	EXACTX	100.00	100.00
A	SRR9099603	contig00050	mrx(A)	AMR	MACROLIDE	EXACTX	100.00	100.00
A	SRR9099603	contig00050	mph(A)	AMR	MACROLIDE	EXACTX	100.00	100.00
A	SRR9099603	contig00051	sul3	AMR	SULFONAMIDE	EXACTX	100.00	100.00
A	SRR9099603	contig00056	cmlA1	AMR	PHENICOL	PARTIALX	79.47	100.00
A	SRR9099603	contig00056	aph(3')-Ia	AMR	AMINOGLYCOSIDE	EXACTX	100.00	100.00
A	SRR9099603	contig00057	aph(3'')-Ib	AMR	AMINOGLYCOSIDE	EXACTX	100.00	100.00
A	SRR9099603	contig00057	aph(6)-Id	AMR	AMINOGLYCOSIDE	EXACTX	100.00	100.00
A	SRR9099603	contig00058	mcr-1.5	AMR	COLISTIN	ALLELEX	100.00	100.00
A	SRR9099603	contig00068	aadA1	AMR	AMINOGLYCOSIDE	EXACTX	100.00	100.00
A	SRR9099603	contig00069	dfrA1	AMR	TRIMETHOPRIM	EXACTX	100.00	100.00
A	SRR9099604	contig00001	gyrA_D87Y	POINT	QUINOLONE	POINTX	99.66	99.09
A	SRR9099604	contig00008	blaEC	AMR	BETA-LACTAM	BLASTX	100.00	98.67
A	SRR9099604	contig00015	acrF	AMR	EFFLUX	BLASTX	100.00	99.52
A	SRR9099604	contig00017	mdtM	AMR	EFFLUX	BLASTX	99.76	98.04
A	SRR9099604	contig00033	mcr-1.1	AMR	COLISTIN	ALLELEX	100.00	100.00
A	SRR9099604	contig00040	nfsA_L122QfsTer21	POINT_DISRUPT	NITROFURAN	POINTX	100.00	99.58
A	SRR9099604	contig00058	tet(A)	AMR	TETRACYCLINE	BLASTX	100.00	99.75
A	SRR9099604	contig00058	qnrS1	AMR	QUINOLONE	ALLELEX	100.00	100.00
A	SRR9099604	contig00063	sul3	AMR	SULFONAMIDE	EXACTX	100.00	100.00
A	SRR9099604	contig00063	estX-3	AMR	MACROLIDE	ALLELEX	100.00	100.00
A	SRR9099604	contig00070	dfrA14	AMR	TRIMETHOPRIM	EXACTX	100.00	100.00
A	SRR9099604	contig00070	mrx(A)	AMR	MACROLIDE	EXACTX	100.00	100.00
A	SRR9099604	contig00070	mph(A)	AMR	MACROLIDE	EXACTX	100.00	100.00
A	SRR9099604	contig00094	aac(3)-IIe	AMR	AMINOGLYCOSIDE	INTERNAL_STOP	100.00	98.60
A	SRR9099604	contig00101	blaTEM	AMR	BETA-LACTAM	PARTIAL_CONTIG_ENDX	53.85	100.00
A	SRR9099604	contig00130	aph(3')-Ia	AMR	AMINOGLYCOSIDE	PARTIAL_CONTIG_ENDX	53.14	100.00
A	SRR9099604	contig00131	aph(3')-Ia	AMR	AMINOGLYCOSIDE	PARTIAL_CONTIG_ENDX	53.14	100.00
P	DRR300282	contig00025	p0111_1	100.00	98.64
P	DRR300282	contig00049	IncFIB(AP001918)_1	100.00	98.39
P	DRR300282	contig00053	IncI1_1_Alpha	100.00	100.00
P	DRR300284	contig00020	IncY_1	100.00	98.95
P	DRR300284	contig00033	IncFIC(FII)_1	99.60	95.59
P	DRR300284	contig00042	IncX4_1	100.00	100.00
P	DRR300284	contig00048	IncI1_1_Alpha	100.00	100.00
P	DRR300284	contig00052	IncFIB(AP001918)_1	100.00	98.68
P	DRR300284	contig00063	IncFIA_1	71.91	100.00
P	DRR300284	contig00085	IncQ1_1	66.46	100.00
P	ERR10670886	contig00009	IncHI2A_1	100.00	99.52
P	ERR10670886	contig00009	IncHI2_1	100.00	100.00
P	ERR10670886	contig00163	IncQ1_1	66.46	100.00
P	ERR10670898	contig00051	IncX4_1	100.00	100.00
P	ERR10670898	contig00080	IncFIC(FII)_1	100.00	95.63
P	ERR12409409	contig00074	IncFIB(K)_1_Kpn3	100.00	99.64
P	ERR12409409	contig00076	repB(R1701)_1	100.00	99.20
P	ERR12409409	contig00126	IncFIA(HI1)_1_HI1	99.74	98.45
P	ERR13133281	contig00028	p0111_1	100.00	98.64
P	ERR13133281	contig00050	IncFIC(FII)_1	99.60	95.59
P	ERR13133281	contig00057	IncI1_1_Alpha	100.00	99.30
P	ERR13133281	contig00083	IncX1_4	100.00	100.00
P	ERR13133281	contig00091	IncFIB(AP001918)_1	100.00	98.39
P	ERR13133321	contig00034	IncFIC(FII)_1	99.60	95.59
P	ERR13133321	contig00041	IncX4_1	100.00	100.00
P	ERR13133321	contig00045	IncL/M(pOXA-48)_1_pOXA-48	100.00	100.00
P	ERR13133321	contig00050	IncR_1	100.00	100.00
P	ERR13133321	contig00052	IncFIB(AP001918)_1	100.00	98.68
P	ERR13952550	contig00018	IncFII(29)_1_pUTI89	100.00	99.61
P	ERR13952550	contig00018	IncFIB(AP001918)_1	100.00	96.63
P	ERR13952550	contig00028	IncHI2A_1	100.00	100.00
P	ERR13952550	contig00028	IncHI2_1	100.00	100.00
P	ERR13952550	contig00033	p0111_1	100.00	98.53
P	ERR13952550	contig00067	Col156_1	92.21	98.59
P	ERR13952550	contig00097	IncQ1_1	66.46	100.00
P	ERR13952704	contig00020	IncHI2A_1	100.00	100.00
P	ERR13952704	contig00035	IncY_1	100.00	99.74
P	ERR13952704	contig00038	IncFIB(pB171)_1_pB171	100.00	99.38
P	ERR13952704	contig00043	IncFII(pRSB107)_1_pRSB107	100.00	100.00
P	ERR15952774	contig00032	IncHI2_1	100.00	100.00
P	ERR15952774	contig00032	IncHI2A_1	100.00	100.00
P	ERR15952774	contig00089	Col(IRGK)_1	100.00	98.38
P	ERR4452414	contig00045	IncHI2A_1	100.00	100.00
P	ERR4452414	contig00045	IncHI2_1	100.00	100.00
P	ERR4452414	contig00058	IncFIA_1	100.00	99.74
P	ERR4452414	contig00062	IncFIB(AP001918)_1	100.00	98.39
P	ERR4452414	contig00073	IncFII(pAMA1167-NDM-5)_1_pAMA1167-NDM-5	100.00	100.00
P	ERR4452414	contig00113	IncQ1_1	66.46	100.00
P	ERR5696750	contig00047	IncHI2A_1	100.00	100.00
P	ERR5696750	contig00056	IncHI2_1	100.00	100.00
P	ERR5696750	contig00082	p0111_1	100.00	98.87
P	ERR5696750	contig00088	IncFIB(K)_1_Kpn3	100.00	99.46
P	ERR5696750	contig00115	Col(pHAD28)_1	88.55	95.69
P	ERR5696778	contig00021	IncY_1	100.00	100.00
P	ERR5696778	contig00026	IncHI2_1	100.00	100.00
P	ERR5696778	contig00026	IncHI2A_1	100.00	99.84
P	ERR5696778	contig00079	Col(MG828)_1	98.85	95.00
P	SRR10098861	contig00029	IncHI2_1	100.00	100.00
P	SRR10098861	contig00029	IncHI2A_1	100.00	99.52
P	SRR10098861	contig00057	IncX4_1	100.00	100.00
P	SRR10098861	contig00071	p0111_1	100.00	98.53
P	SRR10098861	contig00128	Col(pHAD28)_1	100.00	100.00
P	SRR10098861	contig00141	ColpVC_1	98.96	96.86
P	SRR10392137	contig00042	IncI2_1	100.00	100.00
P	SRR10392137	contig00075	IncFIC(FII)_1	99.60	95.59
P	SRR10392137	contig00079	IncFIA_1	68.56	100.00
P	SRR10392137	contig00085	IncFIB(AP001918)_1	100.00	98.39
P	SRR10420728	contig00049	IncX4_1	100.00	100.00
P	SRR10420728	contig00075	IncX1_1	100.00	98.66
P	SRR10420728	contig00102	Col(BS512)_1	100.00	100.00
P	SRR13376017	contig00034	IncB/O/K/Z_2	96.25	95.48
P	SRR13376017	contig00036	IncX1_1	100.00	98.66
P	SRR13376017	contig00053	IncHI2_1	100.00	100.00
P	SRR13376017	contig00055	IncFIB(AP001918)_1	100.00	97.36
P	SRR13376017	contig00082	IncHI2A_1	100.00	99.52
P	SRR13376017	contig00087	IncFIC(FII)_1	99.60	95.59
P	SRR13376017	contig00119	IncQ1_1	66.46	100.00
P	SRR24834186	contig00034	IncHI2_1	100.00	100.00
P	SRR24834186	contig00034	IncHI2A_1	100.00	99.52
P	SRR24834186	contig00051	IncI1_1_Alpha	100.00	99.30
P	SRR24834186	contig00052	IncX1_1	100.00	98.66
P	SRR24834186	contig00074	IncFII(29)_1_pUTI89	100.00	100.00
P	SRR32898997	contig00019	p0111_1	100.00	98.64
P	SRR32898997	contig00024	IncFIC(FII)_1	99.60	95.59
P	SRR32898997	contig00032	IncX4_1	100.00	100.00
P	SRR32898997	contig00035	IncFIB(AP001918)_1	100.00	98.39
P	SRR32898997	contig00047	IncFIA_1	71.91	100.00
P	SRR32898997	contig00048	IncI1_1_Alpha	100.00	100.00
P	SRR32899008	contig00026	p0111_1	100.00	98.31
P	SRR32899008	contig00033	IncI2_1_Delta	100.00	97.15
P	SRR32899008	contig00034	IncFIC(FII)_1	99.60	95.59
P	SRR32899008	contig00042	IncHI2_1	100.00	100.00
P	SRR32899008	contig00042	IncHI2A_1	100.00	99.52
P	SRR32899008	contig00044	IncB/O/K/Z_4	100.00	99.33
P	SRR32899008	contig00048	IncFIB(AP001918)_1	100.00	98.39
P	SRR32899008	contig00064	IncFIA_1	71.91	100.00
P	SRR32899008	contig00071	IncI1_1_Alpha	100.00	100.00
P	SRR32899019	contig00025	p0111_1	100.00	98.31
P	SRR32899019	contig00034	IncI2_1_Delta	100.00	97.15
P	SRR32899019	contig00035	IncFIC(FII)_1	99.60	95.59
P	SRR32899019	contig00041	IncHI2A_1	100.00	99.52
P	SRR32899019	contig00041	IncHI2_1	100.00	100.00
P	SRR32899019	contig00044	IncB/O/K/Z_4	100.00	99.33
P	SRR32899019	contig00048	IncFIB(AP001918)_1	100.00	98.39
P	SRR32899019	contig00064	IncFIA_1	71.91	100.00
P	SRR32899019	contig00072	IncI1_1_Alpha	100.00	100.00
P	SRR33015174	contig00043	IncFIA_1	98.97	99.74
P	SRR33015174	contig00076	Col(BS512)_1	100.00	99.57
P	SRR35975910	contig00025	p0111_1	100.00	98.42
P	SRR35975910	contig00032	IncFII(pRSB107)_1_pRSB107	100.00	96.18
P	SRR35975910	contig00040	IncI2_1_Delta	100.00	98.42
P	SRR35975910	contig00043	IncX4_1	100.00	100.00
P	SRR35975910	contig00063	IncI1_1_Alpha	100.00	100.00
P	SRR35975910	contig00077	IncFIB(AP001918)_1	100.00	98.39
P	SRR35975911	contig00022	IncL/M(pOXA-48)_1_pOXA-48	100.00	100.00
P	SRR35975911	contig00023	IncX1_1	100.00	98.93
P	SRR35975911	contig00024	IncX4_1	100.00	100.00
P	SRR35975911	contig00025	IncFIB(AP001918)_1	100.00	98.39
P	SRR5688544	contig00040	IncX4_1	100.00	100.00
P	SRR5688544	contig00044	IncFIA_1	100.00	99.74
P	SRR5688544	contig00051	IncFII(pRSB107)_1_pRSB107	100.00	100.00
P	SRR5688544	contig00053	IncR_1	100.00	100.00
P	SRR5688544	contig00067	IncFIB(AP001918)_1	100.00	98.39
P	SRR5688554	contig00014	IncHI2_1	100.00	100.00
P	SRR5688554	contig00014	IncHI2A_1	100.00	99.52
P	SRR5688554	contig00019	IncFIC(FII)_1	99.60	95.59
P	SRR5688554	contig00033	IncFIA_1	93.56	99.72
P	SRR5688554	contig00041	IncFIB(AP001918)_1	100.00	98.39
P	SRR5688555	contig00031	IncHI2_1	100.00	100.00
P	SRR5688555	contig00031	IncHI2A_1	100.00	99.52
P	SRR5688555	contig00043	IncFIA_1	100.00	99.74
P	SRR5688555	contig00063	IncFIB(AP001918)_1	100.00	98.39
P	SRR5688555	contig00072	IncQ1_1	66.46	100.00
P	SRR5688556	contig00030	IncHI2_1	100.00	100.00
P	SRR5688556	contig00039	IncHI2A_1	100.00	99.52
P	SRR5688556	contig00043	IncQ1_1	66.46	100.00
P	SRR5688556	contig00046	p0111_1	100.00	98.53
P	SRR8610327	contig00030	IncFIB(AP001918)_1	100.00	98.39
P	SRR8610327	contig00030	IncFII(pCoo)_1_pCoo	99.62	96.56
P	SRR8610327	contig00036	IncX4_1	100.00	100.00
P	SRR8610343	contig00028	IncFIB(AP001918)_1	100.00	98.39
P	SRR8610343	contig00028	IncFII(pCoo)_1_pCoo	99.62	96.56
P	SRR8610343	contig00039	IncX4_1	100.00	100.00
P	SRR8610346	contig00026	IncFIB(AP001918)_1	100.00	98.39
P	SRR8610346	contig00026	IncFII(pCoo)_1_pCoo	99.62	96.56
P	SRR8610346	contig00038	IncX4_1	100.00	100.00
P	SRR8610355	contig00025	IncFII(pCoo)_1_pCoo	99.62	96.56
P	SRR8610355	contig00025	IncFIB(AP001918)_1	100.00	98.39
P	SRR8610355	contig00038	IncX4_1	100.00	100.00
P	SRR8885624	contig00013	IncHI2A_1	100.00	100.00
P	SRR8885624	contig00013	IncHI2_1	100.00	100.00
P	SRR8885624	contig00020	p0111_1	100.00	98.08
P	SRR8885624	contig00038	IncFIA_1	100.00	99.74
P	SRR8885624	contig00045	IncFIB(AP001918)_1	100.00	98.39
P	SRR8885624	contig00050	IncFII(pAMA1167-NDM-5)_1_pAMA1167-NDM-5	100.00	100.00
P	SRR8885624	contig00054	IncQ1_1	66.46	100.00
P	SRR9099603	contig00027	IncI2_1	100.00	100.00
P	SRR9099603	contig00037	IncFIB(AP001918)_1	100.00	98.39
P	SRR9099603	contig00055	Col156_1	100.00	97.40
P	SRR9099604	contig00027	IncHI2A_1	100.00	99.52
P	SRR9099604	contig00027	IncHI2_1	100.00	100.00
P	SRR9099604	contig00029	IncI2_1	100.00	99.38
P	SRR9099604	contig00043	IncFII(pEH01)_1	100.00	99.17
P	SRR9099604	contig00044	IncX1_1	100.00	98.93
P	SRR9099604	contig00045	IncI1_1_Alpha	100.00	99.30
P	SRR9099604	contig00049	p0111_1	100.00	98.64
R	ncbi	DRR300282	contig00066	mcr-1.1	100.00	100.00
R	ncbi	DRR300284	contig00042	mcr-1.1	100.00	100.00
R	ncbi	ERR10670886	contig00046	mcr-1.1	100.00	100.00
R	ncbi	ERR10670898	contig00051	mcr-1.1	100.00	100.00
R	ncbi	ERR12409409	contig00104	mcr-10.1	100.00	100.00
R	ncbi	ERR13133281	contig00093	mcr-1.1	100.00	100.00
R	ncbi	ERR13133321	contig00041	mcr-1.1	100.00	100.00
R	ncbi	SRR10098861	contig00057	mcr-1.1	100.00	100.00
R	ncbi	SRR10392137	contig00060	mcr-1.1	100.00	100.00
R	ncbi	SRR10420728	contig00049	mcr-1.1	100.00	100.00
R	ncbi	SRR13376017	contig00020	mcr-1.1	100.00	100.00
R	ncbi	SRR32898997	contig00032	mcr-1.1	100.00	100.00
R	ncbi	SRR32899008	contig00091	mcr-1.1	96.68	100.00
R	ncbi	SRR32899019	contig00095	mcr-1.1	96.68	100.00
R	ncbi	SRR35975910	contig00043	mcr-1.1	100.00	100.00
R	ncbi	SRR35975911	contig00024	mcr-1.1	100.00	100.00
R	ncbi	SRR5688544	contig00040	mcr-1.1	100.00	100.00
R	ncbi	SRR5688554	contig00020	mcr-1.1	100.00	100.00
R	ncbi	SRR5688555	contig00018	mcr-1.1	100.00	100.00
R	ncbi	SRR5688556	contig00019	mcr-1.1	100.00	100.00
R	ncbi	SRR8610327	contig00036	mcr-1.1	100.00	100.00
R	ncbi	SRR8610343	contig00039	mcr-1.1	100.00	100.00
R	ncbi	SRR8610346	contig00038	mcr-1.1	100.00	100.00
R	ncbi	SRR8610355	contig00038	mcr-1.1	100.00	100.00
R	ncbi	SRR9099603	contig00058	mcr-1.5	100.00	100.00
R	ncbi	SRR9099604	contig00033	mcr-1.1	100.00	100.00
R	resfinder	DRR300282	contig00066	mcr-1.1_1	100.00	100.00
R	resfinder	DRR300284	contig00042	mcr-1.1_1	100.00	100.00
R	resfinder	ERR10670886	contig00046	mcr-1.1_1	100.00	100.00
R	resfinder	ERR10670898	contig00051	mcr-1.1_1	100.00	100.00
R	resfinder	ERR12409409	contig00104	mcr-10_1	100.00	100.00
R	resfinder	ERR13133281	contig00093	mcr-1.1_1	100.00	100.00
R	resfinder	ERR13133321	contig00041	mcr-1.1_1	100.00	100.00
R	resfinder	ERR13952550	contig00090	mcr-9.1_1	100.00	100.00
R	resfinder	ERR13952704	contig00028	mcr-9.1_1	100.00	100.00
R	resfinder	ERR15952774	contig00088	mcr-9.1_1	100.00	99.88
R	resfinder	ERR4452414	contig00098	mcr-9.1_1	100.00	100.00
R	resfinder	ERR5696750	contig00112	mcr-9.1_1	100.00	100.00
R	resfinder	ERR5696778	contig00073	mcr-9.1_1	100.00	100.00
R	resfinder	SRR10098861	contig00057	mcr-1.1_1	100.00	100.00
R	resfinder	SRR10392137	contig00060	mcr-1.1_1	100.00	100.00
R	resfinder	SRR10420728	contig00049	mcr-1.1_1	100.00	100.00
R	resfinder	SRR13376017	contig00020	mcr-1.1_1	100.00	100.00
R	resfinder	SRR32898997	contig00032	mcr-1.1_1	100.00	100.00
R	resfinder	SRR32899008	contig00091	mcr-1.1_1	96.68	100.00
R	resfinder	SRR32899019	contig00095	mcr-1.1_1	96.68	100.00
R	resfinder	SRR35975910	contig00043	mcr-1.1_1	100.00	100.00
R	resfinder	SRR35975911	contig00024	mcr-1.1_1	100.00	100.00
R	resfinder	SRR5688544	contig00040	mcr-1.1_1	100.00	100.00
R	resfinder	SRR5688554	contig00020	mcr-1.1_1	100.00	100.00
R	resfinder	SRR5688555	contig00018	mcr-1.1_1	100.00	100.00
R	resfinder	SRR5688556	contig00019	mcr-1.1_1	100.00	100.00
R	resfinder	SRR8610327	contig00036	mcr-1.1_1	100.00	100.00
R	resfinder	SRR8610343	contig00039	mcr-1.1_1	100.00	100.00
R	resfinder	SRR8610346	contig00038	mcr-1.1_1	100.00	100.00
R	resfinder	SRR8610355	contig00038	mcr-1.1_1	100.00	100.00
R	resfinder	SRR8885624	contig00042	mcr-9.2_1	100.00	100.00
R	resfinder	SRR9099603	contig00058	mcr-1.5_1	100.00	100.00
R	resfinder	SRR9099604	contig00033	mcr-1.1_1	100.00	100.00
M	DRR300282	ecoli_achtman_4	1011	adk(6)	fumC(4)	gyrB(159)	icd(44)	mdh(112)	purA(1)	recA(17)
M	DRR300284	ecoli_achtman_4	744	adk(10)	fumC(11)	gyrB(135)	icd(8)	mdh(8)	purA(8)	recA(2)
M	ERR10670886	ecoli_achtman_4	-	adk(168)	fumC(~184)	gyrB(53)	icd(140)	mdh(24)	purA(85)	recA(42)
M	ERR10670898	ecoli_achtman_4	484	adk(6)	fumC(11)	gyrB(4)	icd(10)	mdh(7)	purA(84)	recA(6)
M	ERR12409409	ecoli_achtman_4	206	adk(6)	fumC(7)	gyrB(5)	icd(1)	mdh(8)	purA(18)	recA(2)
M	ERR13133281	ecoli_achtman_4	359	adk(43)	fumC(41)	gyrB(15)	icd(90)	mdh(11)	purA(8)	recA(6)
M	ERR13133321	ecoli_achtman_4	1196	adk(6)	fumC(6)	gyrB(33)	icd(26)	mdh(11)	purA(8)	recA(2)
M	ERR13952550	ecoli_achtman_4	69	adk(21)	fumC(35)	gyrB(27)	icd(6)	mdh(5)	purA(5)	recA(4)
M	ERR13952704	ecoli_achtman_4	38	adk(4)	fumC(26)	gyrB(2)	icd(25)	mdh(5)	purA(5)	recA(19)
M	ERR15952774	ecoli_achtman_4	401	adk(1)	fumC(107)	gyrB(7)	icd(11)	mdh(7)	purA(3)	recA(7)
M	ERR4452414	ecoli_achtman_4	410	adk(6)	fumC(4)	gyrB(12)	icd(1)	mdh(20)	purA(18)	recA(7)
M	ERR5696750	ecoli_achtman_4	540	adk(6)	fumC(7)	gyrB(57)	icd(1)	mdh(8)	purA(8)	recA(2)
M	ERR5696778	ecoli_achtman_4	181	adk(8)	fumC(11)	gyrB(4)	icd(8)	mdh(7)	purA(8)	recA(6)
M	SRR10098861	ecoli_achtman_4	10	adk(10)	fumC(11)	gyrB(4)	icd(8)	mdh(8)	purA(8)	recA(2)
M	SRR10392137	ecoli_achtman_4	101	adk(43)	fumC(41)	gyrB(15)	icd(18)	mdh(11)	purA(7)	recA(6)
M	SRR10420728	ecoli_achtman_4	1638	adk(10)	fumC(11)	gyrB(4)	icd(12)	mdh(8)	purA(45)	recA(2)
M	SRR13376017	ecoli_achtman_4	117	adk(20)	fumC(45)	gyrB(41)	icd(43)	mdh(5)	purA(32)	recA(2)
M	SRR24834186	ecoli_achtman_4	38	adk(4)	fumC(26)	gyrB(2)	icd(25)	mdh(5)	purA(5)	recA(19)
M	SRR32898997	ecoli_achtman_4	6448	adk(6)	fumC(4)	gyrB(32)	icd(1)	mdh(9)	purA(8)	recA(6)
M	SRR32899008	ecoli_achtman_4	3941	adk(6)	fumC(511)	gyrB(4)	icd(10)	mdh(7)	purA(8)	recA(6)
M	SRR32899019	ecoli_achtman_4	3941	adk(6)	fumC(511)	gyrB(4)	icd(10)	mdh(7)	purA(8)	recA(6)
M	SRR33015174	ecoli_achtman_4	167	adk(10)	fumC(11)	gyrB(4)	icd(8)	mdh(8)	purA(13)	recA(2)
M	SRR35975910	ecoli_achtman_4	-	adk(99)	fumC(~1179)	gyrB(33)	icd(33)	mdh(24)	purA(8)	recA(7)
M	SRR35975911	ecoli_achtman_4	1011	adk(6)	fumC(4)	gyrB(159)	icd(44)	mdh(112)	purA(1)	recA(17)
M	SRR5688544	ecoli_achtman_4	2016	adk(6)	fumC(23)	gyrB(32)	icd(88)	mdh(9)	purA(26)	recA(7)
M	SRR5688554	ecoli_achtman_4	1485	adk(92)	fumC(231)	gyrB(87)	icd(96)	mdh(70)	purA(58)	recA(2)
M	SRR5688555	ecoli_achtman_4	69	adk(21)	fumC(35)	gyrB(27)	icd(6)	mdh(5)	purA(5)	recA(4)
M	SRR5688556	ecoli_achtman_4	10	adk(10)	fumC(11)	gyrB(4)	icd(8)	mdh(8)	purA(8)	recA(2)
M	SRR8610327	ecoli_achtman_4	46	adk(8)	fumC(7)	gyrB(1)	icd(8)	mdh(8)	purA(8)	recA(6)
M	SRR8610343	ecoli_achtman_4	46	adk(8)	fumC(7)	gyrB(1)	icd(8)	mdh(8)	purA(8)	recA(6)
M	SRR8610346	ecoli_achtman_4	46	adk(8)	fumC(7)	gyrB(1)	icd(8)	mdh(8)	purA(8)	recA(6)
M	SRR8610355	ecoli_achtman_4	46	adk(8)	fumC(7)	gyrB(1)	icd(8)	mdh(8)	purA(8)	recA(6)
M	SRR8885624	ecoli_achtman_4	410	adk(6)	fumC(4)	gyrB(12)	icd(1)	mdh(20)	purA(18)	recA(7)
M	SRR9099603	ecoli_achtman_4	9567	adk(6)	fumC(4)	gyrB(12)	icd(1106)	mdh(20)	purA(13)	recA(7)
M	SRR9099604	ecoli_achtman_4	155	adk(6)	fumC(4)	gyrB(14)	icd(16)	mdh(24)	purA(8)	recA(14)
H	GCA_009925195.1	sample_id	molecule_type	primary_cluster_id	secondary_cluster_id	contig_id	size	gc	md5	circularity_status	rep_type(s)	rep_type_accession(s)	relaxase_type(s)	relaxase_type_accession(s)	mpf_type	mpf_type_accession(s)	orit_type(s)	orit_accession(s)	predicted_mobility	mash_nearest_neighbor	mash_neighbor_distance	mash_neighbor_identification	repetitive_dna_id	repetitive_dna_type	filtering_reason
B	GCA_009925195.1	GCA_009925195.1	plasmid	AA738	AJ049	WHYY01000051.1 Escherichia coli strain 15CS-C-C NODE_51_length_21673_cov_325.716799, whole genome shotgun sequence	21673	0.4161860379273751	502528748cab5a0f23e9f87da094da24	incomplete	-	-	MOBP	MN232180_00018	-	-	-	-	-	MH522420	0.0110882	Salmonella enterica subsp. enterica serovar Typhimurium	-	-	-
B	GCA_014900925.1	GCA_014900925.1	plasmid	AA738	AJ047	JACVVS010000041.1 Escherichia coli strain A-1-11-3 scaffold_40, whole genome shotgun sequence	41463	0.415285917565058	8ff700ee00369147c591cf0d8753cdce	incomplete	rep_cluster_1088	000340__KU353730	-	-	MPF_F,MPF_F	NC_005211_00030,NC_021845_00017	-	-	-	CP023143	0.00550978	Escherichia coli	-	-	-
B	GCA_014900935.1	GCA_014900935.1	plasmid	AA738	AJ051	JACVVR010000028.1 Escherichia coli strain A-1-22-2 scaffold_27, whole genome shotgun sequence	60960	0.4132517471045638	24fe051fe81769364333f157d23a5a13	incomplete	rep_cluster_1088	000340__KU353730	-	-	MPF_F,MPF_F,MPF_F,MPF_F,MPF_T	NC_005211_00030,NC_021845_00017,NC_009838_00006,NC_005211_00005,NC_005211_00012	-	-	-	CP034820	0.00997914	Salmonella sp. SSDFZ54	-	-	-
B	GCA_014900955.1	GCA_014900955.1	plasmid	AA738	AJ051	JACVVT010000035.1 Escherichia coli strain A-1-10-1 scaffold_34, whole genome shotgun sequence	46466	0.41036456764085566	4a1b21e647333278a64aa42a5ce731e5	incomplete	rep_cluster_1088	000340__KU353730	-	-	MPF_F,MPF_F	NC_005211_00030,NC_021845_00017	-	-	-	KX434879	0.00715996	Klebsiella pneumoniae	-	-	-
B	GCA_020281985.1	GCA_020281985.1	plasmid	AA738	AJ047	JACZEQ010000043.1 Escherichia coli strain 82CH scaffold_42, whole genome shotgun sequence	23912	0.42522582803613246	4d75381281fc877f129c00b21ae3eef5	incomplete	-	-	MOBP	MF175187_00027	-	-	-	-	-	MH522426	0.0119383	Salmonella enterica subsp. enterica serovar Typhimurium	-	-	-
B	GCA_050106675.1	GCA_050106675.1	chromosome	-	-	JBNIJP010000124.1 Escherichia coli strain FKK19-219 NODE_124_covk_12.943986_covr_59.494_cutoff_31, whole genome shotgun sequence	7869	0.5019697547337654	9980aedb4711a290522e0dd5976b3f43	incomplete	-	-	-	-	-	-	-	-	-	CP026168	0.0903831	Leclercia sp. LSNIH1	-	-	-
B	GCA_050938555.1	GCA_050938555.1	plasmid	AA372	AI350	JBPBTL010000057.1 Escherichia coli strain PS03 PS03_mcr1_contig_57, whole genome shotgun sequence	9399	0.42770507500797955	d97d54de9a9d11f4430b2a91350b6057	incomplete	-	-	-	-	-	-	-	-	-	CP043036	0.00789262	Escherichia coli	-	-	-
B	GCA_050938575.1	GCA_050938575.1	plasmid	AA372	AI350	JBPBSG010000047.1 Escherichia coli strain S260 S260_mcr1_contig_47, whole genome shotgun sequence	24710	0.4273168757588021	010f8acff0f79349a98da8556788edba	incomplete	-	-	MOBP,MOBP	NC_022520_00030,CP039587_00013	-	-	-	-	-	CP031296	0.00834599	Escherichia coli	-	-	-
B	GCA_050938595.1	GCA_050938595.1	plasmid	AA372	AI350	JBPBSI010000035.1 Escherichia coli strain PS41 E.coli_PS41_contig_35, whole genome shotgun sequence	10389	0.42602752911733566	2d0f28144b9a8b5780370ab6e91b8d05	incomplete	-	-	-	-	-	-	-	-	-	CP031296	0.00611156	Escherichia coli	-	-	-
B	GCA_050938735.1	GCA_050938735.1	plasmid	AA372	AI350	JBPBSO010000088.1 Escherichia coli strain PS35 PS35_contig_88, whole genome shotgun sequence	2901	0.4643226473629783	069a81b104abc2668a1930b6aedaf211	incomplete	-	-	-	-	-	-	-	-	-	MG946761	0.00960897	Escherichia coli	KY689632	ISApl1	repetitve element
B	GCA_050938775.1	GCA_050938775.1	plasmid	AA372	AI350	JBPBSQ010000054.1 Escherichia coli strain PS27 E.coli_PS27_contig_54, whole genome shotgun sequence	13233	0.42718960175319276	a9dbb44752167cc8f1ad5f80cd4eefb4	incomplete	-	-	-	-	-	-	-	-	-	CP042471	0.000508006	Escherichia coli	-	-	-
B	GCA_050938885.1	GCA_050938885.1	plasmid	AA372	AI350	JBPBSY010000037.1 Escherichia coli strain PS16 E.coli_PS16_contig_37, whole genome shotgun sequence	38260	0.42895974908520645	a641ede49d43e622eff9e4319dcc1961	incomplete	-	-	-	-	MPF_T,MPF_T,MPF_T,MPF_T	NC_020270_00058,NC_019039_00051,NC_019039_00052,NC_020270_00063	-	-	-	MK542639	0.00427048	Escherichia coli	-	-	-
B	GCA_050939055.1	GCA_050939055.1	plasmid	AA372	AI350	JBPBSF010000037.1 Escherichia coli strain S261 E.coli_S261_contig_37, whole genome shotgun sequence	12730	0.42505891594658285	614d4ea2fa2d0f3a230150fb4695a28e	incomplete	-	-	-	-	-	-	-	-	-	CP031296	0.00752278	Escherichia coli	-	-	-
B	GCA_050939075.1	GCA_050939075.1	plasmid	AA372	AI350	JBPBSH010000051.1 Escherichia coli strain PS42 PS42_mcr1_contig_51, whole genome shotgun sequence	12726	0.42534967782492533	140fe1a1151aa3cff7050bfac42d4f64	incomplete	-	-	-	-	-	-	-	-	-	CP031296	0.00590877	Escherichia coli	-	-	-
B	GCA_050939315.1	GCA_050939315.1	plasmid	AA372	AI350	JBPBSA010000057.1 Escherichia coli strain PS49 PS49_mcr1_contig_57, whole genome shotgun sequence	12719	0.4251120371098357	127c1931220d84c856ae8cda4aa49097	incomplete	-	-	-	-	-	-	-	-	-	CP031296	0.00570819	Escherichia coli	-	-	-
B	GCA_050939515.1	GCA_050939515.1	plasmid	AA372	AI350	JBPBRR010000058.1 Escherichia coli strain S11 E.coli_S11_contig_58, whole genome shotgun sequence	23976	0.4163747080413747	59115e5555b58ab4c5739aa96ff4febb	incomplete	-	-	MOBP	NC_022520_00030	-	-	-	-	-	CP031296	0.00759618	Escherichia coli	-	-	-
B	GCA_977857605.1	GCA_977857605.1	plasmid	AA998	AJ515	CDWHEH010000028.1 Escherichia coli isolate CDAK158 genome assembly, contig: NODE_28_covk_20.101456_covr_57.557_cutoff_32, whole genome shotgun sequence	59859	0.4704555705908886	df0c3d3434d10b003edc2c9ff56eeeac	incomplete	-	-	MOBH	NC_013365_00169	MPF_F,MPF_F	NC_002305_00127,NC_002305_00120	-	-	-	MN101856	0.00715996	Escherichia coli	-	-	-