DRR300282	2900758	563444286	2794262	532807021	0.907558
DRR300284	2639502	530595904	2586060	516333402	0.92524
ERR10670886	826290	170837603	800766	165868019	0.904348
ERR10670898	1350822	268650370	1285198	253170078	0.880825
ERR12409409	3699732	535836414	3337744	483428592	0.800461
ERR13133281	9972094	997209400	9863800	984175648	0.946476
ERR13133321	9369870	936987000	9258078	924335314	0.944183
ERR13952550	2634068	397744268	2614736	394713510	0.918202
ERR13952704	3257960	491951960	3239460	488974944	0.925206
ERR15952774	3012280	454854280	2984474	450595590	0.936377
ERR4452414	4746196	479365796	4452688	405012288	0.971396
ERR5696750	2878986	431847900	2734118	407621316	0.860923
ERR5696778	4471784	670767600	4287424	641449928	0.88575
SRR10098861	2489866	581959800	2378362	555608233	0.929742
SRR10392137	2788594	352415516	2454700	313635025	0.828542
SRR10420728	1455274	345183443	1351150	320130038	0.907642
SRR13376017	5004274	1094361708	4556566	990675194	0.920403
SRR24834186	15758162	2379482462	15561828	2311793095	0.93481
SRR32898997	21219298	3150642320	20974566	3122382561	0.962312
SRR32899008	13939624	2061375525	13786722	2044251292	0.966807
SRR32899019	8912294	1316762429	8806430	1305007652	0.96574
SRR33015174	2708694	711978959	2597412	678585485	0.861319
SRR35975910	19169094	2875364100	18805864	2664629887	0.880537
SRR35975911	33325938	4998890700	32665186	4645908303	0.875314
SRR5688544	2632188	510848315	2530560	496337763	0.912941
SRR5688554	1567030	322949225	1510798	312743342	0.904442
SRR5688555	3098200	657717607	3011550	639807269	0.905841
SRR5688556	1012832	210193044	981210	204489457	0.905473
SRR8610327	21169994	3196669094	21109752	3180220940	0.942173
SRR8610343	16946116	2558863516	16824886	2535057269	0.918924
SRR8610346	25180418	3802243118	25095712	3783837984	0.939286
SRR8610355	23917202	3611497502	23795624	3588366071	0.928716
SRR8885624	8158394	1214690480	7812150	1162839238	0.863733
SRR9099603	762976	188496427	727216	179694429	0.88313
SRR9099604	1057562	261350395	618206	150958013	0.731645
