A	GCA_007993675.2	CP042470.1	mcr-1.1	ALLELEX	100.00	100.00
A	GCA_007993675.2	CP042471.2	mcr-1.1	ALLELEX	100.00	100.00
A	GCA_009925145.1	WHYU01000041.1	mcr-1.1	ALLELEX	100.00	100.00
A	GCA_009925165.1	WHYW01000038.1	mcr-1.1	ALLELEX	100.00	100.00
A	GCA_009925175.1	WHYV01000041.1	mcr-1.1	ALLELEX	100.00	100.00
A	GCA_009925195.1	WHYY01000051.1	mcr-1.1	ALLELEX	100.00	100.00
A	GCA_009925485.1	WHZL01000037.1	mcr-1.1	ALLELEX	100.00	100.00
A	GCA_009925505.1	WHZO01000015.1	mcr-1.1	ALLELEX	100.00	100.00
A	GCA_009925515.1	WHZM01000052.1	mcr-1.1	ALLELEX	100.00	100.00
A	GCA_013187405.1	JABMLY010000026.1	mcr-1.1	ALLELEX	100.00	100.00
A	GCA_013187505.1	JABMMA010000028.1	mcr-1.1	ALLELEX	100.00	100.00
A	GCA_013187515.1	JABMLX010000038.1	mcr-1.1	ALLELEX	100.00	100.00
A	GCA_013618585.1	JABSOB010000054.1	mcr-1.1	ALLELEX	100.00	100.00
A	GCA_013618615.1	JABSNZ010000042.1	mcr-1.1	ALLELEX	100.00	100.00
A	GCA_014900915.1	JACVVU010000005.1	mcr-1.1	ALLELEX	100.00	100.00
A	GCA_014900925.1	JACVVS010000041.1	mcr-1.1	ALLELEX	100.00	100.00
A	GCA_014900935.1	JACVVR010000028.1	mcr-1.1	ALLELEX	100.00	100.00
A	GCA_014900945.1	JACVVV010000005.1	mcr-1.1	ALLELEX	100.00	100.00
A	GCA_014900955.1	JACVVT010000035.1	mcr-1.1	ALLELEX	100.00	100.00
A	GCA_020281985.1	JACZEQ010000043.1	mcr-1.1	ALLELEX	100.00	100.00
A	GCA_028882105.2	JARBTG020000002.1	mcr-1.1	ALLELEX	100.00	100.00
A	GCA_029953225.1	JASATV010000003.1	mcr-1.1	ALLELEX	100.00	100.00
A	GCA_033342895.1	JAWPEQ010000002.1	mcr-1.1	ALLELEX	100.00	100.00
A	GCA_045037815.1	CP173551.1	mcr-1	PARTIAL_CONTIG_ENDX	71.53	100.00
A	GCA_050106675.1	JBNIJP010000124.1	mcr-9.1	ALLELEX	100.00	100.00
A	GCA_050938395.1	JBPBSW010000027.1	mcr-1.1	ALLELEX	100.00	100.00
A	GCA_050938415.1	JBPBTA010000026.1	mcr-1.1	ALLELEX	100.00	100.00
A	GCA_050938435.1	JBPBSX010000028.1	mcr-1.1	ALLELEX	100.00	100.00
A	GCA_050938475.1	JBPBTC010000022.1	mcr-1.1	ALLELEX	100.00	100.00
A	GCA_050938495.1	JBPBTE010000027.1	mcr-1.1	ALLELEX	100.00	100.00
A	GCA_050938515.1	JBPBTH010000029.1	mcr-1.1	ALLELEX	100.00	100.00
A	GCA_050938535.1	JBPBTF010000027.1	mcr-1.1	ALLELEX	100.00	100.00
A	GCA_050938555.1	JBPBTL010000057.1	mcr-1.1	ALLELEX	100.00	100.00
A	GCA_050938575.1	JBPBSG010000047.1	mcr-1.1	ALLELEX	100.00	100.00
A	GCA_050938595.1	JBPBSI010000035.1	mcr-1.1	ALLELEX	100.00	100.00
A	GCA_050938735.1	JBPBSO010000088.1	mcr-1.5	ALLELEX	100.00	100.00
A	GCA_050938755.1	JBPBSU010000026.1	mcr-1.1	ALLELEX	100.00	100.00
A	GCA_050938775.1	JBPBSQ010000054.1	mcr-1.1	ALLELEX	100.00	100.00
A	GCA_050938795.1	JBPBSP010000030.1	mcr-1.1	ALLELEX	100.00	100.00
A	GCA_050938815.1	JBPBSZ010000029.1	mcr-1.1	ALLELEX	100.00	100.00
A	GCA_050938835.1	JBPBSS010000027.1	mcr-1.1	ALLELEX	100.00	100.00
A	GCA_050938855.1	JBPBST010000026.1	mcr-1.1	ALLELEX	100.00	100.00
A	GCA_050938875.1	JBPBSV010000030.1	mcr-1.1	ALLELEX	100.00	100.00
A	GCA_050938885.1	JBPBSY010000037.1	mcr-1.1	ALLELEX	100.00	100.00
A	GCA_050938935.1	JBPBTB010000029.1	mcr-1.1	ALLELEX	100.00	100.00
A	GCA_050938975.1	JBPBSN010000027.1	mcr-1.1	ALLELEX	100.00	100.00
A	GCA_050939015.1	JBPBSL010000030.1	mcr-1.1	ALLELEX	100.00	100.00
A	GCA_050939035.1	JBPBSR010000027.1	mcr-1.1	ALLELEX	100.00	100.00
A	GCA_050939055.1	JBPBSF010000037.1	mcr-1.1	ALLELEX	100.00	100.00
A	GCA_050939075.1	JBPBSH010000051.1	mcr-1.1	ALLELEX	100.00	100.00
A	GCA_050939115.1	JBPBRN010000029.1	mcr-1.1	ALLELEX	100.00	100.00
A	GCA_050939135.1	JBPBRM010000030.1	mcr-1.1	ALLELEX	100.00	100.00
A	GCA_050939155.1	JBPBTJ010000028.1	mcr-1.1	ALLELEX	100.00	100.00
A	GCA_050939175.1	JBPBTN010000027.1	mcr-1.1	ALLELEX	100.00	100.00
A	GCA_050939195.1	JBPBTK010000028.1	mcr-1.1	ALLELEX	100.00	100.00
A	GCA_050939215.1	JBPBTM010000028.1	mcr-1.1	ALLELEX	100.00	100.00
A	GCA_050939235.1	JBPBRZ010000032.1	mcr-1.1	ALLELEX	100.00	100.00
A	GCA_050939295.1	JBPBSK010000030.1	mcr-1.1	ALLELEX	100.00	100.00
A	GCA_050939315.1	JBPBSA010000057.1	mcr-1.1	ALLELEX	100.00	100.00
A	GCA_050939335.1	JBPBSE010000026.1	mcr-1.1	ALLELEX	100.00	100.00
A	GCA_050939375.1	JBPBRV010000028.1	mcr-1.1	ALLELEX	100.00	100.00
A	GCA_050939415.1	JBPBRX010000033.1	mcr-1.1	ALLELEX	100.00	100.00
A	GCA_050939515.1	JBPBRR010000058.1	mcr-1.1	ALLELEX	100.00	100.00
A	GCA_050939535.1	JBPBRY010000027.1	mcr-1.1	ALLELEX	100.00	100.00
A	GCA_051305755.1	JBPPKP010000005.1	mcr-1.1	ALLELEX	100.00	100.00
A	GCA_053044225.1	JBIZWJ010000031.1	mcr-1.1	ALLELEX	100.00	100.00
A	GCA_053044235.1	JBIZWI010000025.1	mcr-1.1	ALLELEX	100.00	100.00
A	GCA_053044255.1	JBIZWK010000029.1	mcr-1.1	ALLELEX	100.00	100.00
A	GCA_053044345.1	JBIZWH010000027.1	mcr-1.1	ALLELEX	100.00	100.00
A	GCA_053044365.1	JBIZWG010000030.1	mcr-1.1	ALLELEX	100.00	100.00
A	GCA_053291725.1	JBRXEK010000027.1	mcr-1.1	ALLELEX	100.00	100.00
A	GCA_054353075.1	JBTHIR010000026.1	mcr-1.1	ALLELEX	100.00	100.00
A	GCA_055786505.1	JBVVAY010000004.1	mcr-1.1	ALLELEX	100.00	100.00
A	GCA_055786575.1	JBVVBC010000001.1	mcr-1.1	ALLELEX	100.00	100.00
A	GCA_055786625.1	JBVVBF010000002.1	mcr-1.1	ALLELEX	100.00	100.00
A	GCA_056711405.1	JBWXYB010000003.1	mcr-1.1	ALLELEX	100.00	100.00
A	GCA_056837825.1	JBTFHE010000003.1	mcr-1.1	ALLELEX	100.00	100.00
A	GCA_056837865.1	JBTFHF010000004.1	mcr-1.1	ALLELEX	100.00	100.00
A	GCA_056837885.1	JBTFHG010000004.1	mcr-1.1	ALLELEX	100.00	100.00
A	GCA_056837905.1	JBTFHH010000004.1	mcr-1.1	ALLELEX	100.00	100.00
A	GCA_056837925.1	JBTFHI010000003.1	mcr-1.1	ALLELEX	100.00	100.00
A	GCA_056837925.1	JBTFHI010000003.1	mcr-1.1	ALLELEX	100.00	100.00
A	GCA_056837985.1	JBTFHJ010000006.1	mcr-1.1	ALLELEX	100.00	100.00
A	GCA_977857605.1	CDWHEH010000028.1	mcr-1.1	ALLELEX	100.00	100.00
A	GCA_988286365.1	ENA|CGBNHJ010000002|CGBNHJ010000002.1	mcr-1.1	ALLELEX	100.00	100.00
A	DRR300282	contig00066	mcr-1.1	ALLELEX	100.00	100.00
A	DRR300284	contig00042	mcr-1.1	ALLELEX	100.00	100.00
A	ERR10670886	contig00046	mcr-1.1	ALLELEX	100.00	100.00
A	ERR10670898	contig00051	mcr-1.1	ALLELEX	100.00	100.00
A	ERR12409409	contig00104	mcr-10.1	ALLELEX	100.00	100.00
A	ERR13133281	contig00093	mcr-1.1	ALLELEX	100.00	100.00
A	ERR13133321	contig00041	mcr-1.1	ALLELEX	100.00	100.00
A	ERR13952550	contig00090	mcr-9.1	ALLELEX	100.00	100.00
A	ERR13952704	contig00028	mcr-9.1	ALLELEX	100.00	100.00
A	ERR15952774	contig00088	mcr-9	BLASTX	100.00	99.81
A	ERR4452414	contig00098	mcr-9.1	ALLELEX	100.00	100.00
A	ERR5696750	contig00112	mcr-9.1	ALLELEX	100.00	100.00
A	ERR5696778	contig00073	mcr-9.1	ALLELEX	100.00	100.00
A	SRR10098861	contig00057	mcr-1.1	ALLELEX	100.00	100.00
A	SRR10392137	contig00060	mcr-1.1	ALLELEX	100.00	100.00
A	SRR10420728	contig00049	mcr-1.1	ALLELEX	100.00	100.00
A	SRR13376017	contig00020	mcr-1.1	ALLELEX	100.00	100.00
A	SRR24834186	contig00072	mcr-1	PARTIALX	61.48	100.00
A	SRR32898997	contig00032	mcr-1.1	ALLELEX	100.00	100.00
A	SRR32899008	contig00091	mcr-1	BLASTX	96.86	100.00
A	SRR32899019	contig00095	mcr-1	BLASTX	96.86	100.00
A	SRR33015174	contig00095	mcr-1	PARTIAL_CONTIG_ENDX	52.78	100.00
A	SRR35975910	contig00043	mcr-1.1	ALLELEX	100.00	100.00
A	SRR35975911	contig00024	mcr-1.1	ALLELEX	100.00	100.00
A	SRR5688544	contig00040	mcr-1.1	ALLELEX	100.00	100.00
A	SRR5688554	contig00020	mcr-1.1	ALLELEX	100.00	100.00
A	SRR5688555	contig00018	mcr-1.1	ALLELEX	100.00	100.00
A	SRR5688556	contig00019	mcr-1.1	ALLELEX	100.00	100.00
A	SRR8610327	contig00036	mcr-1.1	ALLELEX	100.00	100.00
A	SRR8610343	contig00039	mcr-1.1	ALLELEX	100.00	100.00
A	SRR8610346	contig00038	mcr-1.1	ALLELEX	100.00	100.00
A	SRR8610355	contig00038	mcr-1.1	ALLELEX	100.00	100.00
A	SRR8885624	contig00042	mcr-9.2	ALLELEX	100.00	100.00
A	SRR9099603	contig00058	mcr-1.5	ALLELEX	100.00	100.00
A	SRR9099604	contig00033	mcr-1.1	ALLELEX	100.00	100.00
A	GCA_006348965.1	VAUC01000036.1	mcr-1.1	ALLELEX	100.00	100.00
P	GCA_007993675.2	CP042470.1	IncHI2_1
P	GCA_007993675.2	CP042470.1	IncFIB(AP001918)_1
P	GCA_007993675.2	CP042470.1	IncI2_1
P	GCA_007993675.2	CP042470.1	IncX1_1
P	GCA_007993675.2	CP042471.2	IncI2_1
P	GCA_009925145.1	WHYU01000010.1	IncFII(pCoo)_1_pCoo
P	GCA_009925145.1	WHYU01000010.1	IncFIB(AP001918)_1
P	GCA_009925145.1	WHYU01000041.1	IncX4_1
P	GCA_009925165.1	WHYW01000025.1	IncFII(pCoo)_1_pCoo
P	GCA_009925165.1	WHYW01000025.1	IncFIB(AP001918)_1
P	GCA_009925165.1	WHYW01000038.1	IncX4_1
P	GCA_009925175.1	WHYV01000027.1	IncFII(pCoo)_1_pCoo
P	GCA_009925175.1	WHYV01000027.1	IncFIB(AP001918)_1
P	GCA_009925175.1	WHYV01000041.1	IncX4_1
P	GCA_009925195.1	WHYY01000027.1	IncHI2A_1
P	GCA_009925195.1	WHYY01000027.1	IncHI2_1
P	GCA_009925195.1	WHYY01000033.1	IncI2_1_Delta
P	GCA_009925195.1	WHYY01000038.1	IncN_1
P	GCA_009925195.1	WHYY01000048.1	IncFIB(AP001918)_1
P	GCA_009925195.1	WHYY01000049.1	IncFIC(FII)_1
P	GCA_009925195.1	WHYY01000052.1	IncI1_1_Alpha
P	GCA_009925195.1	WHYY01000063.1	IncX1_1
P	GCA_009925485.1	WHZL01000004.1	IncFIB(AP001918)_1
P	GCA_009925485.1	WHZL01000004.1	IncFII(pCoo)_1_pCoo
P	GCA_009925485.1	WHZL01000037.1	IncX4_1
P	GCA_009925505.1	WHZO01000015.1	IncX4_1
P	GCA_009925505.1	WHZO01000033.1	IncFIB(AP001918)_1
P	GCA_009925515.1	WHZM01000001.1	IncFIB(AP001918)_1
P	GCA_009925515.1	WHZM01000001.1	IncFII(pCoo)_1_pCoo
P	GCA_009925515.1	WHZM01000052.1	IncX4_1
P	GCA_013187405.1	JABMLY010000019.1	IncFIB(AP001918)_1
P	GCA_013187405.1	JABMLY010000026.1	IncX4_1
P	GCA_013187405.1	JABMLY010000028.1	IncX1_1
P	GCA_013187405.1	JABMLY010000035.1	IncFIC(FII)_1
P	GCA_013187405.1	JABMLY010000070.1	IncFIA_1
P	GCA_013187505.1	JABMMA010000020.1	IncFIA_1
P	GCA_013187505.1	JABMMA010000021.1	IncFIB(AP001918)_1
P	GCA_013187505.1	JABMMA010000028.1	IncX4_1
P	GCA_013187505.1	JABMMA010000033.1	IncX1_1
P	GCA_013187505.1	JABMMA010000040.1	IncFIC(FII)_1
P	GCA_013187515.1	JABMLX010000025.1	IncFIB(AP001918)_1
P	GCA_013187515.1	JABMLX010000038.1	IncX4_1
P	GCA_013187515.1	JABMLX010000058.1	p0111_1
P	GCA_013618585.1	JABSOB010000054.1	IncX4_1
P	GCA_013618585.1	JABSOB010000064.1	IncFIB(AP001918)_1
P	GCA_013618585.1	JABSOB010000137.1	p0111_1
P	GCA_013618615.1	JABSNZ010000042.1	IncX4_1
P	GCA_013618615.1	JABSNZ010000045.1	IncX1_1
P	GCA_013618615.1	JABSNZ010000046.1	p0111_1
P	GCA_013618615.1	JABSNZ010000055.1	IncFIB(AP001918)_1
P	GCA_014900915.1	JACVVU010000005.1	IncHI2_1
P	GCA_014900915.1	JACVVU010000005.1	IncHI2A_1
P	GCA_014900915.1	JACVVU010000032.1	IncFII(pCoo)_1_pCoo
P	GCA_014900915.1	JACVVU010000046.1	IncFIB(AP001918)_1
P	GCA_014900915.1	JACVVU010000051.1	IncFIA_1
P	GCA_014900915.1	JACVVU010000073.1	IncFIC(FII)_1
P	GCA_014900925.1	JACVVS010000027.1	p0111_1
P	GCA_014900925.1	JACVVS010000054.1	IncI1_1_Alpha
P	GCA_014900925.1	JACVVS010000066.1	IncHI2_1
P	GCA_014900925.1	JACVVS010000079.1	IncX1_1
P	GCA_014900925.1	JACVVS010000089.1	IncFIB(AP001918)_1
P	GCA_014900925.1	JACVVS010000095.1	IncN_1
P	GCA_014900925.1	JACVVS010000099.1	IncHI2A_1
P	GCA_014900925.1	JACVVS010000154.1	Col(MG828)_1
P	GCA_014900935.1	JACVVR010000017.1	p0111_1
P	GCA_014900935.1	JACVVR010000026.1	IncI1_1_Alpha
P	GCA_014900935.1	JACVVR010000042.1	IncHI2_1
P	GCA_014900935.1	JACVVR010000068.1	IncX1_1
P	GCA_014900935.1	JACVVR010000072.1	IncFIB(AP001918)_1
P	GCA_014900935.1	JACVVR010000080.1	IncN_1
P	GCA_014900935.1	JACVVR010000084.1	IncHI2A_1
P	GCA_014900935.1	JACVVR010000140.1	Col(MG828)_1
P	GCA_014900945.1	JACVVV010000005.1	IncHI2_1
P	GCA_014900945.1	JACVVV010000005.1	IncHI2A_1
P	GCA_014900945.1	JACVVV010000033.1	IncFII(pCoo)_1_pCoo
P	GCA_014900945.1	JACVVV010000049.1	IncFIB(AP001918)_1
P	GCA_014900945.1	JACVVV010000055.1	IncFIA_1
P	GCA_014900945.1	JACVVV010000075.1	IncFIC(FII)_1
P	GCA_014900955.1	JACVVT010000017.1	p0111_1
P	GCA_014900955.1	JACVVT010000026.1	IncI1_1_Alpha
P	GCA_014900955.1	JACVVT010000058.1	IncHI2_1
P	GCA_014900955.1	JACVVT010000068.1	IncX1_1
P	GCA_014900955.1	JACVVT010000075.1	IncFIB(AP001918)_1
P	GCA_014900955.1	JACVVT010000080.1	IncN_1
P	GCA_014900955.1	JACVVT010000085.1	IncHI2A_1
P	GCA_014900955.1	JACVVT010000140.1	Col(MG828)_1
P	GCA_020281985.1	JACZEQ010000025.1	IncHI2_1
P	GCA_020281985.1	JACZEQ010000025.1	IncHI2A_1
P	GCA_020281985.1	JACZEQ010000033.1	IncI2_1
P	GCA_020281985.1	JACZEQ010000058.1	IncFIC(FII)_1
P	GCA_020281985.1	JACZEQ010000067.1	IncFIB(AP001918)_1
P	GCA_020281985.1	JACZEQ010000070.1	IncFII(29)_1_pUTI89
P	GCA_020281985.1	JACZEQ010000081.1	IncQ1_1
P	GCA_020281985.1	JACZEQ010000117.1	IncB/O/K/Z_2
P	GCA_020281985.1	JACZEQ010000143.1	IncFIA_1
P	GCA_028882105.2	JARBTG020000002.1	IncHI2_1
P	GCA_028882105.2	JARBTG020000002.1	IncQ1_1
P	GCA_028882105.2	JARBTG020000002.1	IncHI2A_1
P	GCA_029953225.1	JASATV010000002.1	IncFIC(FII)_1
P	GCA_029953225.1	JASATV010000003.1	IncX4_1
P	GCA_033342895.1	JAWPEQ010000002.1	IncHI2_1
P	GCA_033342895.1	JAWPEQ010000002.1	IncQ1_1
P	GCA_033342895.1	JAWPEQ010000002.1	IncHI2A_1
P	GCA_045037815.1	CP173548.1	IncFIB(Mar)_1_pNDM-Mar
P	GCA_045037815.1	CP173548.1	IncFIB(Mar)_1_pNDM-Mar
P	GCA_045037815.1	CP173549.1	IncHI1B_1_pNDM-MAR
P	GCA_045037815.1	CP173551.1	IncX4_1
P	GCA_045037815.1	CP173552.1	IncFIB(AP001918)_1
P	GCA_045037815.1	CP173552.1	IncFII_1
P	GCA_045037815.1	CP173553.1	IncHI2A_1
P	GCA_045037815.1	CP173553.1	IncHI2_1
P	GCA_045037815.1	CP173555.1	IncI1_1_Alpha
P	GCA_050106675.1	JBNIJP010000001.1	IncHI2A_1
P	GCA_050106675.1	JBNIJP010000001.1	IncHI2_1
P	GCA_050106675.1	JBNIJP010000027.1	IncX1_1
P	GCA_050106675.1	JBNIJP010000075.1	IncFIB(AP001918)_1
P	GCA_050938395.1	JBPBSW010000019.1	p0111_1
P	GCA_050938395.1	JBPBSW010000024.1	IncFIC(FII)_1
P	GCA_050938395.1	JBPBSW010000027.1	IncI2_1_Delta
P	GCA_050938395.1	JBPBSW010000043.1	IncFIB(AP001918)_1
P	GCA_050938415.1	JBPBTA010000009.1	IncHI2_1
P	GCA_050938415.1	JBPBTA010000009.1	IncHI2A_1
P	GCA_050938415.1	JBPBTA010000026.1	IncI2_1_Delta
P	GCA_050938435.1	JBPBSX010000028.1	IncI2_1_Delta
P	GCA_050938435.1	JBPBSX010000050.1	IncX1_1
P	GCA_050938435.1	JBPBSX010000075.1	p0111_1
P	GCA_050938435.1	JBPBSX010000095.1	IncI1_1_Alpha
P	GCA_050938475.1	JBPBTC010000022.1	IncI2_1
P	GCA_050938475.1	JBPBTC010000036.1	IncFIA_1
P	GCA_050938475.1	JBPBTC010000049.1	IncFIB(AP001918)_1
P	GCA_050938495.1	JBPBTE010000022.1	p0111_1
P	GCA_050938495.1	JBPBTE010000027.1	IncI2_1_Delta
P	GCA_050938495.1	JBPBTE010000040.1	IncFIB(AP001918)_1
P	GCA_050938495.1	JBPBTE010000064.1	Col156_1
P	GCA_050938495.1	JBPBTE010000088.1	ColpVC_1
P	GCA_050938515.1	JBPBTH010000029.1	IncI2_1_Delta
P	GCA_050938515.1	JBPBTH010000050.1	IncX1_1
P	GCA_050938515.1	JBPBTH010000074.1	p0111_1
P	GCA_050938515.1	JBPBTH010000094.1	IncI1_1_Alpha
P	GCA_050938535.1	JBPBTF010000027.1	IncI2_1_Delta
P	GCA_050938535.1	JBPBTF010000028.1	IncFIC(FII)_1
P	GCA_050938535.1	JBPBTF010000067.1	IncFIB(AP001918)_1
P	GCA_050938555.1	JBPBTL010000031.1	IncI2_1_Delta
P	GCA_050938555.1	JBPBTL010000051.1	IncFIB(AP001918)_1
P	GCA_050938575.1	JBPBSG010000019.1	IncFIB(K)_1_Kpn3
P	GCA_050938575.1	JBPBSG010000040.1	IncI2_1_Delta
P	GCA_050938595.1	JBPBSI010000023.1	IncI2_1_Delta
P	GCA_050938595.1	JBPBSI010000027.1	IncX4_1
P	GCA_050938735.1	JBPBSO010000030.1	IncFIC(FII)_1
P	GCA_050938735.1	JBPBSO010000036.1	IncI2_1_Delta
P	GCA_050938735.1	JBPBSO010000050.1	IncFIB(AP001918)_1
P	GCA_050938735.1	JBPBSO010000064.1	IncFIA_1
P	GCA_050938755.1	JBPBSU010000012.1	IncHI2_1
P	GCA_050938755.1	JBPBSU010000012.1	IncHI2A_1
P	GCA_050938755.1	JBPBSU010000026.1	IncI2_1
P	GCA_050938755.1	JBPBSU010000027.1	IncFIC(FII)_1
P	GCA_050938755.1	JBPBSU010000053.1	IncQ1_1
P	GCA_050938755.1	JBPBSU010000075.1	IncFIA_1
P	GCA_050938755.1	JBPBSU010000078.1	IncFIB(AP001918)_1
P	GCA_050938775.1	JBPBSQ010000028.1	IncI2_1
P	GCA_050938775.1	JBPBSQ010000043.1	IncI1_1_Alpha
P	GCA_050938775.1	JBPBSQ010000065.1	IncFIB(AP001918)_1
P	GCA_050938775.1	JBPBSQ010000081.1	ColpVC_1
P	GCA_050938795.1	JBPBSP010000022.1	IncI1_1_Alpha
P	GCA_050938795.1	JBPBSP010000030.1	IncI2_1
P	GCA_050938795.1	JBPBSP010000044.1	IncFIA_1
P	GCA_050938795.1	JBPBSP010000059.1	IncFIB(AP001918)_1
P	GCA_050938815.1	JBPBSZ010000021.1	IncI1_1_Alpha
P	GCA_050938815.1	JBPBSZ010000029.1	IncI2_1_Delta
P	GCA_050938835.1	JBPBSS010000013.1	IncI1_1_Alpha
P	GCA_050938835.1	JBPBSS010000027.1	IncI2_1_Delta
P	GCA_050938835.1	JBPBSS010000084.1	ColpEC648
P	GCA_050938855.1	JBPBST010000026.1	IncI2_1_Delta
P	GCA_050938855.1	JBPBST010000038.1	IncR_1
P	GCA_050938855.1	JBPBST010000055.1	IncQ1_1
P	GCA_050938855.1	JBPBST010000056.1	IncFIB(AP001918)_1
P	GCA_050938875.1	JBPBSV010000030.1	IncI2_1
P	GCA_050938875.1	JBPBSV010000061.1	p0111_1
P	GCA_050938885.1	JBPBSY010000018.1	p0111_1
P	GCA_050938885.1	JBPBSY010000027.1	IncFIC(FII)_1
P	GCA_050938885.1	JBPBSY010000045.1	IncI2_1_Delta
P	GCA_050938885.1	JBPBSY010000046.1	IncFIB(AP001918)_1
P	GCA_050938935.1	JBPBTB010000028.1	IncI1_1_Alpha
P	GCA_050938935.1	JBPBTB010000029.1	IncI2_1_Delta
P	GCA_050938935.1	JBPBTB010000031.1	IncFIC(FII)_1
P	GCA_050938935.1	JBPBTB010000061.1	IncFIA_1
P	GCA_050938935.1	JBPBTB010000066.1	IncFIB(AP001918)_1
P	GCA_050938975.1	JBPBSN010000027.1	IncI2_1_Delta
P	GCA_050938975.1	JBPBSN010000033.1	IncFIC(FII)_1
P	GCA_050938975.1	JBPBSN010000046.1	IncFIB(AP001918)_1
P	GCA_050939015.1	JBPBSL010000030.1	IncI2_1_Delta
P	GCA_050939015.1	JBPBSL010000038.1	IncFIC(FII)_1
P	GCA_050939015.1	JBPBSL010000047.1	IncFIB(AP001918)_1
P	GCA_050939015.1	JBPBSL010000051.1	p0111_1
P	GCA_050939035.1	JBPBSR010000013.1	IncI1_1_Alpha
P	GCA_050939035.1	JBPBSR010000027.1	IncI2_1_Delta
P	GCA_050939035.1	JBPBSR010000070.1	p0111_1
P	GCA_050939035.1	JBPBSR010000098.1	ColpEC648
P	GCA_050939055.1	JBPBSF010000014.1	IncFII_1
P	GCA_050939055.1	JBPBSF010000014.1	IncFIB(AP001918)_1
P	GCA_050939055.1	JBPBSF010000016.1	IncY_1
P	GCA_050939055.1	JBPBSF010000029.1	IncI2_1_Delta
P	GCA_050939055.1	JBPBSF010000040.1	Col156_1
P	GCA_050939075.1	JBPBSH010000032.1	IncI2_1_Delta
P	GCA_050939075.1	JBPBSH010000034.1	IncFIC(FII)_1
P	GCA_050939075.1	JBPBSH010000038.1	IncI1_1_Alpha
P	GCA_050939075.1	JBPBSH010000044.1	IncFIB(AP001918)_1
P	GCA_050939115.1	JBPBRN010000024.1	IncFIC(FII)_1
P	GCA_050939115.1	JBPBRN010000029.1	IncI2_1
P	GCA_050939115.1	JBPBRN010000050.1	IncFIB(AP001918)_1
P	GCA_050939115.1	JBPBRN010000052.1	IncI1_1_Alpha
P	GCA_050939115.1	JBPBRN010000053.1	p0111_1
P	GCA_050939135.1	JBPBRM010000020.1	IncI1_1_Alpha
P	GCA_050939135.1	JBPBRM010000029.1	IncFIC(FII)_1
P	GCA_050939135.1	JBPBRM010000030.1	IncI2_1
P	GCA_050939135.1	JBPBRM010000045.1	IncFIB(AP001918)_1
P	GCA_050939135.1	JBPBRM010000051.1	p0111_1
P	GCA_050939155.1	JBPBTJ010000008.1	IncFIB(AP001918)_1
P	GCA_050939155.1	JBPBTJ010000020.1	IncI1_1_Alpha
P	GCA_050939155.1	JBPBTJ010000028.1	IncI2_1_Delta
P	GCA_050939175.1	JBPBTN010000027.1	IncI2_1_Delta
P	GCA_050939175.1	JBPBTN010000083.1	IncFIB(AP001918)_1
P	GCA_050939175.1	JBPBTN010000089.1	IncY_1
P	GCA_050939175.1	JBPBTN010000113.1	Col156_1
P	GCA_050939195.1	JBPBTK010000028.1	IncI2_1_Delta
P	GCA_050939195.1	JBPBTK010000029.1	IncFIC(FII)_1
P	GCA_050939195.1	JBPBTK010000066.1	IncFIB(AP001918)_1
P	GCA_050939215.1	JBPBTM010000028.1	IncI2_1
P	GCA_050939215.1	JBPBTM010000046.1	IncFIB(AP001918)_1
P	GCA_050939215.1	JBPBTM010000047.1	IncFII(pCoo)_1_pCoo
P	GCA_050939215.1	JBPBTM010000056.1	IncY_1
P	GCA_050939215.1	JBPBTM010000075.1	IncFIC(FII)_1
P	GCA_050939235.1	JBPBRZ010000028.1	p0111_1
P	GCA_050939235.1	JBPBRZ010000032.1	IncI2_1_Delta
P	GCA_050939235.1	JBPBRZ010000050.1	IncFIC(FII)_1
P	GCA_050939235.1	JBPBRZ010000059.1	IncX1_4
P	GCA_050939235.1	JBPBRZ010000087.1	IncFIB(AP001918)_1
P	GCA_050939295.1	JBPBSK010000030.1	IncI2_1_Delta
P	GCA_050939295.1	JBPBSK010000056.1	IncQ1_1
P	GCA_050939315.1	JBPBSA010000025.1	IncFIC(FII)_1
P	GCA_050939315.1	JBPBSA010000039.1	IncI2_1_Delta
P	GCA_050939315.1	JBPBSA010000044.1	IncFIB(AP001918)_1
P	GCA_050939315.1	JBPBSA010000062.1	IncI1_1_Alpha
P	GCA_050939335.1	JBPBSE010000026.1	IncI2_1_Delta
P	GCA_050939335.1	JBPBSE010000027.1	IncFIC(FII)_1
P	GCA_050939335.1	JBPBSE010000035.1	IncI1_1_Alpha
P	GCA_050939335.1	JBPBSE010000039.1	IncFIB(AP001918)_1
P	GCA_050939375.1	JBPBRV010000028.1	IncI2_1_Delta
P	GCA_050939375.1	JBPBRV010000029.1	IncFIC(FII)_1
P	GCA_050939375.1	JBPBRV010000044.1	IncI1_1_Alpha
P	GCA_050939375.1	JBPBRV010000063.1	IncFIB(AP001918)_1
P	GCA_050939415.1	JBPBRX010000033.1	IncI2_1_Delta
P	GCA_050939415.1	JBPBRX010000042.1	p0111_1
P	GCA_050939415.1	JBPBRX010000056.1	IncX1_4
P	GCA_050939415.1	JBPBRX010000058.1	IncFIC(FII)_1
P	GCA_050939415.1	JBPBRX010000091.1	IncFIB(AP001918)_1
P	GCA_050939515.1	JBPBRR010000020.1	IncFIB(AP001918)_1
P	GCA_050939515.1	JBPBRR010000043.1	IncI2_1_Delta
P	GCA_050939535.1	JBPBRY010000027.1	IncI2_1_Delta
P	GCA_050939535.1	JBPBRY010000037.1	IncI1_1_Alpha
P	GCA_050939535.1	JBPBRY010000041.1	IncFIB(AP001918)_1
P	GCA_050939535.1	JBPBRY010000071.1	IncFIC(FII)_1
P	GCA_051305755.1	JBPPKP010000002.1	IncFIB(AP001918)_1
P	GCA_051305755.1	JBPPKP010000002.1	IncFII_1
P	GCA_051305755.1	JBPPKP010000003.1	IncI1_1_Alpha
P	GCA_051305755.1	JBPPKP010000005.1	IncI2_1_Delta
P	GCA_053044225.1	JBIZWJ010000031.1	IncI2_1_Delta
P	GCA_053044225.1	JBIZWJ010000034.1	IncFIB(H89-PhagePlasmid)_1
P	GCA_053044225.1	JBIZWJ010000051.1	IncFII(pRSB107)_1_pRSB107
P	GCA_053044225.1	JBIZWJ010000053.1	IncFIB(AP001918)_1
P	GCA_053044225.1	JBIZWJ010000059.1	IncFII(pCoo)_1_pCoo
P	GCA_053044225.1	JBIZWJ010000072.1	IncX1_1
P	GCA_053044235.1	JBIZWI010000025.1	IncI2_1_Delta
P	GCA_053044235.1	JBIZWI010000031.1	IncFIB(H89-PhagePlasmid)_1
P	GCA_053044235.1	JBIZWI010000049.1	IncFII(pRSB107)_1_pRSB107
P	GCA_053044235.1	JBIZWI010000051.1	IncFIB(AP001918)_1
P	GCA_053044235.1	JBIZWI010000054.1	IncFII(pCoo)_1_pCoo
P	GCA_053044235.1	JBIZWI010000060.1	IncX1_1
P	GCA_053044255.1	JBIZWK010000029.1	IncI2_1_Delta
P	GCA_053044255.1	JBIZWK010000031.1	IncFIB(H89-PhagePlasmid)_1
P	GCA_053044255.1	JBIZWK010000047.1	IncFII(pRSB107)_1_pRSB107
P	GCA_053044255.1	JBIZWK010000049.1	IncFIB(AP001918)_1
P	GCA_053044255.1	JBIZWK010000051.1	IncFII(pCoo)_1_pCoo
P	GCA_053044255.1	JBIZWK010000057.1	IncX1_1
P	GCA_053044345.1	JBIZWH010000027.1	IncI2_1_Delta
P	GCA_053044345.1	JBIZWH010000030.1	IncFIB(H89-PhagePlasmid)_1
P	GCA_053044345.1	JBIZWH010000048.1	IncFII(pRSB107)_1_pRSB107
P	GCA_053044345.1	JBIZWH010000049.1	IncFIB(AP001918)_1
P	GCA_053044345.1	JBIZWH010000051.1	IncFII(pCoo)_1_pCoo
P	GCA_053044345.1	JBIZWH010000056.1	IncX1_1
P	GCA_053044365.1	JBIZWG010000030.1	IncI2_1_Delta
P	GCA_053044365.1	JBIZWG010000032.1	IncFIB(H89-PhagePlasmid)_1
P	GCA_053044365.1	JBIZWG010000048.1	IncFII(pRSB107)_1_pRSB107
P	GCA_053044365.1	JBIZWG010000050.1	IncFIB(AP001918)_1
P	GCA_053044365.1	JBIZWG010000052.1	IncFII(pCoo)_1_pCoo
P	GCA_053044365.1	JBIZWG010000065.1	IncX1_1
P	GCA_053291725.1	JBRXEK010000018.1	IncY_1
P	GCA_053291725.1	JBRXEK010000027.1	IncI2_1
P	GCA_054353075.1	JBTHIR010000026.1	IncI2_1
P	GCA_054353075.1	JBTHIR010000030.1	IncFIC(FII)_1
P	GCA_054353075.1	JBTHIR010000062.1	IncFIB(AP001918)_1
P	GCA_054353075.1	JBTHIR010000064.1	IncI1_1_Alpha
P	GCA_054353075.1	JBTHIR010000083.1	IncFIA_1
P	GCA_054353075.1	JBTHIR010000111.1	Col(BS512)_1
P	GCA_055786505.1	JBVVAY010000002.1	IncFIC(FII)_1
P	GCA_055786505.1	JBVVAY010000002.1	IncFIB(AP001918)_1
P	GCA_055786505.1	JBVVAY010000003.1	IncI1_1_Alpha
P	GCA_055786505.1	JBVVAY010000004.1	IncI2_1_Delta
P	GCA_055786575.1	JBVVBC010000001.1	IncI2_1_Delta
P	GCA_055786575.1	JBVVBC010000002.1	IncI1_1_Alpha
P	GCA_055786575.1	JBVVBC010000003.1	IncFIB(AP001918)_1
P	GCA_055786575.1	JBVVBC010000003.1	IncFIC(FII)_1
P	GCA_055786625.1	JBVVBF010000001.1	IncFIB(AP001918)_1
P	GCA_055786625.1	JBVVBF010000001.1	IncFIC(FII)_1
P	GCA_055786625.1	JBVVBF010000002.1	IncI2_1_Delta
P	GCA_055786625.1	JBVVBF010000004.1	IncI1_1_Alpha
P	GCA_056711405.1	JBWXYB010000002.1	IncFIB(AP001918)_1
P	GCA_056711405.1	JBWXYB010000002.1	IncFII_1
P	GCA_056711405.1	JBWXYB010000003.1	IncI2_1_Delta
P	GCA_056837825.1	JBTFHE010000002.1	IncFII_1
P	GCA_056837825.1	JBTFHE010000002.1	IncFIB(AP001918)_1
P	GCA_056837825.1	JBTFHE010000003.1	IncI2_1_Delta
P	GCA_056837865.1	JBTFHF010000002.1	Col156_1
P	GCA_056837865.1	JBTFHF010000002.1	IncFIB(AP001918)_1
P	GCA_056837865.1	JBTFHF010000002.1	IncFIA(HI1)_1_HI1
P	GCA_056837865.1	JBTFHF010000002.1	IncY_1
P	GCA_056837865.1	JBTFHF010000003.1	IncB/O/K/Z_2
P	GCA_056837865.1	JBTFHF010000004.1	IncI2_1_Delta
P	GCA_056837885.1	JBTFHG010000004.1	IncI2_1_Delta
P	GCA_056837905.1	JBTFHH010000003.1	IncFIC(FII)_1
P	GCA_056837905.1	JBTFHH010000003.1	IncFIB(AP001918)_1
P	GCA_056837905.1	JBTFHH010000004.1	IncI2_1
P	GCA_056837925.1	JBTFHI010000002.1	IncFIB(AP001918)_1
P	GCA_056837925.1	JBTFHI010000002.1	IncQ1_1
P	GCA_056837925.1	JBTFHI010000003.1	IncX4_1
P	GCA_056837925.1	JBTFHI010000003.1	IncX4_1
P	GCA_056837925.1	JBTFHI010000004.1	IncX1_1
P	GCA_056837985.1	JBTFHJ010000002.1	IncFIB(AP001918)_1
P	GCA_056837985.1	JBTFHJ010000002.1	IncFIC(FII)_1
P	GCA_056837985.1	JBTFHJ010000004.1	IncI1_1_Alpha
P	GCA_056837985.1	JBTFHJ010000005.1	p0111_1
P	GCA_056837985.1	JBTFHJ010000006.1	IncX4_1
P	GCA_977857605.1	CDWHEH010000029.1	IncHI1B(R27)_1_R27
P	GCA_977857605.1	CDWHEH010000029.1	IncHI1A_1
P	GCA_977857605.1	CDWHEH010000059.1	IncFIA(HI1)_1_HI1
P	GCA_977857605.1	CDWHEH010000071.1	IncFIB(K)_1_Kpn3
P	GCA_988286365.1	ENA|CGBNHJ010000002|CGBNHJ010000002.1	IncI2_1_Delta
P	GCA_988286365.1	ENA|CGBNHJ010000003|CGBNHJ010000003.1	IncI1_1_Alpha
P	GCA_988286365.1	ENA|CGBNHJ010000010|CGBNHJ010000010.1	IncFIB(AP001918)_1
P	GCA_988286365.1	ENA|CGBNHJ010000010|CGBNHJ010000010.1	IncFIC(FII)_1
P	DRR300282	contig00025	p0111_1
P	DRR300282	contig00049	IncFIB(AP001918)_1
P	DRR300282	contig00053	IncI1_1_Alpha
P	DRR300284	contig00020	IncY_1
P	DRR300284	contig00033	IncFIC(FII)_1
P	DRR300284	contig00042	IncX4_1
P	DRR300284	contig00048	IncI1_1_Alpha
P	DRR300284	contig00052	IncFIB(AP001918)_1
P	DRR300284	contig00063	IncFIA_1
P	DRR300284	contig00085	IncQ1_1
P	ERR10670886	contig00009	IncHI2A_1
P	ERR10670886	contig00009	IncHI2_1
P	ERR10670886	contig00163	IncQ1_1
P	ERR10670898	contig00051	IncX4_1
P	ERR10670898	contig00080	IncFIC(FII)_1
P	ERR12409409	contig00074	IncFIB(K)_1_Kpn3
P	ERR12409409	contig00076	repB(R1701)_1
P	ERR12409409	contig00126	IncFIA(HI1)_1_HI1
P	ERR13133281	contig00028	p0111_1
P	ERR13133281	contig00050	IncFIC(FII)_1
P	ERR13133281	contig00057	IncI1_1_Alpha
P	ERR13133281	contig00083	IncX1_4
P	ERR13133281	contig00091	IncFIB(AP001918)_1
P	ERR13133321	contig00034	IncFIC(FII)_1
P	ERR13133321	contig00041	IncX4_1
P	ERR13133321	contig00045	IncL/M(pOXA-48)_1_pOXA-48
P	ERR13133321	contig00050	IncR_1
P	ERR13133321	contig00052	IncFIB(AP001918)_1
P	ERR13952550	contig00018	IncFII(29)_1_pUTI89
P	ERR13952550	contig00018	IncFIB(AP001918)_1
P	ERR13952550	contig00028	IncHI2A_1
P	ERR13952550	contig00028	IncHI2_1
P	ERR13952550	contig00033	p0111_1
P	ERR13952550	contig00067	Col156_1
P	ERR13952550	contig00097	IncQ1_1
P	ERR13952704	contig00020	IncHI2A_1
P	ERR13952704	contig00035	IncY_1
P	ERR13952704	contig00038	IncFIB(pB171)_1_pB171
P	ERR13952704	contig00043	IncFII(pRSB107)_1_pRSB107
P	ERR15952774	contig00032	IncHI2_1
P	ERR15952774	contig00032	IncHI2A_1
P	ERR15952774	contig00089	Col(IRGK)_1
P	ERR4452414	contig00045	IncHI2A_1
P	ERR4452414	contig00045	IncHI2_1
P	ERR4452414	contig00058	IncFIA_1
P	ERR4452414	contig00062	IncFIB(AP001918)_1
P	ERR4452414	contig00073	IncFII(pAMA1167-NDM-5)_1_pAMA1167-NDM-5
P	ERR4452414	contig00113	IncQ1_1
P	ERR5696750	contig00047	IncHI2A_1
P	ERR5696750	contig00056	IncHI2_1
P	ERR5696750	contig00082	p0111_1
P	ERR5696750	contig00088	IncFIB(K)_1_Kpn3
P	ERR5696750	contig00115	Col(pHAD28)_1
P	ERR5696778	contig00021	IncY_1
P	ERR5696778	contig00026	IncHI2_1
P	ERR5696778	contig00026	IncHI2A_1
P	ERR5696778	contig00079	Col(MG828)_1
P	SRR10098861	contig00029	IncHI2_1
P	SRR10098861	contig00029	IncHI2A_1
P	SRR10098861	contig00057	IncX4_1
P	SRR10098861	contig00071	p0111_1
P	SRR10098861	contig00128	Col(pHAD28)_1
P	SRR10098861	contig00141	ColpVC_1
P	SRR10392137	contig00042	IncI2_1
P	SRR10392137	contig00075	IncFIC(FII)_1
P	SRR10392137	contig00079	IncFIA_1
P	SRR10392137	contig00085	IncFIB(AP001918)_1
P	SRR10420728	contig00049	IncX4_1
P	SRR10420728	contig00075	IncX1_1
P	SRR10420728	contig00102	Col(BS512)_1
P	SRR13376017	contig00034	IncB/O/K/Z_2
P	SRR13376017	contig00036	IncX1_1
P	SRR13376017	contig00053	IncHI2_1
P	SRR13376017	contig00055	IncFIB(AP001918)_1
P	SRR13376017	contig00082	IncHI2A_1
P	SRR13376017	contig00087	IncFIC(FII)_1
P	SRR13376017	contig00119	IncQ1_1
P	SRR24834186	contig00034	IncHI2_1
P	SRR24834186	contig00034	IncHI2A_1
P	SRR24834186	contig00051	IncI1_1_Alpha
P	SRR24834186	contig00052	IncX1_1
P	SRR24834186	contig00074	IncFII(29)_1_pUTI89
P	SRR32898997	contig00019	p0111_1
P	SRR32898997	contig00024	IncFIC(FII)_1
P	SRR32898997	contig00032	IncX4_1
P	SRR32898997	contig00035	IncFIB(AP001918)_1
P	SRR32898997	contig00047	IncFIA_1
P	SRR32898997	contig00048	IncI1_1_Alpha
P	SRR32899008	contig00026	p0111_1
P	SRR32899008	contig00033	IncI2_1_Delta
P	SRR32899008	contig00034	IncFIC(FII)_1
P	SRR32899008	contig00042	IncHI2_1
P	SRR32899008	contig00042	IncHI2A_1
P	SRR32899008	contig00044	IncB/O/K/Z_4
P	SRR32899008	contig00048	IncFIB(AP001918)_1
P	SRR32899008	contig00064	IncFIA_1
P	SRR32899008	contig00071	IncI1_1_Alpha
P	SRR32899019	contig00025	p0111_1
P	SRR32899019	contig00034	IncI2_1_Delta
P	SRR32899019	contig00035	IncFIC(FII)_1
P	SRR32899019	contig00041	IncHI2A_1
P	SRR32899019	contig00041	IncHI2_1
P	SRR32899019	contig00044	IncB/O/K/Z_4
P	SRR32899019	contig00048	IncFIB(AP001918)_1
P	SRR32899019	contig00064	IncFIA_1
P	SRR32899019	contig00072	IncI1_1_Alpha
P	SRR33015174	contig00043	IncFIA_1
P	SRR33015174	contig00076	Col(BS512)_1
P	SRR35975910	contig00025	p0111_1
P	SRR35975910	contig00032	IncFII(pRSB107)_1_pRSB107
P	SRR35975910	contig00040	IncI2_1_Delta
P	SRR35975910	contig00043	IncX4_1
P	SRR35975910	contig00063	IncI1_1_Alpha
P	SRR35975910	contig00077	IncFIB(AP001918)_1
P	SRR35975911	contig00022	IncL/M(pOXA-48)_1_pOXA-48
P	SRR35975911	contig00023	IncX1_1
P	SRR35975911	contig00024	IncX4_1
P	SRR35975911	contig00025	IncFIB(AP001918)_1
P	SRR5688544	contig00040	IncX4_1
P	SRR5688544	contig00044	IncFIA_1
P	SRR5688544	contig00051	IncFII(pRSB107)_1_pRSB107
P	SRR5688544	contig00053	IncR_1
P	SRR5688544	contig00067	IncFIB(AP001918)_1
P	SRR5688554	contig00014	IncHI2_1
P	SRR5688554	contig00014	IncHI2A_1
P	SRR5688554	contig00019	IncFIC(FII)_1
P	SRR5688554	contig00033	IncFIA_1
P	SRR5688554	contig00041	IncFIB(AP001918)_1
P	SRR5688555	contig00031	IncHI2_1
P	SRR5688555	contig00031	IncHI2A_1
P	SRR5688555	contig00043	IncFIA_1
P	SRR5688555	contig00063	IncFIB(AP001918)_1
P	SRR5688555	contig00072	IncQ1_1
P	SRR5688556	contig00030	IncHI2_1
P	SRR5688556	contig00039	IncHI2A_1
P	SRR5688556	contig00043	IncQ1_1
P	SRR5688556	contig00046	p0111_1
P	SRR8610327	contig00030	IncFIB(AP001918)_1
P	SRR8610327	contig00030	IncFII(pCoo)_1_pCoo
P	SRR8610327	contig00036	IncX4_1
P	SRR8610343	contig00028	IncFIB(AP001918)_1
P	SRR8610343	contig00028	IncFII(pCoo)_1_pCoo
P	SRR8610343	contig00039	IncX4_1
P	SRR8610346	contig00026	IncFIB(AP001918)_1
P	SRR8610346	contig00026	IncFII(pCoo)_1_pCoo
P	SRR8610346	contig00038	IncX4_1
P	SRR8610355	contig00025	IncFII(pCoo)_1_pCoo
P	SRR8610355	contig00025	IncFIB(AP001918)_1
P	SRR8610355	contig00038	IncX4_1
P	SRR8885624	contig00013	IncHI2A_1
P	SRR8885624	contig00013	IncHI2_1
P	SRR8885624	contig00020	p0111_1
P	SRR8885624	contig00038	IncFIA_1
P	SRR8885624	contig00045	IncFIB(AP001918)_1
P	SRR8885624	contig00050	IncFII(pAMA1167-NDM-5)_1_pAMA1167-NDM-5
P	SRR8885624	contig00054	IncQ1_1
P	SRR9099603	contig00027	IncI2_1
P	SRR9099603	contig00037	IncFIB(AP001918)_1
P	SRR9099603	contig00055	Col156_1
P	SRR9099604	contig00027	IncHI2A_1
P	SRR9099604	contig00027	IncHI2_1
P	SRR9099604	contig00029	IncI2_1
P	SRR9099604	contig00043	IncFII(pEH01)_1
P	SRR9099604	contig00044	IncX1_1
P	SRR9099604	contig00045	IncI1_1_Alpha
P	SRR9099604	contig00049	p0111_1
P	GCA_006348965.1	VAUC01000028.1	IncHI2_1
P	GCA_006348965.1	VAUC01000028.1	IncHI2A_1
P	GCA_006348965.1	VAUC01000041.1	IncI2_1
P	GCA_006348965.1	VAUC01000047.1	IncFII(pEH01)_1
P	GCA_006348965.1	VAUC01000050.1	IncX1_1
P	GCA_006348965.1	VAUC01000056.1	IncI1_1_Alpha
P	GCA_006348965.1	VAUC01000060.1	p0111_1
M	GCA_007993675.2	ecoli_achtman_4	10	10 11 4 8 8 8 2
M	GCA_009925145.1	ecoli_achtman_4	46	8 7 1 8 8 8 6
M	GCA_009925165.1	ecoli_achtman_4	46	8 7 1 8 8 8 6
M	GCA_009925175.1	ecoli_achtman_4	46	8 7 1 8 8 8 6
M	GCA_009925195.1	ecoli_achtman_4	155	6 4 14 16 24 8 14
M	GCA_009925485.1	ecoli_achtman_4	46	8 7 1 8 8 8 6
M	GCA_009925505.1	ecoli_achtman_4	224	6 4 33 16 11 8 6
M	GCA_009925515.1	ecoli_achtman_4	46	8 7 1 8 8 8 6
M	GCA_013187405.1	ecoli_achtman_4	2485	6 4 159 140 112 1 17
M	GCA_013187505.1	ecoli_achtman_4	2485	6 4 159 140 112 1 17
M	GCA_013187515.1	ecoli_achtman_4	191	6 29 5 18 11 8 41
M	GCA_013618585.1	ecoli_achtman_4	191	6 29 5 18 11 8 41
M	GCA_013618615.1	ecoli_achtman_4	744	10 11 135 8 8 8 2
M	GCA_014900915.1	ecoli_achtman_4	155	6 4 14 16 24 8 14
M	GCA_014900925.1	ecoli_achtman_4	10	10 11 4 8 8 8 2
M	GCA_014900935.1	ecoli_achtman_4	10	10 11 4 8 8 8 2
M	GCA_014900945.1	ecoli_achtman_4	155	6 4 14 16 24 8 14
M	GCA_014900955.1	ecoli_achtman_4	10	10 11 4 8 8 8 2
M	GCA_020281985.1	ecoli_achtman_4	224	6 4 33 16 11 8 6
M	GCA_028882105.2	ecoli_achtman_4	1266	168 184 53 140 24 85 42
M	GCA_029953225.1	ecoli_achtman_4	484	6 11 4 10 7 84 6
M	GCA_033342895.1	ecoli_achtman_4	1266	168 184 53 140 24 85 42
M	GCA_045037815.1	ecoli_achtman_4	624	92 4 87 96 70 58 91
M	GCA_050106675.1	ecoli_achtman_4	1494	1 4 44 9 11 35 7
M	GCA_050938395.1	ecoli_achtman_4	162	9 65 5 1 9 13 6
M	GCA_050938415.1	ecoli_achtman_4	354	85 88 78 29 59 58 62
M	GCA_050938435.1	ecoli_achtman_4	189	10 27 5 10 12 8 49
M	GCA_050938475.1	ecoli_achtman_4	3941	6 511 4 10 7 8 6
M	GCA_050938495.1	ecoli_achtman_4	770	52 116 55 101 113 40 38
M	GCA_050938515.1	ecoli_achtman_4	189	10 27 5 10 12 8 49
M	GCA_050938535.1	ecoli_achtman_4	117	20 45 41 43 5 32 2
M	GCA_050938555.1	ecoli_achtman_4	6756	136 7 4 8 561 8 2
M	GCA_050938575.1	ecoli_achtman_4	226	10 27 5 8 8 7 2
M	GCA_050938595.1	ecoli_achtman_4	224	6 4 33 16 11 8 6
M	GCA_050938735.1	ecoli_achtman_4	744	10 11 135 8 8 8 2
M	GCA_050938755.1	ecoli_achtman_4	93	6 11 4 10 7 8 6
M	GCA_050938775.1	ecoli_achtman_4	155	6 4 14 16 24 8 14
M	GCA_050938795.1	ecoli_achtman_4	3941	6 511 4 10 7 8 6
M	GCA_050938815.1	ecoli_achtman_4	453	99 6 33 33 24 8 7
M	GCA_050938835.1	ecoli_achtman_4	-	10 11 1243? 724 8 8 2
M	GCA_050938855.1	ecoli_achtman_4	7518	6 6 644 26 11 8 2
M	GCA_050938875.1	ecoli_achtman_4	297	6 65 32 26 9 8 2
M	GCA_050938885.1	ecoli_achtman_4	162	9 65 5 1 9 13 6
M	GCA_050938935.1	ecoli_achtman_4	23	6 4 12 1 20 13 7
M	GCA_050938975.1	ecoli_achtman_4	162	9 65 5 1 9 13 6
M	GCA_050939015.1	ecoli_achtman_4	162	9 65 5 1 9 13 6
M	GCA_050939035.1	ecoli_achtman_4	7139	10 11 4 724 8 8 2
M	GCA_050939055.1	ecoli_achtman_4	11956	10 11 5 8 7 18 2
M	GCA_050939075.1	ecoli_achtman_4	162	9 65 5 1 9 13 6
M	GCA_050939115.1	ecoli_achtman_4	8492	6 65 32 26 11 8 6
M	GCA_050939135.1	ecoli_achtman_4	8492	6 65 32 26 11 8 6
M	GCA_050939155.1	ecoli_achtman_4	93	6 11 4 10 7 8 6
M	GCA_050939175.1	ecoli_achtman_4	-	6 11 4 8 276 8 6
M	GCA_050939195.1	ecoli_achtman_4	117	20 45 41 43 5 32 2
M	GCA_050939215.1	ecoli_achtman_4	162	9 65 5 1 9 13 6
M	GCA_050939235.1	ecoli_achtman_4	101	43 41 15 18 11 7 6
M	GCA_050939295.1	ecoli_achtman_4	354	85 88 78 29 59 58 62
M	GCA_050939315.1	ecoli_achtman_4	616	6 4 12 16 24 8 14
M	GCA_050939335.1	ecoli_achtman_4	616	6 4 12 16 24 8 14
M	GCA_050939375.1	ecoli_achtman_4	616	6 4 12 16 24 8 14
M	GCA_050939415.1	ecoli_achtman_4	101	43 41 15 18 11 7 6
M	GCA_050939515.1	ecoli_achtman_4	93	6 11 4 10 7 8 6
M	GCA_050939535.1	ecoli_achtman_4	616	6 4 12 16 24 8 14
M	GCA_051305755.1	ecoli_achtman_4	224	6 4 33 16 11 8 6
M	GCA_053044225.1	ecoli_achtman_4	155	6 4 14 16 24 8 14
M	GCA_053044235.1	ecoli_achtman_4	155	6 4 14 16 24 8 14
M	GCA_053044255.1	ecoli_achtman_4	155	6 4 14 16 24 8 14
M	GCA_053044345.1	ecoli_achtman_4	155	6 4 14 16 24 8 14
M	GCA_053044365.1	ecoli_achtman_4	155	6 4 14 16 24 8 14
M	GCA_053291725.1	ecoli_achtman_4	57	6 31 5 28 1 1 2
M	GCA_054353075.1	ecoli_achtman_4	10	10 11 4 8 8 8 2
M	GCA_055786505.1	ecoli_achtman_4	162	9 65 5 1 9 13 6
M	GCA_055786575.1	ecoli_achtman_4	10	10 11 4 8 8 8 2
M	GCA_055786625.1	ecoli_achtman_4	162	9 65 5 1 9 13 6
M	GCA_056711405.1	ecoli_achtman_4	9697	6 4 4 16 9 8 7
M	GCA_056837825.1	ecoli_achtman_4	9697	6 4 4 16 9 8 7
M	GCA_056837865.1	ecoli_achtman_4	69	21 35 27 6 5 5 4
M	GCA_056837885.1	ecoli_achtman_4	-	203 ~210 308 25 4 16 19
M	GCA_056837905.1	ecoli_achtman_4	117	20 45 41 43 5 32 2
M	GCA_056837925.1	ecoli_achtman_4	167	10 11 4 8 8 13 2
M	GCA_056837985.1	ecoli_achtman_4	1011	6 4 159 44 112 1 17
M	GCA_977857605.1	ecoli_achtman_4	5625	10 7 4 10 12 8 86
M	GCA_988286365.1	ecoli_achtman_4	410	6 4 12 1 20 18 7
M	DRR300282	ecoli_achtman_4	1011	6 4 159 44 112 1 17
M	DRR300284	ecoli_achtman_4	744	10 11 135 8 8 8 2
M	ERR10670886	ecoli_achtman_4	-	168 ~184 53 140 24 85 42
M	ERR10670898	ecoli_achtman_4	484	6 11 4 10 7 84 6
M	ERR12409409	ecoli_achtman_4	206	6 7 5 1 8 18 2
M	ERR13133281	ecoli_achtman_4	359	43 41 15 90 11 8 6
M	ERR13133321	ecoli_achtman_4	1196	6 6 33 26 11 8 2
M	ERR13952550	ecoli_achtman_4	69	21 35 27 6 5 5 4
M	ERR13952704	ecoli_achtman_4	38	4 26 2 25 5 5 19
M	ERR15952774	ecoli_achtman_4	401	1 107 7 11 7 3 7
M	ERR4452414	ecoli_achtman_4	410	6 4 12 1 20 18 7
M	ERR5696750	ecoli_achtman_4	540	6 7 57 1 8 8 2
M	ERR5696778	ecoli_achtman_4	181	8 11 4 8 7 8 6
M	SRR10098861	ecoli_achtman_4	10	10 11 4 8 8 8 2
M	SRR10392137	ecoli_achtman_4	101	43 41 15 18 11 7 6
M	SRR10420728	ecoli_achtman_4	1638	10 11 4 12 8 45 2
M	SRR13376017	ecoli_achtman_4	117	20 45 41 43 5 32 2
M	SRR24834186	ecoli_achtman_4	38	4 26 2 25 5 5 19
M	SRR32898997	ecoli_achtman_4	6448	6 4 32 1 9 8 6
M	SRR32899008	ecoli_achtman_4	3941	6 511 4 10 7 8 6
M	SRR32899019	ecoli_achtman_4	3941	6 511 4 10 7 8 6
M	SRR33015174	ecoli_achtman_4	167	10 11 4 8 8 13 2
M	SRR35975910	ecoli_achtman_4	-	99 ~1179 33 33 24 8 7
M	SRR35975911	ecoli_achtman_4	1011	6 4 159 44 112 1 17
M	SRR5688544	ecoli_achtman_4	2016	6 23 32 88 9 26 7
M	SRR5688554	ecoli_achtman_4	1485	92 231 87 96 70 58 2
M	SRR5688555	ecoli_achtman_4	69	21 35 27 6 5 5 4
M	SRR5688556	ecoli_achtman_4	10	10 11 4 8 8 8 2
M	SRR8610327	ecoli_achtman_4	46	8 7 1 8 8 8 6
M	SRR8610343	ecoli_achtman_4	46	8 7 1 8 8 8 6
M	SRR8610346	ecoli_achtman_4	46	8 7 1 8 8 8 6
M	SRR8610355	ecoli_achtman_4	46	8 7 1 8 8 8 6
M	SRR8885624	ecoli_achtman_4	410	6 4 12 1 20 18 7
M	SRR9099603	ecoli_achtman_4	9567	6 4 12 1106 20 13 7
M	SRR9099604	ecoli_achtman_4	155	6 4 14 16 24 8 14
M	GCA_006348965.1	ecoli_achtman_4	155	6 4 14 16 24 8 14
B	GCA_009925195.1	WHYY01000051.1	plasmid	AA738	IncHI2A,IncI2,rep_cluster_1088	MOBH,MOBP	345093	21673
B	GCA_014900925.1	JACVVS010000041.1	plasmid	AA738	rep_cluster_1088,IncHI2A	MOBH	255543	41463
B	GCA_014900935.1	JACVVR010000028.1	plasmid	AA738	rep_cluster_1088,IncHI2A	-	156587	60960
B	GCA_014900955.1	JACVVT010000035.1	plasmid	AA738	rep_cluster_1088,IncHI2A	-	134452	46466
B	GCA_020281985.1	JACZEQ010000043.1	plasmid	AA738	IncHI2A,rep_cluster_1088,IncI2,IncQ1	MOBP,MOBH	331019	23912
B	GCA_050106675.1	JBNIJP010000124.1	chromosome	-	-	-	0	7869
B	GCA_050938555.1	JBPBTL010000057.1	plasmid	AA372	IncI2	MOBP	62398	9399
B	GCA_050938575.1	JBPBSG010000047.1	plasmid	AA372	IncI2	MOBP,MOBP	67276	24710
B	GCA_050938595.1	JBPBSI010000035.1	plasmid	AA372	IncI2	MOBP	62636	10389
B	GCA_050938735.1	JBPBSO010000088.1	plasmid	AA372	IncI2	MOBP	67497	2901
B	GCA_050938775.1	JBPBSQ010000054.1	plasmid	AA372	IncI2	MOBP	58934	13233
B	GCA_050938885.1	JBPBSY010000037.1	plasmid	AA372	IncI2	MOBP	63369	38260
B	GCA_050939055.1	JBPBSF010000037.1	plasmid	AA372	IncI2	MOBP	66272	12730
B	GCA_050939075.1	JBPBSH010000051.1	plasmid	AA372	IncI2	MOBP	62260	12726
B	GCA_050939315.1	JBPBSA010000057.1	plasmid	AA372	IncI2	MOBP	59875	12719
B	GCA_050939515.1	JBPBRR010000058.1	plasmid	AA372	IncI2	MOBP	65398	23976
B	GCA_977857605.1	CDWHEH010000028.1	plasmid	AA998	IncHI1A,IncFIA	MOBH	184243	59859
B	DRR300282	contig00066	plasmid	AA374	-	-	54854	4295
B	ERR10670886	contig00046	plasmid	AA738	IncHI2A,rep_cluster_1088,IncQ1	MOBH	309960	39415
B	ERR12409409	contig00104	plasmid	AA557	rep_cluster_1418	-	27618	3681
B	ERR13133281	contig00093	chromosome	-	-	-	0	2750
B	ERR13952550	contig00090	plasmid	AA739	rep_cluster_1088,IncHI2A	MOBH	292478	2627
B	ERR13952704	contig00028	plasmid	AA739	IncHI2A,rep_cluster_1088	MOBH	235279	86239
B	ERR15952774	contig00088	plasmid	AA739	rep_cluster_1088,IncHI2A	MOBH	332205	2627
B	ERR4452414	contig00098	plasmid	AA739	rep_cluster_1088,IncHI2A	MOBH	308732	2526
B	ERR5696750	contig00112	plasmid	AA739	rep_cluster_1088,IncHI2A	MOBH	263853	2627
B	ERR5696778	contig00073	plasmid	AA739	rep_cluster_1088,IncHI2A	MOBH	295128	2627
B	SRR10392137	contig00060	plasmid	AA372	IncI2	MOBP	70667	23221
B	SRR13376017	contig00020	plasmid	AA738	rep_cluster_1088,IncHI2A,IncQ1	MOBH	269522	97045
B	SRR24834186	contig00072	plasmid	AA738	rep_cluster_1088,IncHI2A,IncI-gamma/K1,IncFIA,IncFIC	MOBP,MOBF,MOBH	393699	5484
B	SRR32899008	contig00091	plasmid	AA738	rep_cluster_1088,IncHI2A	MOBH	256806	1761
B	SRR32899019	contig00095	plasmid	AA738	rep_cluster_1088,IncHI2A	MOBH	257650	1761
B	SRR33015174	contig00095	chromosome	-	-	-	0	857
B	SRR5688554	contig00020	plasmid	AA738	IncHI2A,rep_cluster_1088	MOBH	220335	48227
B	SRR5688555	contig00018	plasmid	AA738	rep_cluster_1088,IncHI2A,IncQ1	MOBH,MOBP,MOBF,MOBF	270062	101777
B	SRR5688556	contig00019	plasmid	AA738	rep_cluster_1088,IncHI2A,IncQ1	MOBH	259922	85159
B	SRR8885624	contig00042	plasmid	AA172	IncFII,IncFIB,IncFIA,IncFII	-	70096	9268
B	SRR9099603	contig00058	plasmid	AA372	IncI2	MOBP	64020	2863
B	GCA_006348965.1	VAUC01000036.1	plasmid	AA738	IncHI2A,rep_cluster_1088,IncI2,IncI-gamma/K1	MOBP,MOBH	381002	46544