Q	GCA_007993675_2_ASM799367v2	2	5026580	4964579	50.39
Q	GCA_009925145_1_ASM992514v1	135	4644992	108470	50.54
Q	GCA_009925165_1_ASM992516v1	123	4608338	130047	50.61
Q	GCA_009925175_1_ASM992517v1	134	4643961	108469	50.54
Q	GCA_009925195_1_ASM992519v1	194	5298327	140511	50.36
Q	GCA_009925485_1_ASM992548v1	98	4623384	178448	50.62
Q	GCA_009925505_1_ASM992550v1	85	4927353	305484	50.74
Q	GCA_009925515_1_ASM992551v1	113	4617098	150775	50.61
Q	GCA_013187405_1_ASM1318740v1	87	4995829	244193	50.59
Q	GCA_013187505_1_ASM1318750v1	89	4995238	246353	50.59
Q	GCA_013187515_1_ASM1318751v1	139	5012499	156050	50.57
Q	GCA_013618585_1_ASM1361858v1	138	5013412	162095	50.56
Q	GCA_013618615_1_ASM1361861v1	355	4892138	118869	50.60
Q	GCA_014900915_1_ASM1490091v1	122	5151053	166562	50.42
Q	GCA_014900925_1_ASM1490092v1	261	5385822	93213	50.26
Q	GCA_014900935_1_ASM1490093v1	255	5388714	97574	50.26
Q	GCA_014900945_1_ASM1490094v1	132	5160850	158024	50.42
Q	GCA_014900955_1_ASM1490095v1	264	5390284	97986	50.26
Q	GCA_020281985_1_ASM2028198v1	244	5732357	168960	50.53
Q	GCA_028882105_2_ASM2888210v2	5	5618493	5252634	50.28
Q	GCA_029953225_1_ASM2995322v1	7	4917635	4753159	50.45
Q	GCA_033342895_1_ASM3334289v1	2	5618654	5325486	50.28
Q	GCA_045037815_1_ASM4503781v1	9	5981070	5138408	50.09
Q	GCA_050106675_1_ASM5010667v1	231	4901238	48593	50.75
Q	GCA_050938395_1_ASM5093839v1	107	5106503	184592	50.47
Q	GCA_050938415_1_ASM5093841v1	156	5328702	160122	50.16
Q	GCA_050938435_1_ASM5093843v1	230	5369373	98354	50.35
Q	GCA_050938475_1_ASM5093847v1	90	4848926	211038	50.55
Q	GCA_050938495_1_ASM5093849v1	164	5776593	182760	50.35
Q	GCA_050938515_1_ASM5093851v1	265	5379209	97351	50.35
Q	GCA_050938535_1_ASM5093853v1	203	5214674	168626	50.62
Q	GCA_050938555_1_ASM5093855v1	128	4944864	137432	50.50
Q	GCA_050938575_1_ASM5093857v1	118	4997979	136919	50.70
Q	GCA_050938595_1_ASM5093859v1	66	4928797	206825	50.68
Q	GCA_050938735_1_ASM5093873v1	126	4993587	115469	50.41
Q	GCA_050938755_1_ASM5093875v1	154	5122722	102396	50.25
Q	GCA_050938775_1_ASM5093877v1	117	5194364	142190	50.40
Q	GCA_050938795_1_ASM5093879v1	137	5051238	113995	50.51
Q	GCA_050938815_1_ASM5093881v1	113	4924529	114095	50.51
Q	GCA_050938835_1_ASM5093883v1	151	4941515	90922	50.51
Q	GCA_050938855_1_ASM5093885v1	147	5170729	159448	50.70
Q	GCA_050938875_1_ASM5093887v1	153	5091395	104390	50.41
Q	GCA_050938885_1_ASM5093888v1	93	5101332	179813	50.46
Q	GCA_050938935_1_ASM5093893v1	132	5067600	142920	50.53
Q	GCA_050938975_1_ASM5093897v1	109	5101875	161590	50.51
Q	GCA_050939015_1_ASM5093901v1	121	5258442	116143	50.39
Q	GCA_050939035_1_ASM5093903v1	186	5058724	83367	50.45
Q	GCA_050939055_1_ASM5093905v1	66	4942002	214408	50.44
Q	GCA_050939075_1_ASM5093907v1	126	5207886	161586	50.48
Q	GCA_050939115_1_ASM5093911v1	105	5272496	143219	50.48
Q	GCA_050939135_1_ASM5093913v1	104	5275047	160831	50.49
Q	GCA_050939155_1_ASM5093915v1	149	5066400	100536	50.35
Q	GCA_050939175_1_ASM5093917v1	192	5038682	67483	50.57
Q	GCA_050939195_1_ASM5093919v1	179	5178776	130593	50.62
Q	GCA_050939215_1_ASM5093921v1	131	5124396	148457	50.67
Q	GCA_050939235_1_ASM5093923v1	209	5456559	89608	50.30
Q	GCA_050939295_1_ASM5093929v1	97	5442309	160203	49.37
Q	GCA_050939315_1_ASM5093931v1	164	5173640	173256	50.49
Q	GCA_050939335_1_ASM5093933v1	123	5159682	185478	50.48
Q	GCA_050939375_1_ASM5093937v1	146	5164622	133594	50.49
Q	GCA_050939415_1_ASM5093941v1	232	5471908	88795	50.30
Q	GCA_050939515_1_ASM5093951v1	185	5131111	93748	50.44
Q	GCA_050939535_1_ASM5093953v1	127	5156199	148018	50.48
Q	GCA_051305755_1_ASM5130575v1	8	5349759	4899910	50.71
Q	GCA_053044225_1_ASM5304422v1	232	5043971	123136	50.62
Q	GCA_053044235_1_ASM5304423v1	205	5046788	148104	50.62
Q	GCA_053044255_1_ASM5304425v1	207	5045982	148713	50.61
Q	GCA_053044345_1_ASM5304434v1	217	5044351	148104	50.62
Q	GCA_053044365_1_ASM5304436v1	219	5044812	148104	50.61
Q	GCA_053291725_1_ASM5329172v1	107	5324071	82543	50.47
Q	GCA_054353075_1_ASM5435307v1	177	5053165	75692	50.51
Q	GCA_055786505_1_ASM5578650v1	4	5306276	4924089	50.69
Q	GCA_055786575_1_ASM5578657v1	5	5011820	4696956	50.53
Q	GCA_055786625_1_ASM5578662v1	5	5172786	4818742	50.57
Q	GCA_056711405_1_ASM5671140v1	6	5297110	5071810	50.77
Q	GCA_056837825_1_ASM5683782v1	4	5296663	5079085	50.74
Q	GCA_056837865_1_ASM5683786v1	5	5412889	5121332	50.62
Q	GCA_056837885_1_ASM5683788v1	6	5577124	3305771	50.52
Q	GCA_056837905_1_ASM5683790v1	6	5223700	4255832	50.56
Q	GCA_056837925_1_ASM5683792v1	4	4954251	4697231	50.65
Q	GCA_056837985_1_ASM5683798v1	6	5501346	5011085	50.48
Q	GCA_977857605_1_CDAK158	164	4911609	108383	50.55
Q	DRR300282	216	5302190	213376	50.51
Q	DRR300284	240	5144573	106448	50.51
Q	ERR10670886	311	5509888	62168	50.27
Q	ERR10670898	229	4796762	81994	50.55
Q	ERR12409409	203	4803046	83711	50.76
Q	ERR13133281	236	5389062	105524	50.40
Q	ERR13133321	183	5264536	147975	50.70
Q	ERR13952550	256	5670848	115467	50.47
Q	ERR13952704	303	5741375	148283	50.35
Q	ERR15952774	197	5149345	114466	50.39
Q	ERR4452414	227	5060607	102981	50.40
Q	ERR5696750	306	5340461	101766	50.69
Q	ERR5696778	169	5134869	151352	50.60
Q	SRR10098861	228	5017553	68534	50.47
Q	SRR10392137	231	5085732	88398	50.46
Q	SRR10420728	196	4650697	79981	50.75
Q	SRR13376017	247	5549111	129203	50.53
Q	SRR24834186	215	5672656	125097	50.18
Q	SRR32898997	215	5401086	218079	50.41
Q	SRR32899008	282	5621828	115903	50.28
Q	SRR32899019	280	5626966	113916	50.27
Q	SRR33015174	168	5062544	141400	50.70
Q	SRR35975910	178	5279466	111627	50.40
Q	SRR35975911	96	5197667	366000	50.55
Q	SRR5688544	205	5128134	120017	50.72
Q	SRR5688554	108	5243135	282708	50.32
Q	SRR5688555	172	5568009	149534	50.48
Q	SRR5688556	161	4957293	196031	50.32
Q	SRR8610327	113	4623203	150319	50.62
Q	SRR8610343	117	4624175	133473	50.62
Q	SRR8610346	115	4623593	162333	50.62
Q	SRR8610355	111	4624047	162333	50.62
Q	SRR8885624	162	5178132	191583	50.29
Q	SRR9099603	112	4979019	184463	50.57
Q	SRR9099604	200	5196547	155668	50.30
Q	GCA_006348965_1_ASM634896v1	197	5161371	108253	50.30
F	DRR300282	532807021
F	DRR300284	516333402
F	ERR10670886	165868019
F	ERR10670898	253170078
F	ERR12409409	483428592
F	ERR13133281	984175648
F	ERR13133321	924335314
F	ERR13952550	394713510
F	ERR13952704	488974944
F	ERR15952774	450595590
F	ERR4452414	405012288
F	ERR5696750	407621316
F	ERR5696778	641449928
F	SRR10098861	555608233
F	SRR10392137	313635025
F	SRR10420728	320130038
F	SRR13376017	990675194
F	SRR24834186	2311793095
F	SRR32898997	3122382561
F	SRR32899008	2044251292
F	SRR32899019	1305007652
F	SRR33015174	678585485
F	SRR35975910	2664629887
F	SRR35975911	4645908303
F	SRR5688544	496337763
F	SRR5688554	312743342
F	SRR5688555	639807269
F	SRR5688556	204489457
F	SRR8610327	3180220940
F	SRR8610343	2535057269
F	SRR8610346	3783837984
F	SRR8610355	3588366071
F	SRR8885624	1162839238
F	SRR9099603	179694429
F	SRR9099604	150958013