GCA_009925195.1	plasmid	AA738	IncHI2A,IncI2,rep_cluster_1088	MOBH,MOBP	345093	30
GCA_014900925.1	plasmid	AA738	rep_cluster_1088,IncHI2A	MOBH	255543	27
GCA_014900935.1	plasmid	AA738	rep_cluster_1088,IncHI2A	-	156587	7
GCA_014900955.1	plasmid	AA738	rep_cluster_1088,IncHI2A	-	134452	7
GCA_020281985.1	plasmid	AA738	IncHI2A,rep_cluster_1088,IncI2,IncQ1	MOBP,MOBH	331019	25
GCA_050106675.1	chromosome	-	-	-	0	0
GCA_050938555.1	plasmid	AA372	IncI2	MOBP	62398	3
GCA_050938575.1	plasmid	AA372	IncI2	MOBP,MOBP	67276	4
GCA_050938595.1	plasmid	AA372	IncI2	MOBP	62636	5
GCA_050938735.1	plasmid	AA372	IncI2	MOBP	67497	4
GCA_050938775.1	plasmid	AA372	IncI2	MOBP	58934	2
GCA_050938885.1	plasmid	AA372	IncI2	MOBP	63369	3
GCA_050939055.1	plasmid	AA372	IncI2	MOBP	66272	6
GCA_050939075.1	plasmid	AA372	IncI2	MOBP	62260	4
GCA_050939315.1	plasmid	AA372	IncI2	MOBP	59875	3
GCA_050939515.1	plasmid	AA372	IncI2	MOBP	65398	6
GCA_977857605.1	plasmid	AA998	IncHI1A,IncFIA	MOBH	184243	7
