DRR300282	plasmid	AA374	-	-	54854	12	4295
ERR10670886	plasmid	AA738	IncHI2A,rep_cluster_1088,IncQ1	MOBH	309960	37	39415
ERR12409409	plasmid	AA557	rep_cluster_1418	-	27618	4	3681
ERR13133281	chromosome	-	-	-	0	0	2750
ERR13952550	plasmid	AA739	rep_cluster_1088,IncHI2A	MOBH	292478	23	2627
ERR13952704	plasmid	AA739	IncHI2A,rep_cluster_1088	MOBH	235279	11	86239
ERR15952774	plasmid	AA739	rep_cluster_1088,IncHI2A	MOBH	332205	22	2627
ERR4452414	plasmid	AA739	rep_cluster_1088,IncHI2A	MOBH	308732	30	2526
ERR5696750	plasmid	AA739	rep_cluster_1088,IncHI2A	MOBH	263853	15	2627
ERR5696778	plasmid	AA739	rep_cluster_1088,IncHI2A	MOBH	295128	21	2627
SRR10392137	plasmid	AA372	IncI2	MOBP	70667	7	23221
SRR13376017	plasmid	AA738	rep_cluster_1088,IncHI2A,IncQ1	MOBH	269522	26	97045
SRR24834186	plasmid	AA738	rep_cluster_1088,IncHI2A,IncI-gamma/K1,IncFIA,IncFIC	MOBP,MOBF,MOBH	393699	19	5484
SRR32899008	plasmid	AA738	rep_cluster_1088,IncHI2A	MOBH	256806	19	1761
SRR32899019	plasmid	AA738	rep_cluster_1088,IncHI2A	MOBH	257650	20	1761
SRR33015174	chromosome	-	-	-	0	0	857
SRR5688554	plasmid	AA738	IncHI2A,rep_cluster_1088	MOBH	220335	8	48227
SRR5688555	plasmid	AA738	rep_cluster_1088,IncHI2A,IncQ1	MOBH,MOBP,MOBF,MOBF	270062	17	101777
SRR5688556	plasmid	AA738	rep_cluster_1088,IncHI2A,IncQ1	MOBH	259922	21	85159
SRR8885624	plasmid	AA172	IncFII,IncFIB,IncFIA,IncFII	-	70096	11	9268
SRR9099603	plasmid	AA372	IncI2	MOBP	64020	4	2863
