assembly	contigs	total_length_bp	largest_contig_bp	N50	N90	GC_pct	Ns_per_100kbp	checkm2_completeness_pct	checkm2_contamination_pct	checkm2_coding_density	QC_vs_stated_criteria
GCA_003795445.1	242	4988197	268866	85550	14297	50.55	8.58	100.0	0.47	0.878	pass
GCA_015208565.1	216	5321899	683241	249887	50853	50.80	0.00	100.0	6.00	0.878	FAIL contamination >5%
GCA_025336805.1	343	5278367	348469	155237	30908	50.53	24.50	100.0	0.09	0.879	pass
GCA_025336825.1	49	5069550	887825	354723	97620	50.44	90.64	100.0	0.76	0.876	pass
GCA_034465125.1	214	5295826	331419	83445	18267	50.42	0.00	100.0	1.43	0.877	pass
GCA_053709775.1	205	5100318	727794	111077	38059	50.51	0.00	100.0	3.64	0.885	pass
GCA_902703155.1	107	5289460	387958	204049	40719	50.53	0.00	100.0	0.16	0.879	pass
GCA_977857845.1	127	4775047	603256	94422	30949	50.54	2.09	100.0	0.22	0.877	pass
GCA_977859995.1	360	5508014	236971	72378	7965	50.35	11.26	100.0	0.68	0.873	pass
