Sample	Protein id	Contig id	Start	Stop	Strand	Element symbol	Element name	Scope	Type	Subtype	Class	Subclass	Method	Target length	Reference sequence length	% Coverage of reference	% Identity to reference	Alignment length	Closest reference accession	Closest reference name	HMM accession	HMM description
GCA_003795445.1_GCA_003795445.1_ASM379544v1	NA	QJRZ01000012.1	571	1782	-	floR	chloramphenicol/florfenicol efflux MFS transporter FloR	core	AMR	AMR	PHENICOL	CHLORAMPHENICOL/FLORFENICOL	BLASTX	404	404	100.00	99.50	404	WP_000214119.1	chloramphenicol/florfenicol efflux MFS transporter FloR	NA	NA
GCA_003795445.1_GCA_003795445.1_ASM379544v1	NA	QJRZ01000014.1	384	1556	+	oqxA	multidrug efflux RND transporter periplasmic adaptor subunit OqxA	core	AMR	AMR	NITROFURAN/PHENICOL/QUINOLONE/TETRACYCLINE	NITROFURANTOIN/PHENICOL/QUINOLONE/TIGECYCLINE	EXACTX	391	391	100.00	100.00	391	WP_002914189.1	multidrug efflux RND transporter periplasmic adaptor subunit OqxA	NA	NA
GCA_003795445.1_GCA_003795445.1_ASM379544v1	NA	QJRZ01000014.1	1583	4732	+	oqxB	multidrug efflux RND transporter permease subunit OqxB	core	AMR	AMR	NITROFURAN/PHENICOL/QUINOLONE/TETRACYCLINE	NITROFURANTOIN/PHENICOL/QUINOLONE/TIGECYCLINE	EXACTX	1050	1050	100.00	100.00	1050	WP_000347934.1	multidrug efflux RND transporter permease subunit OqxB	NA	NA
GCA_003795445.1_GCA_003795445.1_ASM379544v1	NA	QJRZ01000018.1	314	1936	+	mcr-1.1	phosphoethanolamine--lipid A transferase MCR-1.1	core	AMR	AMR	COLISTIN	COLISTIN	ALLELEX	541	541	100.00	100.00	541	WP_049589868.1	phosphoethanolamine--lipid A transferase MCR-1.1	NA	NA
GCA_003795445.1_GCA_003795445.1_ASM379544v1	NA	QJRZ01000025.1	2614	3810	-	tet(A)	tetracycline efflux MFS transporter Tet(A)	core	AMR	AMR	TETRACYCLINE	TETRACYCLINE	EXACTX	399	399	100.00	100.00	399	WP_000804064.1	tetracycline efflux MFS transporter Tet(A)	NA	NA
GCA_003795445.1_GCA_003795445.1_ASM379544v1	NA	QJRZ01000026.1	118092	118205	+	astA	heat-stable enterotoxin EAST1	plus	VIRULENCE	VIRULENCE	NA	NA	EXACTX	38	38	100.00	100.00	38	AAD43578.1	heat-stable enterotoxin EAST1	NA	NA
GCA_003795445.1_GCA_003795445.1_ASM379544v1	NA	QJRZ01000037.1	146484	149585	+	acrF	multidrug efflux RND transporter permease subunit AcrF	plus	AMR	AMR	EFFLUX	EFFLUX	BLASTX	1034	1034	100.00	99.71	1034	AAC76298.1	multidrug efflux RND transporter permease subunit AcrF	NA	NA
GCA_003795445.1_GCA_003795445.1_ASM379544v1	NA	QJRZ01000039.1	12886	13272	-	bleO	bleomycin binding protein	core	AMR	AMR	BLEOMYCIN	BLEOMYCIN	BLASTX	129	134	96.27	100.00	129	WP_001242578.1	bleomycin binding protein	NA	NA
GCA_003795445.1_GCA_003795445.1_ASM379544v1	NA	QJRZ01000045.1	6296	7525	+	mdtM	multidrug efflux MFS transporter MdtM	plus	AMR	AMR	EFFLUX	EFFLUX	BLASTX	410	410	100.00	98.05	410	AAC77293.1	multidrug efflux MFS transporter MdtM	NA	NA
GCA_003795445.1_GCA_003795445.1_ASM379544v1	NA	QJRZ01000052.1	164563	165693	-	blaEC	BlaEC family class C beta-lactamase	plus	AMR	AMR	BETA-LACTAM	BETA-LACTAM	BLASTX	377	377	100.00	98.41	377	WP_063610930.1	extended-spectrum class C beta-lactamase EC-15	NA	NA
GCA_003795445.1_GCA_003795445.1_ASM379544v1	NA	QJRZ01000067.1	29315	29890	-	terD	tellurium resistance membrane protein TerD	plus	STRESS	METAL	TELLURIUM	TELLURIUM	BLASTX	192	192	100.00	96.35	192	AAA98292.1	tellurium resistance membrane protein TerD	NA	NA
GCA_003795445.1_GCA_003795445.1_ASM379544v1	NA	QJRZ01000067.1	32640	33218	-	terZ	tellurium resistance-associated protein TerZ	plus	STRESS	METAL	TELLURIUM	TELLURIUM	BLASTX	193	193	100.00	98.45	193	AAA86846.1	tellurium resistance-associated protein TerZ	NA	NA
GCA_003795445.1_GCA_003795445.1_ASM379544v1	NA	QJRZ01000067.1	39792	40256	+	terW	tellurium resistance protein TerW	plus	STRESS	METAL	TELLURIUM	TELLURIUM	EXACTX	155	155	100.00	100.00	155	AAC44736.1	tellurium resistance protein TerW	NA	NA
GCA_003795445.1_GCA_003795445.1_ASM379544v1	NA	QJRZ01000103.1	450	863	+	fosA3	fosfomycin resistance glutathione transferase FosA3	core	AMR	AMR	FOSFOMYCIN	FOSFOMYCIN	ALLELEX	138	138	100.00	100.00	138	WP_014839980.1	fosfomycin resistance glutathione transferase FosA3	NA	NA
GCA_003795445.1_GCA_003795445.1_ASM379544v1	NA	QJRZ01000104.1	14262	18509	+	fdeC	inverse autotransporter adhesin FdeC	plus	VIRULENCE	VIRULENCE	NA	NA	BLASTX	1416	1416	100.00	94.14	1416	ABE05822.1	inverse autotransporter adhesin FdeC	NA	NA
GCA_003795445.1_GCA_003795445.1_ASM379544v1	NA	QJRZ01000124.1	1830	2642	+	sul2	sulfonamide-resistant dihydropteroate synthase Sul2	core	AMR	AMR	SULFONAMIDE	SULFONAMIDE	EXACTX	271	271	100.00	100.00	271	WP_001043260.1	sulfonamide-resistant dihydropteroate synthase Sul2	NA	NA
GCA_003795445.1_GCA_003795445.1_ASM379544v1	NA	QJRZ01000134.1	1	456	-	aph(6)-Id	aminoglycoside O-phosphotransferase APH(6)-Id	core	AMR	AMR	AMINOGLYCOSIDE	STREPTOMYCIN	PARTIAL_CONTIG_ENDX	152	278	54.68	99.34	152	WP_000480968.1	aminoglycoside O-phosphotransferase APH(6)-Id	NA	NA
GCA_003795445.1_GCA_003795445.1_ASM379544v1	NA	QJRZ01000138.1	4144	4407	+	ariR	biofilm/acid-resistance regulator AriR	plus	STRESS	ACID	NA	NA	EXACTX	88	88	100.00	100.00	88	AAC74250.1	biofilm/acid-resistance regulator AriR	NA	NA
GCA_003795445.1_GCA_003795445.1_ASM379544v1	NA	QJRZ01000146.1	190	741	+	aac(6')-Ib3	aminoglycoside N-acetyltransferase AAC(6')-Ib3	core	AMR	AMR	AMINOGLYCOSIDE	AMIKACIN/KANAMYCIN/TOBRAMYCIN	ALLELEX	184	184	100.00	100.00	184	WP_032488579.1	aminoglycoside N-acetyltransferase AAC(6')-Ib3	NA	NA
GCA_003795445.1_GCA_003795445.1_ASM379544v1	NA	QJRZ01000150.1	384	1124	+	blaTEM	TEM family class A beta-lactamase	core	AMR	AMR	BETA-LACTAM	BETA-LACTAM	PARTIALX	247	286	86.36	100.00	247	WP_000027057.1	broad-spectrum class A beta-lactamase TEM-1	NA	NA
GCA_003795445.1_GCA_003795445.1_ASM379544v1	NA	QJRZ01000150.1	1912	2784	-	blaCTX-M-55	extended-spectrum class A beta-lactamase CTX-M-55	core	AMR	AMR	BETA-LACTAM	CEPHALOSPORIN	ALLELEX	291	291	100.00	100.00	291	WP_015387340.1	extended-spectrum class A beta-lactamase CTX-M-55	NA	NA
GCA_003795445.1_GCA_003795445.1_ASM379544v1	NA	QJRZ01000166.1	171	641	+	dfrA17	trimethoprim-resistant dihydrofolate reductase DfrA17	core	AMR	AMR	TRIMETHOPRIM	TRIMETHOPRIM	EXACTX	157	157	100.00	100.00	157	WP_001389366.1	trimethoprim-resistant dihydrofolate reductase DfrA17	NA	NA
GCA_003795445.1_GCA_003795445.1_ASM379544v1	NA	QJRZ01000166.1	775	1560	+	aadA5	ANT(3'')-Ia family aminoglycoside nucleotidyltransferase AadA5	core	AMR	AMR	AMINOGLYCOSIDE	STREPTOMYCIN	EXACTX	262	262	100.00	100.00	262	WP_000503573.1	ANT(3'')-Ia family aminoglycoside nucleotidyltransferase AadA5	NA	NA
GCA_015208565.1_GCA_015208565.1_ASM1520856v1	NA	JAAOAA010000019.1	5510	8611	-	acrF	multidrug efflux RND transporter permease subunit AcrF	plus	AMR	AMR	EFFLUX	EFFLUX	BLASTX	1034	1034	100.00	99.42	1034	AAC76298.1	multidrug efflux RND transporter permease subunit AcrF	NA	NA
GCA_015208565.1_GCA_015208565.1_ASM1520856v1	NA	JAAOAA010000023.1	106	537	-	pcoE	copper resistance system metallochaperone PcoE	plus	STRESS	METAL	COPPER	COPPER	BLASTX	144	144	100.00	99.31	144	CAA58532.1	copper resistance system metallochaperone PcoE	NA	NA
GCA_015208565.1_GCA_015208565.1_ASM1520856v1	NA	JAAOAA010000043.1	7081	8802	+	iucA	aerobactin synthase IucA	plus	VIRULENCE	VIRULENCE	NA	NA	BLASTX	574	576	100.00	95.31	576	EGI25746.1	aerobactin synthase IucA	NA	NA
GCA_015208565.1_GCA_015208565.1_ASM1520856v1	NA	JAAOAA010000043.1	8806	9750	+	iucB	N(6)-hydroxylysine O-acetyltransferase IucB	plus	VIRULENCE	VIRULENCE	NA	NA	BLASTX	315	315	100.00	96.19	315	AAN82074.1	N(6)-hydroxylysine O-acetyltransferase IucB	NA	NA
GCA_015208565.1_GCA_015208565.1_ASM1520856v1	NA	JAAOAA010000043.1	9753	11492	+	iucC	NIS family aerobactin synthetase IucC	plus	VIRULENCE	VIRULENCE	NA	NA	BLASTX	580	580	100.00	97.59	580	AAN82073.1	NIS family aerobactin synthetase IucC	NA	NA
GCA_015208565.1_GCA_015208565.1_ASM1520856v1	NA	JAAOAA010000043.1	11492	12766	+	iucD	NADPH-dependent L-lysine N(6)-monooxygenase IucD	plus	VIRULENCE	VIRULENCE	NA	NA	BLASTX	425	445	95.51	97.65	425	AAD44749.1	NADPH-dependent L-lysine N(6)-monooxygenase IucD	NA	NA
GCA_015208565.1_GCA_015208565.1_ASM1520856v1	NA	JAAOAA010000043.1	12863	15049	+	iutA	ferric aerobactin receptor IutA	plus	VIRULENCE	VIRULENCE	NA	NA	BLASTX	729	731	99.73	89.85	729	AAN45165.2	ferric aerobactin receptor IutA	NA	NA
GCA_015208565.1_GCA_015208565.1_ASM1520856v1	NA	JAAOAA010000075.1	122926	124056	+	blaEC	BlaEC family class C beta-lactamase	plus	AMR	AMR	BETA-LACTAM	BETA-LACTAM	BLASTX	377	377	100.00	98.67	377	AAZ85968.1	cephalosporin-hydrolyzing class C beta-lactamase EC-8	NA	NA
GCA_015208565.1_GCA_015208565.1_ASM1520856v1	NA	JAAOAA010000084.1	44188	48429	-	fdeC	inverse autotransporter adhesin FdeC	plus	VIRULENCE	VIRULENCE	NA	NA	BLASTX	1414	1416	99.93	92.44	1415	ABE05822.1	inverse autotransporter adhesin FdeC	NA	NA
GCA_015208565.1_GCA_015208565.1_ASM1520856v1	NA	JAAOAA010000091.1	54408	55136	+	traT	conjugal transfer complement resistance protein TraT	plus	VIRULENCE	VIRULENCE	NA	NA	BLASTX	243	243	100.00	91.36	243	AAL23506.1	conjugal transfer complement resistance protein TraT	NA	NA
GCA_015208565.1_GCA_015208565.1_ASM1520856v1	NA	JAAOAA010000091.1	72679	73536	+	blaTEM-1	broad-spectrum class A beta-lactamase TEM-1	core	AMR	AMR	BETA-LACTAM	BETA-LACTAM	ALLELEX	286	286	100.00	100.00	286	WP_000027057.1	broad-spectrum class A beta-lactamase TEM-1	NA	NA
GCA_015208565.1_GCA_015208565.1_ASM1520856v1	NA	JAAOAA010000093.1	22667	23854	+	emrD	multidrug efflux MFS transporter EmrD	plus	AMR	AMR	EFFLUX	EFFLUX	BLASTX	396	396	100.00	99.75	396	EFF04178.1	multidrug efflux MFS transporter EmrD	NA	NA
GCA_015208565.1_GCA_015208565.1_ASM1520856v1	NA	JAAOAA010000093.1	83362	83931	-	lpfA-O113	long polar fimbria major subunit LpfA-O113	plus	VIRULENCE	VIRULENCE	NA	NA	EXACTX	190	190	100.00	100.00	190	ACB16424.1	long polar fimbria major subunit LpfA-O113	NA	NA
GCA_015208565.1_GCA_015208565.1_ASM1520856v1	NA	JAAOAA010000095.1	170975	171199	+	mchB	microcin H47	plus	VIRULENCE	VIRULENCE	NA	NA	EXACTX	75	75	100.00	100.00	75	CAB54534.2	microcin H47	NA	NA
GCA_015208565.1_GCA_015208565.1_ASM1520856v1	NA	JAAOAA010000095.1	174923	177016	+	mchF	microcin H47 export transporter peptidase/ATP-binding subunit MchF	plus	VIRULENCE	VIRULENCE	NA	NA	BLASTX	698	698	100.00	99.86	698	CAD56186.1	microcin H47 export transporter peptidase/ATP-binding subunit MchF	NA	NA
GCA_015208565.1_GCA_015208565.1_ASM1520856v1	NA	JAAOAA010000097.1	26646	26936	+	iss	increased serum survival lipoprotein Iss	plus	VIRULENCE	VIRULENCE	NA	NA	EXACTX	97	97	100.00	100.00	97	ADR26561.1	increased serum survival lipoprotein Iss	NA	NA
GCA_015208565.1_GCA_015208565.1_ASM1520856v1	NA	JAAOAA010000097.1	30085	31197	+	iroB	salmochelin biosynthesis C-glycosyltransferase IroB	plus	VIRULENCE	VIRULENCE	NA	NA	BLASTX	371	371	100.00	99.73	371	EOW04219.1	salmochelin biosynthesis C-glycosyltransferase IroB	NA	NA
GCA_015208565.1_GCA_015208565.1_ASM1520856v1	NA	JAAOAA010000097.1	31340	34996	+	iroC	salmochelin/enterobactin export ABC transporter IroC	plus	VIRULENCE	VIRULENCE	NA	NA	BLASTX	1219	1219	100.00	99.59	1219	AUH19662.1	salmochelin/enterobactin export ABC transporter IroC	NA	NA
GCA_015208565.1_GCA_015208565.1_ASM1520856v1	NA	JAAOAA010000097.1	35103	36329	+	iroD	catecholate siderophore esterase IroD	plus	VIRULENCE	VIRULENCE	NA	NA	BLASTX	409	409	100.00	99.51	409	ACJ63529.1	catecholate siderophore esterase IroD	NA	NA
GCA_015208565.1_GCA_015208565.1_ASM1520856v1	NA	JAAOAA010000097.1	36417	37370	+	iroE	catecholate siderophore esterase IroE	plus	VIRULENCE	VIRULENCE	NA	NA	BLASTX	318	318	100.00	99.06	318	ACJ63530.1	catecholate siderophore esterase IroE	NA	NA
GCA_015208565.1_GCA_015208565.1_ASM1520856v1	NA	JAAOAA010000097.1	37421	39595	-	iroN	siderophore salmochelin receptor IroN	plus	VIRULENCE	VIRULENCE	NA	NA	BLASTX	725	725	100.00	99.86	725	AAN76093.1	siderophore salmochelin receptor IroN	NA	NA
GCA_015208565.1_GCA_015208565.1_ASM1520856v1	NA	JAAOAA010000097.1	44787	46880	+	cvaB	colicin V export peptidase/ABC transporter CvaB	plus	VIRULENCE	VIRULENCE	NA	NA	EXACTX	698	698	100.00	100.00	698	CAA40744.1	colicin V export peptidase/ABC transporter CvaB	NA	NA
GCA_015208565.1_GCA_015208565.1_ASM1520856v1	NA	JAAOAA010000097.1	47056	47364	-	cvaC	colicin V	plus	VIRULENCE	VIRULENCE	NA	NA	EXACTX	103	103	100.00	100.00	103	CAA40746.1	colicin V	NA	NA
GCA_015208565.1_GCA_015208565.1_ASM1520856v1	NA	JAAOAA010000108.1	638	988	+	silF	Cu(+)/Ag(+) efflux RND transporter periplasmic metallochaperone SilF	plus	STRESS	METAL	COPPER/SILVER	COPPER/SILVER	BLASTX	117	117	100.00	99.15	117	KGL71342.1	Cu(+)/Ag(+) efflux RND transporter periplasmic metallochaperone SilF	NA	NA
GCA_015208565.1_GCA_015208565.1_ASM1520856v1	NA	JAAOAA010000113.1	201783	203201	+	espX1	type III secretion system effector EspX1	plus	VIRULENCE	VIRULENCE	NA	NA	BLASTX	473	473	100.00	92.60	473	ADD54679.1	type III secretion system effector EspX1	NA	NA
GCA_015208565.1_GCA_015208565.1_ASM1520856v1	NA	JAAOAA010000121.1	247488	247778	-	iss	increased serum survival lipoprotein Iss	plus	VIRULENCE	VIRULENCE	NA	NA	EXACTX	97	97	100.00	100.00	97	BAG76115.1	increased serum survival lipoprotein Iss	NA	NA
GCA_015208565.1_GCA_015208565.1_ASM1520856v1	NA	JAAOAA010000122.1	61389	63083	+	eilA	HilA family transcriptional regulator EilA	plus	VIRULENCE	VIRULENCE	NA	NA	EXACTX	565	565	100.00	100.00	565	CBG36837.1	HilA family transcriptional regulator EilA	NA	NA
GCA_015208565.1_GCA_015208565.1_ASM1520856v1	NA	JAAOAA010000122.1	63141	68489	-	air	inverse autotransporter adhesin EaeX/Air	plus	VIRULENCE	VIRULENCE	NA	NA	PARTIAL_CONTIG_ENDX	1783	3418	52.17	100.00	1783	CAR15326.1	inverse autotransporter adhesin EaeX/Air	NA	NA
GCA_015208565.1_GCA_015208565.1_ASM1520856v1	NA	JAAOAA010000131.1	1545	2741	-	tet(A)	tetracycline efflux MFS transporter Tet(A)	core	AMR	AMR	TETRACYCLINE	TETRACYCLINE	EXACTX	399	399	100.00	100.00	399	WP_000804064.1	tetracycline efflux MFS transporter Tet(A)	NA	NA
GCA_015208565.1_GCA_015208565.1_ASM1520856v1	NA	JAAOAA010000137.1	101113	101442	-	emrE	multidrug efflux SMR transporter EmrE	plus	STRESS	BIOCIDE	EFFLUX	EFFLUX	BLASTX	110	110	100.00	98.18	110	CAA77936.1	multidrug efflux SMR transporter EmrE	NA	NA
GCA_015208565.1_GCA_015208565.1_ASM1520856v1	NA	JAAOAA010000137.1	137157	138956	-	ybtQ	yersiniabactin ABC transporter ATP-binding/permease protein YbtQ	plus	VIRULENCE	VIRULENCE	NA	NA	BLASTX	600	600	100.00	99.50	600	AAC69584.1	yersiniabactin ABC transporter ATP-binding/permease protein YbtQ	NA	NA
GCA_015208565.1_GCA_015208565.1_ASM1520856v1	NA	JAAOAA010000137.1	138946	140745	-	ybtP	yersiniabactin ABC transporter ATP-binding/permease protein YbtP	plus	VIRULENCE	VIRULENCE	NA	NA	BLASTX	600	600	100.00	99.50	600	CAA21388.1	yersiniabactin ABC transporter ATP-binding/permease protein YbtP	NA	NA
GCA_015208565.1_GCA_015208565.1_ASM1520856v1	NA	JAAOAA010000143.1	330	1553	+	merA	mercury(II) reductase	plus	STRESS	METAL	MERCURY	MERCURY	PARTIALX	408	561	72.73	96.08	408	AAC38220.1	mercury(II) reductase	NA	NA
GCA_015208565.1_GCA_015208565.1_ASM1520856v1	NA	JAAOAA010000143.1	1573	1935	+	merD	mercury resistance co-regulator MerD	plus	STRESS	METAL	MERCURY	MERCURY	BLASTX	121	121	100.00	98.35	121	AAC38221.1	mercury resistance co-regulator MerD	NA	NA
GCA_015208565.1_GCA_015208565.1_ASM1520856v1	NA	JAAOAA010000143.1	1935	2102	+	merE	broad-spectrum mercury transporter MerE	plus	STRESS	METAL	MERCURY	MERCURY	PARTIAL_CONTIG_ENDX	56	78	71.79	100.00	56	AAC38236.1	broad-spectrum mercury transporter MerE	NA	NA
GCA_015208565.1_GCA_015208565.1_ASM1520856v1	NA	JAAOAA010000146.1	375	1052	+	silR	copper/silver response regulator transcription factor SilR	plus	STRESS	METAL	COPPER/SILVER	COPPER/SILVER	EXACTX	226	226	100.00	100.00	226	SPD96883.1	copper/silver response regulator transcription factor SilR	NA	NA
GCA_015208565.1_GCA_015208565.1_ASM1520856v1	NA	JAAOAA010000146.1	1048	1899	+	silS	copper/silver sensor histidine kinase SilS	plus	STRESS	METAL	COPPER/SILVER	COPPER/SILVER	PARTIAL_CONTIG_ENDX	284	491	57.84	99.30	284	SPD96882.1	copper/silver sensor histidine kinase SilS	NA	NA
GCA_015208565.1_GCA_015208565.1_ASM1520856v1	NA	JAAOAA010000150.1	2107	2397	+	iss	increased serum survival lipoprotein Iss	plus	VIRULENCE	VIRULENCE	NA	NA	EXACTX	97	97	100.00	100.00	97	CAR12622.1	increased serum survival lipoprotein Iss	NA	NA
GCA_015208565.1_GCA_015208565.1_ASM1520856v1	NA	JAAOAA010000156.1	221424	221783	+	arsD	arsenite efflux transporter metallochaperone ArsD	plus	STRESS	METAL	ARSENIC	ARSENITE	BLASTX	120	120	100.00	90.00	120	AAB09625.1	arsenite efflux transporter metallochaperone ArsD	NA	NA
GCA_015208565.1_GCA_015208565.1_ASM1520856v1	NA	JAAOAA010000169.1	2	247	+	pcoC	copper resistance system metallochaperone PcoC	plus	STRESS	METAL	COPPER	COPPER	PARTIAL_CONTIG_ENDX	82	126	65.08	100.00	82	CAA58527.1	copper resistance system metallochaperone PcoC	NA	NA
GCA_015208565.1_GCA_015208565.1_ASM1520856v1	NA	JAAOAA010000169.1	255	1181	+	pcoD	copper resistance inner membrane protein PcoD	plus	STRESS	METAL	COPPER	COPPER	BLASTX	309	309	100.00	99.68	309	CAA58528.1	copper resistance inner membrane protein PcoD	NA	NA
GCA_015208565.1_GCA_015208565.1_ASM1520856v1	NA	JAAOAA010000169.1	1239	1916	+	pcoR	copper response regulator transcription factor PcoR	plus	STRESS	METAL	COPPER	COPPER	EXACTX	226	226	100.00	100.00	226	CAA58529.1	copper response regulator transcription factor PcoR	NA	NA
GCA_015208565.1_GCA_015208565.1_ASM1520856v1	NA	JAAOAA010000173.1	25756	26019	+	ariR	biofilm/acid-resistance regulator AriR	plus	STRESS	ACID	NA	NA	BLASTX	88	88	100.00	98.86	88	AAC74250.1	biofilm/acid-resistance regulator AriR	NA	NA
GCA_015208565.1_GCA_015208565.1_ASM1520856v1	NA	JAAOAA010000180.1	42500	45043	-	cyaA_S352T	Escherichia fosmidomycin resistant CyaA	core	AMR	POINT	FOSMIDOMYCIN	FOSMIDOMYCIN	POINTX	848	848	100.00	99.29	848	WP_000281668.1	adenylate cyclase CyaA	NA	NA
GCA_015208565.1_GCA_015208565.1_ASM1520856v1	NA	JAAOAA010000190.1	3	1145	+	mcr-9	MCR-9 family phosphoethanolamine--lipid A transferase	plus	AMR	AMR	COLISTIN	COLISTIN	PARTIAL_CONTIG_ENDX	381	539	70.69	100.00	381	AYW01299.1	phosphoethanolamine--lipid A transferase MCR-9.1	NA	NA
GCA_015208565.1_GCA_015208565.1_ASM1520856v1	NA	JAAOAA010000213.1	5067	9197	+	tsh	temperature-sensitive protease autotransporter hemagglutinin Tsh	plus	VIRULENCE	VIRULENCE	NA	NA	EXACTX	1377	1377	100.00	100.00	1377	AAA24698.1	temperature-sensitive protease autotransporter hemagglutinin Tsh	NA	NA
GCA_025336805.1_GCA_025336805.1_ASM2533680v1	NA	JAODFU010000001.1	201995	203413	+	espX1	type III secretion system effector EspX1	plus	VIRULENCE	VIRULENCE	NA	NA	BLASTX	473	473	100.00	92.60	473	ADD54679.1	type III secretion system effector EspX1	NA	NA
GCA_025336805.1_GCA_025336805.1_ASM2533680v1	NA	JAODFU010000011.1	101172	101501	-	emrE	multidrug efflux SMR transporter EmrE	plus	STRESS	BIOCIDE	EFFLUX	EFFLUX	BLASTX	110	110	100.00	98.18	110	CAA77936.1	multidrug efflux SMR transporter EmrE	NA	NA
GCA_025336805.1_GCA_025336805.1_ASM2533680v1	NA	JAODFU010000014.1	73672	74031	-	arsD	arsenite efflux transporter metallochaperone ArsD	plus	STRESS	METAL	ARSENIC	ARSENITE	BLASTX	120	120	100.00	90.00	120	AAB09625.1	arsenite efflux transporter metallochaperone ArsD	NA	NA
GCA_025336805.1_GCA_025336805.1_ASM2533680v1	NA	JAODFU010000015.1	125231	129472	-	fdeC	inverse autotransporter adhesin FdeC	plus	VIRULENCE	VIRULENCE	NA	NA	BLASTX	1414	1416	99.93	92.44	1415	ABE05822.1	inverse autotransporter adhesin FdeC	NA	NA
GCA_025336805.1_GCA_025336805.1_ASM2533680v1	NA	JAODFU010000016.1	138707	141808	+	acrF	multidrug efflux RND transporter permease subunit AcrF	plus	AMR	AMR	EFFLUX	EFFLUX	BLASTX	1034	1034	100.00	99.42	1034	AAC76298.1	multidrug efflux RND transporter permease subunit AcrF	NA	NA
GCA_025336805.1_GCA_025336805.1_ASM2533680v1	NA	JAODFU010000024.1	43371	45914	+	cyaA_S352T	Escherichia fosmidomycin resistant CyaA	core	AMR	POINT	FOSMIDOMYCIN	FOSMIDOMYCIN	POINTX	848	848	100.00	99.29	848	WP_000281668.1	adenylate cyclase CyaA	NA	NA
GCA_025336805.1_GCA_025336805.1_ASM2533680v1	NA	JAODFU010000025.1	61211	61474	-	ariR	biofilm/acid-resistance regulator AriR	plus	STRESS	ACID	NA	NA	BLASTX	88	88	100.00	98.86	88	AAC74250.1	biofilm/acid-resistance regulator AriR	NA	NA
GCA_025336805.1_GCA_025336805.1_ASM2533680v1	NA	JAODFU010000029.1	6	4673	-	air	inverse autotransporter adhesin EaeX/Air	plus	VIRULENCE	VIRULENCE	NA	NA	PARTIALX	1556	2933	53.05	94.73	1556	ACB17037.1	inverse autotransporter adhesin EaeX/Air	NA	NA
GCA_025336805.1_GCA_025336805.1_ASM2533680v1	NA	JAODFU010000029.1	23137	24324	+	emrD	multidrug efflux MFS transporter EmrD	plus	AMR	AMR	EFFLUX	EFFLUX	BLASTX	396	396	100.00	99.75	396	EFF04178.1	multidrug efflux MFS transporter EmrD	NA	NA
GCA_025336805.1_GCA_025336805.1_ASM2533680v1	NA	JAODFU010000030.1	61324	63018	+	eilA	HilA family transcriptional regulator EilA	plus	VIRULENCE	VIRULENCE	NA	NA	EXACTX	565	565	100.00	100.00	565	CBG36837.1	HilA family transcriptional regulator EilA	NA	NA
GCA_025336805.1_GCA_025336805.1_ASM2533680v1	NA	JAODFU010000031.1	9315	11114	-	ybtQ	yersiniabactin ABC transporter ATP-binding/permease protein YbtQ	plus	VIRULENCE	VIRULENCE	NA	NA	BLASTX	600	600	100.00	99.50	600	AAC69584.1	yersiniabactin ABC transporter ATP-binding/permease protein YbtQ	NA	NA
GCA_025336805.1_GCA_025336805.1_ASM2533680v1	NA	JAODFU010000031.1	11104	12903	-	ybtP	yersiniabactin ABC transporter ATP-binding/permease protein YbtP	plus	VIRULENCE	VIRULENCE	NA	NA	BLASTX	600	600	100.00	99.50	600	CAA21388.1	yersiniabactin ABC transporter ATP-binding/permease protein YbtP	NA	NA
GCA_025336805.1_GCA_025336805.1_ASM2533680v1	NA	JAODFU010000032.1	34381	35511	-	blaEC	BlaEC family class C beta-lactamase	plus	AMR	AMR	BETA-LACTAM	BETA-LACTAM	BLASTX	377	377	100.00	98.67	377	AAZ85968.1	cephalosporin-hydrolyzing class C beta-lactamase EC-8	NA	NA
GCA_025336805.1_GCA_025336805.1_ASM2533680v1	NA	JAODFU010000034.1	10738	11307	-	lpfA-O113	long polar fimbria major subunit LpfA-O113	plus	VIRULENCE	VIRULENCE	NA	NA	EXACTX	190	190	100.00	100.00	190	ACB16424.1	long polar fimbria major subunit LpfA-O113	NA	NA
GCA_025336805.1_GCA_025336805.1_ASM2533680v1	NA	JAODFU010000049.1	241	1098	+	blaTEM-1	broad-spectrum class A beta-lactamase TEM-1	core	AMR	AMR	BETA-LACTAM	BETA-LACTAM	ALLELEX	286	286	100.00	100.00	286	WP_000027057.1	broad-spectrum class A beta-lactamase TEM-1	NA	NA
GCA_025336805.1_GCA_025336805.1_ASM2533680v1	NA	JAODFU010000074.1	64	1686	+	mcr-1.1	phosphoethanolamine--lipid A transferase MCR-1.1	core	AMR	AMR	COLISTIN	COLISTIN	ALLELEX	541	541	100.00	100.00	541	WP_049589868.1	phosphoethanolamine--lipid A transferase MCR-1.1	NA	NA
GCA_025336825.1_GCA_025336825.1_ASM2533682v1	NA	JAODFT010000001.1	545615	548239	+	gyrA_S83L	Escherichia quinolone resistant GyrA	core	AMR	POINT	QUINOLONE	QUINOLONE	POINTX	875	878	99.66	99.09	875	WP_001281243.1	DNA gyrase subunit A GyrA	NA	NA
GCA_025336825.1_GCA_025336825.1_ASM2533682v1	NA	JAODFT010000001.1	629055	631044	+	cirA_N81TerfsTer0	Escherichia cefiderocol resistant CirA	core	AMR	POINT_DISRUPT	BETA-LACTAM	CEFIDEROCOL	POINTX	663	663	100.00	100.00	663	WP_000489247.1	catecholate siderophore receptor CirA	NA	NA
GCA_025336825.1_GCA_025336825.1_ASM2533682v1	NA	JAODFT010000002.1	93380	94510	-	blaEC	BlaEC family class C beta-lactamase	plus	AMR	AMR	BETA-LACTAM	BETA-LACTAM	BLASTX	377	377	100.00	98.41	377	WP_063610930.1	extended-spectrum class C beta-lactamase EC-15	NA	NA
GCA_025336825.1_GCA_025336825.1_ASM2533682v1	NA	JAODFT010000002.1	264348	265577	-	mdtM	multidrug efflux MFS transporter MdtM	plus	AMR	AMR	EFFLUX	EFFLUX	BLASTX	410	410	100.00	97.80	410	AAC77293.1	multidrug efflux MFS transporter MdtM	NA	NA
GCA_025336825.1_GCA_025336825.1_ASM2533682v1	NA	JAODFT010000002.1	366096	367508	-	espX1	type III secretion system effector EspX1	plus	VIRULENCE	VIRULENCE	NA	NA	INTERNAL_STOP	471	473	100.00	90.70	473	ADD54679.1	type III secretion system effector EspX1	NA	NA
GCA_025336825.1_GCA_025336825.1_ASM2533682v1	NA	JAODFT010000004.1	112098	112667	-	lpfA-O113	long polar fimbria major subunit LpfA-O113	plus	VIRULENCE	VIRULENCE	NA	NA	EXACTX	190	190	100.00	100.00	190	AAT76975.1	long polar fimbria major subunit LpfA-O113	NA	NA
GCA_025336825.1_GCA_025336825.1_ASM2533682v1	NA	JAODFT010000005.1	103584	103847	+	ariR	biofilm/acid-resistance regulator AriR	plus	STRESS	ACID	NA	NA	EXACTX	88	88	100.00	100.00	88	AAC74250.1	biofilm/acid-resistance regulator AriR	NA	NA
GCA_025336825.1_GCA_025336825.1_ASM2533682v1	NA	JAODFT010000006.1	306079	306369	+	iss	increased serum survival lipoprotein Iss	plus	VIRULENCE	VIRULENCE	NA	NA	EXACTX	97	97	100.00	100.00	97	ADR26561.1	increased serum survival lipoprotein Iss	NA	NA
GCA_025336825.1_GCA_025336825.1_ASM2533682v1	NA	JAODFT010000006.1	309515	310627	+	iroB	salmochelin biosynthesis C-glycosyltransferase IroB	plus	VIRULENCE	VIRULENCE	NA	NA	BLASTX	371	371	100.00	99.73	371	EOW04219.1	salmochelin biosynthesis C-glycosyltransferase IroB	NA	NA
GCA_025336825.1_GCA_025336825.1_ASM2533682v1	NA	JAODFT010000006.1	310770	314426	+	iroC	salmochelin/enterobactin export ABC transporter IroC	plus	VIRULENCE	VIRULENCE	NA	NA	BLASTX	1219	1219	100.00	99.34	1219	AUH19662.1	salmochelin/enterobactin export ABC transporter IroC	NA	NA
GCA_025336825.1_GCA_025336825.1_ASM2533682v1	NA	JAODFT010000006.1	314533	315759	+	iroD	catecholate siderophore esterase IroD	plus	VIRULENCE	VIRULENCE	NA	NA	EXACTX	409	409	100.00	100.00	409	ACJ63529.1	catecholate siderophore esterase IroD	NA	NA
GCA_025336825.1_GCA_025336825.1_ASM2533682v1	NA	JAODFT010000006.1	315847	316800	+	iroE	catecholate siderophore esterase IroE	plus	VIRULENCE	VIRULENCE	NA	NA	EXACTX	318	318	100.00	100.00	318	ACJ63530.1	catecholate siderophore esterase IroE	NA	NA
GCA_025336825.1_GCA_025336825.1_ASM2533682v1	NA	JAODFT010000006.1	316851	319025	-	iroN	siderophore salmochelin receptor IroN	plus	VIRULENCE	VIRULENCE	NA	NA	EXACTX	725	725	100.00	100.00	725	AAN76093.1	siderophore salmochelin receptor IroN	NA	NA
GCA_025336825.1_GCA_025336825.1_ASM2533682v1	NA	JAODFT010000006.1	346456	347652	-	tet(A)	tetracycline efflux MFS transporter Tet(A)	core	AMR	AMR	TETRACYCLINE	TETRACYCLINE	EXACTX	399	399	100.00	100.00	399	WP_000804064.1	tetracycline efflux MFS transporter Tet(A)	NA	NA
GCA_025336825.1_GCA_025336825.1_ASM2533682v1	NA	JAODFT010000006.1	351392	352048	-	catA1	type A-1 chloramphenicol O-acetyltransferase	core	AMR	AMR	PHENICOL	CHLORAMPHENICOL	EXACTX	219	219	100.00	100.00	219	WP_000412211.1	type A-1 chloramphenicol O-acetyltransferase	NA	NA
GCA_025336825.1_GCA_025336825.1_ASM2533682v1	NA	JAODFT010000008.1	5262	8363	-	acrF	multidrug efflux RND transporter permease subunit AcrF	plus	AMR	AMR	EFFLUX	EFFLUX	BLASTX	1034	1034	100.00	99.42	1034	AAC76298.1	multidrug efflux RND transporter permease subunit AcrF	NA	NA
GCA_025336825.1_GCA_025336825.1_ASM2533682v1	NA	JAODFT010000010.1	139849	140178	-	emrE	multidrug efflux SMR transporter EmrE	plus	STRESS	BIOCIDE	EFFLUX	EFFLUX	BLASTX	110	110	100.00	98.18	110	CAA77936.1	multidrug efflux SMR transporter EmrE	NA	NA
GCA_025336825.1_GCA_025336825.1_ASM2533682v1	NA	JAODFT010000011.1	48782	49303	-	lpfA	long polar fimbria major subunit LpfA	plus	VIRULENCE	VIRULENCE	NA	NA	EXACTX	174	174	100.00	100.00	174	CAV00478.1	long polar fimbria major subunit LpfA	NA	NA
GCA_025336825.1_GCA_025336825.1_ASM2533682v1	NA	JAODFT010000014.1	22152	26393	+	fdeC	inverse autotransporter adhesin FdeC	plus	VIRULENCE	VIRULENCE	NA	NA	BLASTX	1414	1416	99.93	92.51	1415	ABE05822.1	inverse autotransporter adhesin FdeC	NA	NA
GCA_025336825.1_GCA_025336825.1_ASM2533682v1	NA	JAODFT010000016.1	27005	28726	+	iucA	aerobactin synthase IucA	plus	VIRULENCE	VIRULENCE	NA	NA	BLASTX	574	576	100.00	95.31	576	EGI25746.1	aerobactin synthase IucA	NA	NA
GCA_025336825.1_GCA_025336825.1_ASM2533682v1	NA	JAODFT010000016.1	28730	29674	+	iucB	N(6)-hydroxylysine O-acetyltransferase IucB	plus	VIRULENCE	VIRULENCE	NA	NA	BLASTX	315	315	100.00	95.87	315	AAN82074.1	N(6)-hydroxylysine O-acetyltransferase IucB	NA	NA
GCA_025336825.1_GCA_025336825.1_ASM2533682v1	NA	JAODFT010000016.1	29677	31416	+	iucC	NIS family aerobactin synthetase IucC	plus	VIRULENCE	VIRULENCE	NA	NA	BLASTX	580	580	100.00	97.59	580	AAN82073.1	NIS family aerobactin synthetase IucC	NA	NA
GCA_025336825.1_GCA_025336825.1_ASM2533682v1	NA	JAODFT010000016.1	31416	32690	+	iucD	NADPH-dependent L-lysine N(6)-monooxygenase IucD	plus	VIRULENCE	VIRULENCE	NA	NA	BLASTX	425	445	95.51	97.65	425	AAD44749.1	NADPH-dependent L-lysine N(6)-monooxygenase IucD	NA	NA
GCA_025336825.1_GCA_025336825.1_ASM2533682v1	NA	JAODFT010000016.1	32787	34973	+	iutA	ferric aerobactin receptor IutA	plus	VIRULENCE	VIRULENCE	NA	NA	BLASTX	729	731	99.73	89.71	729	AAN45165.2	ferric aerobactin receptor IutA	NA	NA
GCA_025336825.1_GCA_025336825.1_ASM2533682v1	NA	JAODFT010000016.1	62169	62600	-	merR	mercury resistance transcriptional regulator MerR	plus	STRESS	METAL	MERCURY	MERCURY	BLASTX	144	144	100.00	93.75	144	CAA77320.1	mercury resistance transcriptional regulator MerR	NA	NA
GCA_025336825.1_GCA_025336825.1_ASM2533682v1	NA	JAODFT010000016.1	62672	63019	+	merT	mercuric transport protein MerT	plus	STRESS	METAL	MERCURY	MERCURY	EXACTX	116	116	100.00	100.00	116	AAB59075.1	mercuric transport protein MerT	NA	NA
GCA_025336825.1_GCA_025336825.1_ASM2533682v1	NA	JAODFT010000016.1	63036	63308	+	merP	mercury resistance system periplasmic binding protein MerP	plus	STRESS	METAL	MERCURY	MERCURY	BLASTX	91	91	100.00	90.11	91	AAC38219.1	mercury resistance system periplasmic binding protein MerP	NA	NA
GCA_025336825.1_GCA_025336825.1_ASM2533682v1	NA	JAODFT010000016.1	63347	63766	+	merC	organomercurial transporter MerC	plus	STRESS	METAL	MERCURY	ORGANOMERCURY	EXACTX	140	140	100.00	100.00	140	AAC33908.1	organomercurial transporter MerC	NA	NA
GCA_025336825.1_GCA_025336825.1_ASM2533682v1	NA	JAODFT010000016.1	70778	71683	-	mph(B)	Mph(B) family macrolide 2'-phosphotransferase	core	AMR	AMR	MACROLIDE	ERYTHROMYCIN/SPIRAMYCIN/TELITHROMYCIN	EXACTX	302	302	100.00	100.00	302	WP_000031017.1	Mph(B) family macrolide 2'-phosphotransferase	NA	NA
GCA_025336825.1_GCA_025336825.1_ASM2533682v1	NA	JAODFT010000016.1	71723	72559	-	rdmCL	spiramycin modification protein RdmCL	plus	AMR	AMR	MACROLIDE	TYLOSIN	EXACTX	279	279	100.00	100.00	279	ACE78319.1	spiramycin modification protein RdmCL	NA	NA
GCA_025336825.1_GCA_025336825.1_ASM2533682v1	NA	JAODFT010000016.1	79418	80254	-	sul1	sulfonamide-resistant dihydropteroate synthase Sul1	core	AMR	AMR	SULFONAMIDE	SULFONAMIDE	EXACTX	279	279	100.00	100.00	279	WP_000259031.1	sulfonamide-resistant dihydropteroate synthase Sul1	NA	NA
GCA_025336825.1_GCA_025336825.1_ASM2533682v1	NA	JAODFT010000016.1	80251	80595	-	qacEdelta1	quaternary ammonium compound efflux SMR transporter QacE delta 1	core	STRESS	BIOCIDE	QUATERNARY AMMONIUM	QUATERNARY AMMONIUM	ALLELEX	115	115	100.00	100.00	115	WP_000679427.1	quaternary ammonium compound efflux SMR transporter QacE delta 1	NA	NA
GCA_025336825.1_GCA_025336825.1_ASM2533682v1	NA	JAODFT010000016.1	80762	81550	-	aadA1	ANT(3'')-Ia family aminoglycoside nucleotidyltransferase AadA1	core	AMR	AMR	AMINOGLYCOSIDE	STREPTOMYCIN	EXACTX	263	263	100.00	100.00	263	WP_001206317.1	ANT(3'')-Ia family aminoglycoside nucleotidyltransferase AadA1	NA	NA
GCA_025336825.1_GCA_025336825.1_ASM2533682v1	NA	JAODFT010000016.1	81646	82116	-	dfrA1	trimethoprim-resistant dihydrofolate reductase DfrA1	core	AMR	AMR	TRIMETHOPRIM	TRIMETHOPRIM	EXACTX	157	157	100.00	100.00	157	WP_000777555.1	trimethoprim-resistant dihydrofolate reductase DfrA1	NA	NA
GCA_025336825.1_GCA_025336825.1_ASM2533682v1	NA	JAODFT010000016.1	83366	84199	-	aph(6)-Id	aminoglycoside O-phosphotransferase APH(6)-Id	core	AMR	AMR	AMINOGLYCOSIDE	STREPTOMYCIN	EXACTX	278	278	100.00	100.00	278	WP_000480968.1	aminoglycoside O-phosphotransferase APH(6)-Id	NA	NA
GCA_025336825.1_GCA_025336825.1_ASM2533682v1	NA	JAODFT010000016.1	84202	85002	-	aph(3'')-Ib	aminoglycoside O-phosphotransferase APH(3'')-Ib	core	AMR	AMR	AMINOGLYCOSIDE	STREPTOMYCIN	EXACTX	267	267	100.00	100.00	267	WP_001082319.1	aminoglycoside O-phosphotransferase APH(3'')-Ib	NA	NA
GCA_025336825.1_GCA_025336825.1_ASM2533682v1	NA	JAODFT010000016.1	85066	85878	-	sul2	sulfonamide-resistant dihydropteroate synthase Sul2	core	AMR	AMR	SULFONAMIDE	SULFONAMIDE	EXACTX	271	271	100.00	100.00	271	WP_001043265.1	sulfonamide-resistant dihydropteroate synthase Sul2	NA	NA
GCA_025336825.1_GCA_025336825.1_ASM2533682v1	NA	JAODFT010000018.1	2547	4169	+	mcr-1.1	phosphoethanolamine--lipid A transferase MCR-1.1	core	AMR	AMR	COLISTIN	COLISTIN	ALLELEX	541	541	100.00	100.00	541	WP_049589868.1	phosphoethanolamine--lipid A transferase MCR-1.1	NA	NA
GCA_025336825.1_GCA_025336825.1_ASM2533682v1	NA	JAODFT010000028.1	522	1379	+	blaTEM-1	broad-spectrum class A beta-lactamase TEM-1	core	AMR	AMR	BETA-LACTAM	BETA-LACTAM	ALLELEX	286	286	100.00	100.00	286	WP_000027057.1	broad-spectrum class A beta-lactamase TEM-1	NA	NA
GCA_034465125.1_GCA_034465125.1_PDT002034360.1	NA	DASMXT010000002.1	205117	208218	+	acrF	multidrug efflux RND transporter permease subunit AcrF	plus	AMR	AMR	EFFLUX	EFFLUX	BLASTX	1034	1034	100.00	99.81	1034	AAC76298.1	multidrug efflux RND transporter permease subunit AcrF	NA	NA
GCA_034465125.1_GCA_034465125.1_PDT002034360.1	NA	DASMXT010000004.1	15421	17408	-	cirA_D84IfsTer16	Escherichia cefiderocol resistant CirA	core	AMR	POINT_DISRUPT	BETA-LACTAM	CEFIDEROCOL	POINTX	662	663	100.00	99.85	662	WP_000489247.1	catecholate siderophore receptor CirA	NA	NA
GCA_034465125.1_GCA_034465125.1_PDT002034360.1	NA	DASMXT010000004.1	98452	101076	-	gyrA_D87N	Escherichia quinolone resistant GyrA	core	AMR	POINT	QUINOLONE	QUINOLONE	POINTX	875	878	99.66	98.97	875	WP_001281243.1	DNA gyrase subunit A GyrA	NA	NA
GCA_034465125.1_GCA_034465125.1_PDT002034360.1	NA	DASMXT010000004.1	98452	101076	-	gyrA_S83L	Escherichia quinolone resistant GyrA	core	AMR	POINT	QUINOLONE	QUINOLONE	POINTX	875	878	99.66	98.97	875	WP_001281243.1	DNA gyrase subunit A GyrA	NA	NA
GCA_034465125.1_GCA_034465125.1_PDT002034360.1	NA	DASMXT010000012.1	18262	19449	+	emrD	multidrug efflux MFS transporter EmrD	plus	AMR	AMR	EFFLUX	EFFLUX	BLASTX	396	396	100.00	99.75	396	EFF04178.1	multidrug efflux MFS transporter EmrD	NA	NA
GCA_034465125.1_GCA_034465125.1_PDT002034360.1	NA	DASMXT010000017.1	29186	29761	-	terD	tellurium resistance membrane protein TerD	plus	STRESS	METAL	TELLURIUM	TELLURIUM	BLASTX	192	192	100.00	96.35	192	AAA98292.1	tellurium resistance membrane protein TerD	NA	NA
GCA_034465125.1_GCA_034465125.1_PDT002034360.1	NA	DASMXT010000017.1	32511	33089	-	terZ	tellurium resistance-associated protein TerZ	plus	STRESS	METAL	TELLURIUM	TELLURIUM	BLASTX	193	193	100.00	98.45	193	AAA86846.1	tellurium resistance-associated protein TerZ	NA	NA
GCA_034465125.1_GCA_034465125.1_PDT002034360.1	NA	DASMXT010000017.1	39663	40127	+	terW	tellurium resistance protein TerW	plus	STRESS	METAL	TELLURIUM	TELLURIUM	EXACTX	155	155	100.00	100.00	155	AAC44736.1	tellurium resistance protein TerW	NA	NA
GCA_034465125.1_GCA_034465125.1_PDT002034360.1	NA	DASMXT010000023.1	51481	52611	-	blaEC	BlaEC family class C beta-lactamase	plus	AMR	AMR	BETA-LACTAM	BETA-LACTAM	BLASTX	377	377	100.00	99.73	377	ABS58643.1	BlaEC family class C beta-lactamase	NA	NA
GCA_034465125.1_GCA_034465125.1_PDT002034360.1	NA	DASMXT010000025.1	13034	15289	-	parC_S80I	Escherichia quinolone resistant ParC	core	AMR	POINT	QUINOLONE	QUINOLONE	POINTX	752	752	100.00	99.87	752	WP_001281881.1	DNA topoisomerase IV subunit A ParC	NA	NA
GCA_034465125.1_GCA_034465125.1_PDT002034360.1	NA	DASMXT010000027.1	52449	52712	-	ariR	biofilm/acid-resistance regulator AriR	plus	STRESS	ACID	NA	NA	EXACTX	88	88	100.00	100.00	88	AAC74250.1	biofilm/acid-resistance regulator AriR	NA	NA
GCA_034465125.1_GCA_034465125.1_PDT002034360.1	NA	DASMXT010000031.1	45184	46335	+	espX1	type III secretion system effector EspX1	plus	VIRULENCE	VIRULENCE	NA	NA	PARTIALX	384	473	81.18	90.10	384	ADD54679.1	type III secretion system effector EspX1	NA	NA
GCA_034465125.1_GCA_034465125.1_PDT002034360.1	NA	DASMXT010000050.1	20110	21318	+	mdtM	multidrug efflux MFS transporter MdtM	plus	AMR	AMR	EFFLUX	EFFLUX	BLASTX	403	410	98.29	97.52	403	AAC77293.1	multidrug efflux MFS transporter MdtM	NA	NA
GCA_034465125.1_GCA_034465125.1_PDT002034360.1	NA	DASMXT010000060.1	3585	5333	-	arsA	arsenite efflux transporter ATPase subunit ArsA	plus	STRESS	METAL	ARSENIC	ARSENITE	BLASTX	583	583	100.00	99.66	583	AAA21094.1	arsenite efflux transporter ATPase subunit ArsA	NA	NA
GCA_034465125.1_GCA_034465125.1_PDT002034360.1	NA	DASMXT010000060.1	5354	5713	-	arsD	arsenite efflux transporter metallochaperone ArsD	plus	STRESS	METAL	ARSENIC	ARSENITE	BLASTX	120	120	100.00	98.33	120	AAA93060.1	arsenite efflux transporter metallochaperone ArsD	NA	NA
GCA_034465125.1_GCA_034465125.1_PDT002034360.1	NA	DASMXT010000060.1	5764	6111	-	arsR	As(III)-sensing metalloregulatory transcriptional repressor ArsR	plus	STRESS	METAL	ARSENIC	ARSENIC	BLASTX	116	116	100.00	90.52	116	AET17094.1	As(III)-sensing metalloregulatory transcriptional repressor ArsR	NA	NA
GCA_034465125.1_GCA_034465125.1_PDT002034360.1	NA	DASMXT010000074.1	140	430	+	iss	increased serum survival lipoprotein Iss	plus	VIRULENCE	VIRULENCE	NA	NA	EXACTX	97	97	100.00	100.00	97	ADR26561.1	increased serum survival lipoprotein Iss	NA	NA
GCA_034465125.1_GCA_034465125.1_PDT002034360.1	NA	DASMXT010000074.1	3579	4691	+	iroB	salmochelin biosynthesis C-glycosyltransferase IroB	plus	VIRULENCE	VIRULENCE	NA	NA	BLASTX	371	371	100.00	99.73	371	EOW04219.1	salmochelin biosynthesis C-glycosyltransferase IroB	NA	NA
GCA_034465125.1_GCA_034465125.1_PDT002034360.1	NA	DASMXT010000074.1	4834	8490	+	iroC	salmochelin/enterobactin export ABC transporter IroC	plus	VIRULENCE	VIRULENCE	NA	NA	BLASTX	1219	1219	100.00	99.34	1219	AUH19662.1	salmochelin/enterobactin export ABC transporter IroC	NA	NA
GCA_034465125.1_GCA_034465125.1_PDT002034360.1	NA	DASMXT010000074.1	8597	9823	+	iroD	catecholate siderophore esterase IroD	plus	VIRULENCE	VIRULENCE	NA	NA	BLASTX	409	409	100.00	99.76	409	ACJ63529.1	catecholate siderophore esterase IroD	NA	NA
GCA_034465125.1_GCA_034465125.1_PDT002034360.1	NA	DASMXT010000074.1	9911	10864	+	iroE	catecholate siderophore esterase IroE	plus	VIRULENCE	VIRULENCE	NA	NA	EXACTX	318	318	100.00	100.00	318	ACJ63530.1	catecholate siderophore esterase IroE	NA	NA
GCA_034465125.1_GCA_034465125.1_PDT002034360.1	NA	DASMXT010000074.1	10915	13089	-	iroN	siderophore salmochelin receptor IroN	plus	VIRULENCE	VIRULENCE	NA	NA	BLASTX	725	725	100.00	99.86	725	AAN76093.1	siderophore salmochelin receptor IroN	NA	NA
GCA_034465125.1_GCA_034465125.1_PDT002034360.1	NA	DASMXT010000076.1	980	1411	-	merR	mercury resistance transcriptional regulator MerR	plus	STRESS	METAL	MERCURY	MERCURY	BLASTX	144	144	100.00	93.75	144	CAA77320.1	mercury resistance transcriptional regulator MerR	NA	NA
GCA_034465125.1_GCA_034465125.1_PDT002034360.1	NA	DASMXT010000076.1	1483	1830	+	merT	mercuric transport protein MerT	plus	STRESS	METAL	MERCURY	MERCURY	EXACTX	116	116	100.00	100.00	116	AAB59075.1	mercuric transport protein MerT	NA	NA
GCA_034465125.1_GCA_034465125.1_PDT002034360.1	NA	DASMXT010000076.1	1847	2119	+	merP	mercury resistance system periplasmic binding protein MerP	plus	STRESS	METAL	MERCURY	MERCURY	BLASTX	91	91	100.00	90.11	91	AAC38219.1	mercury resistance system periplasmic binding protein MerP	NA	NA
GCA_034465125.1_GCA_034465125.1_PDT002034360.1	NA	DASMXT010000076.1	2158	2577	+	merC	organomercurial transporter MerC	plus	STRESS	METAL	MERCURY	ORGANOMERCURY	EXACTX	140	140	100.00	100.00	140	AAC33908.1	organomercurial transporter MerC	NA	NA
GCA_034465125.1_GCA_034465125.1_PDT002034360.1	NA	DASMXT010000076.1	11464	12300	-	sul1	sulfonamide-resistant dihydropteroate synthase Sul1	core	AMR	AMR	SULFONAMIDE	SULFONAMIDE	EXACTX	279	279	100.00	100.00	279	WP_000259032.1	sulfonamide-resistant dihydropteroate synthase Sul1	NA	NA
GCA_034465125.1_GCA_034465125.1_PDT002034360.1	NA	DASMXT010000076.1	12297	12641	-	qacEdelta1	quaternary ammonium compound efflux SMR transporter QacE delta 1	core	STRESS	BIOCIDE	QUATERNARY AMMONIUM	QUATERNARY AMMONIUM	ALLELEX	115	115	100.00	100.00	115	WP_000679427.1	quaternary ammonium compound efflux SMR transporter QacE delta 1	NA	NA
GCA_034465125.1_GCA_034465125.1_PDT002034360.1	NA	DASMXT010000076.1	12808	13596	-	aadA1	ANT(3'')-Ia family aminoglycoside nucleotidyltransferase AadA1	core	AMR	AMR	AMINOGLYCOSIDE	STREPTOMYCIN	EXACTX	263	263	100.00	100.00	263	WP_001206316.1	ANT(3'')-Ia family aminoglycoside nucleotidyltransferase AadA1	NA	NA
GCA_034465125.1_GCA_034465125.1_PDT002034360.1	NA	DASMXT010000076.1	13701	14171	-	dfrA15	trimethoprim-resistant dihydrofolate reductase DfrA15	core	AMR	AMR	TRIMETHOPRIM	TRIMETHOPRIM	EXACTX	157	157	100.00	100.00	157	WP_001355915.1	trimethoprim-resistant dihydrofolate reductase DfrA15	NA	NA
GCA_034465125.1_GCA_034465125.1_PDT002034360.1	NA	DASMXT010000095.1	914	2125	+	floR	chloramphenicol/florfenicol efflux MFS transporter FloR	core	AMR	AMR	PHENICOL	CHLORAMPHENICOL/FLORFENICOL	BLASTX	404	404	100.00	99.50	404	WP_000214119.1	chloramphenicol/florfenicol efflux MFS transporter FloR	NA	NA
GCA_034465125.1_GCA_034465125.1_PDT002034360.1	NA	DASMXT010000095.1	4634	5446	-	sul2	sulfonamide-resistant dihydropteroate synthase Sul2	core	AMR	AMR	SULFONAMIDE	SULFONAMIDE	EXACTX	271	271	100.00	100.00	271	WP_001043260.1	sulfonamide-resistant dihydropteroate synthase Sul2	NA	NA
GCA_034465125.1_GCA_034465125.1_PDT002034360.1	NA	DASMXT010000110.1	2759	3310	-	aac(6')-Ib3	aminoglycoside N-acetyltransferase AAC(6')-Ib3	core	AMR	AMR	AMINOGLYCOSIDE	AMIKACIN/KANAMYCIN/TOBRAMYCIN	ALLELEX	184	184	100.00	100.00	184	WP_032488579.1	aminoglycoside N-acetyltransferase AAC(6')-Ib3	NA	NA
GCA_034465125.1_GCA_034465125.1_PDT002034360.1	NA	DASMXT010000122.1	367	1239	+	blaCTX-M-55	extended-spectrum class A beta-lactamase CTX-M-55	core	AMR	AMR	BETA-LACTAM	CEPHALOSPORIN	ALLELEX	291	291	100.00	100.00	291	WP_015387340.1	extended-spectrum class A beta-lactamase CTX-M-55	NA	NA
GCA_034465125.1_GCA_034465125.1_PDT002034360.1	NA	DASMXT010000122.1	2027	2761	-	blaTEM	TEM family class A beta-lactamase	core	AMR	AMR	BETA-LACTAM	BETA-LACTAM	PARTIAL_CONTIG_ENDX	245	286	85.66	100.00	245	WP_000027057.1	broad-spectrum class A beta-lactamase TEM-1	NA	NA
GCA_034465125.1_GCA_034465125.1_PDT002034360.1	NA	DASMXT010000124.1	798	2420	-	mcr-1.1	phosphoethanolamine--lipid A transferase MCR-1.1	core	AMR	AMR	COLISTIN	COLISTIN	ALLELEX	541	541	100.00	100.00	541	WP_049589868.1	phosphoethanolamine--lipid A transferase MCR-1.1	NA	NA
GCA_034465125.1_GCA_034465125.1_PDT002034360.1	NA	DASMXT010000127.1	320	733	+	fosA3	fosfomycin resistance glutathione transferase FosA3	core	AMR	AMR	FOSFOMYCIN	FOSFOMYCIN	ALLELEX	138	138	100.00	100.00	138	WP_014839980.1	fosfomycin resistance glutathione transferase FosA3	NA	NA
GCA_034465125.1_GCA_034465125.1_PDT002034360.1	NA	DASMXT010000133.1	1451	2158	-	tet(A)	tetracycline efflux MFS transporter Tet(A)	core	AMR	AMR	TETRACYCLINE	TETRACYCLINE	PARTIAL_CONTIG_ENDX	236	399	59.15	100.00	236	WP_000804064.1	tetracycline efflux MFS transporter Tet(A)	NA	NA
GCA_034465125.1_GCA_034465125.1_PDT002034360.1	NA	DASMXT010000206.1	13456	14586	+	blaEC	BlaEC family class C beta-lactamase	plus	AMR	AMR	BETA-LACTAM	BETA-LACTAM	BLASTX	377	377	100.00	99.73	377	ABS58643.1	BlaEC family class C beta-lactamase	NA	NA
GCA_034465125.1_GCA_034465125.1_PDT002034360.1	NA	DASMXT010000207.1	58	528	+	dfrA15	trimethoprim-resistant dihydrofolate reductase DfrA15	core	AMR	AMR	TRIMETHOPRIM	TRIMETHOPRIM	EXACTX	157	157	100.00	100.00	157	WP_001355915.1	trimethoprim-resistant dihydrofolate reductase DfrA15	NA	NA
GCA_034465125.1_GCA_034465125.1_PDT002034360.1	NA	DASMXT010000207.1	633	1421	+	aadA1	ANT(3'')-Ia family aminoglycoside nucleotidyltransferase AadA1	core	AMR	AMR	AMINOGLYCOSIDE	STREPTOMYCIN	EXACTX	263	263	100.00	100.00	263	WP_001206316.1	ANT(3'')-Ia family aminoglycoside nucleotidyltransferase AadA1	NA	NA
GCA_034465125.1_GCA_034465125.1_PDT002034360.1	NA	DASMXT010000207.1	1588	1932	+	qacEdelta1	quaternary ammonium compound efflux SMR transporter QacE delta 1	core	STRESS	BIOCIDE	QUATERNARY AMMONIUM	QUATERNARY AMMONIUM	ALLELEX	115	115	100.00	100.00	115	WP_000679427.1	quaternary ammonium compound efflux SMR transporter QacE delta 1	NA	NA
GCA_034465125.1_GCA_034465125.1_PDT002034360.1	NA	DASMXT010000207.1	1929	2765	+	sul1	sulfonamide-resistant dihydropteroate synthase Sul1	core	AMR	AMR	SULFONAMIDE	SULFONAMIDE	EXACTX	279	279	100.00	100.00	279	WP_000259032.1	sulfonamide-resistant dihydropteroate synthase Sul1	NA	NA
GCA_034465125.1_GCA_034465125.1_PDT002034360.1	NA	DASMXT010000207.1	11652	12071	-	merC	organomercurial transporter MerC	plus	STRESS	METAL	MERCURY	ORGANOMERCURY	EXACTX	140	140	100.00	100.00	140	AAC33908.1	organomercurial transporter MerC	NA	NA
GCA_034465125.1_GCA_034465125.1_PDT002034360.1	NA	DASMXT010000207.1	12110	12382	-	merP	mercury resistance system periplasmic binding protein MerP	plus	STRESS	METAL	MERCURY	MERCURY	BLASTX	91	91	100.00	90.11	91	AAC38219.1	mercury resistance system periplasmic binding protein MerP	NA	NA
GCA_034465125.1_GCA_034465125.1_PDT002034360.1	NA	DASMXT010000207.1	12399	12746	-	merT	mercuric transport protein MerT	plus	STRESS	METAL	MERCURY	MERCURY	EXACTX	116	116	100.00	100.00	116	AAB59075.1	mercuric transport protein MerT	NA	NA
GCA_034465125.1_GCA_034465125.1_PDT002034360.1	NA	DASMXT010000207.1	12818	13249	+	merR	mercury resistance transcriptional regulator MerR	plus	STRESS	METAL	MERCURY	MERCURY	BLASTX	144	144	100.00	93.75	144	CAA77320.1	mercury resistance transcriptional regulator MerR	NA	NA
GCA_034465125.1_GCA_034465125.1_PDT002034360.1	NA	DASMXT010000208.1	954	2165	+	floR	chloramphenicol/florfenicol efflux MFS transporter FloR	core	AMR	AMR	PHENICOL	CHLORAMPHENICOL/FLORFENICOL	BLASTX	404	404	100.00	99.50	404	WP_000214119.1	chloramphenicol/florfenicol efflux MFS transporter FloR	NA	NA
GCA_034465125.1_GCA_034465125.1_PDT002034360.1	NA	DASMXT010000208.1	4674	5486	-	sul2	sulfonamide-resistant dihydropteroate synthase Sul2	core	AMR	AMR	SULFONAMIDE	SULFONAMIDE	EXACTX	271	271	100.00	100.00	271	WP_001043260.1	sulfonamide-resistant dihydropteroate synthase Sul2	NA	NA
GCA_034465125.1_GCA_034465125.1_PDT002034360.1	NA	DASMXT010000209.1	650	1846	+	tet(A)	tetracycline efflux MFS transporter Tet(A)	core	AMR	AMR	TETRACYCLINE	TETRACYCLINE	BLASTX	399	399	100.00	99.75	399	WP_000804064.1	tetracycline efflux MFS transporter Tet(A)	NA	NA
GCA_034465125.1_GCA_034465125.1_PDT002034360.1	NA	DASMXT010000210.1	650	1846	+	tet(A)	tetracycline efflux MFS transporter Tet(A)	core	AMR	AMR	TETRACYCLINE	TETRACYCLINE	EXACTX	399	399	100.00	100.00	399	WP_000804064.1	tetracycline efflux MFS transporter Tet(A)	NA	NA
GCA_034465125.1_GCA_034465125.1_PDT002034360.1	NA	DASMXT010000211.1	62	613	+	aac(6')-Ib3	aminoglycoside N-acetyltransferase AAC(6')-Ib3	core	AMR	AMR	AMINOGLYCOSIDE	AMIKACIN/KANAMYCIN/TOBRAMYCIN	ALLELEX	184	184	100.00	100.00	184	WP_032488579.1	aminoglycoside N-acetyltransferase AAC(6')-Ib3	NA	NA
GCA_034465125.1_GCA_034465125.1_PDT002034360.1	NA	DASMXT010000212.1	408	1280	+	blaCTX-M-55	extended-spectrum class A beta-lactamase CTX-M-55	core	AMR	AMR	BETA-LACTAM	CEPHALOSPORIN	ALLELEX	291	291	100.00	100.00	291	WP_015387340.1	extended-spectrum class A beta-lactamase CTX-M-55	NA	NA
GCA_034465125.1_GCA_034465125.1_PDT002034360.1	NA	DASMXT010000212.1	2068	2808	-	blaTEM	TEM family class A beta-lactamase	core	AMR	AMR	BETA-LACTAM	BETA-LACTAM	PARTIALX	247	286	86.36	100.00	247	WP_000027057.1	broad-spectrum class A beta-lactamase TEM-1	NA	NA
GCA_034465125.1_GCA_034465125.1_PDT002034360.1	NA	DASMXT010000213.1	225	1847	+	mcr-1.1	phosphoethanolamine--lipid A transferase MCR-1.1	core	AMR	AMR	COLISTIN	COLISTIN	ALLELEX	541	541	100.00	100.00	541	WP_049589868.1	phosphoethanolamine--lipid A transferase MCR-1.1	NA	NA
GCA_034465125.1_GCA_034465125.1_PDT002034360.1	NA	DASMXT010000214.1	361	774	+	fosA3	fosfomycin resistance glutathione transferase FosA3	core	AMR	AMR	FOSFOMYCIN	FOSFOMYCIN	ALLELEX	138	138	100.00	100.00	138	WP_014839980.1	fosfomycin resistance glutathione transferase FosA3	NA	NA
GCA_053709775.1_GCA_053709775.1_ASM5370977v1	NA	JBSKJU010000001.1	3273	3602	-	emrE	multidrug efflux SMR transporter EmrE	plus	STRESS	BIOCIDE	EFFLUX	EFFLUX	BLASTX	110	110	100.00	98.18	110	CAA77936.1	multidrug efflux SMR transporter EmrE	NA	NA
GCA_053709775.1_GCA_053709775.1_ASM5370977v1	NA	JBSKJU010000002.1	4157	8398	+	fdeC	inverse autotransporter adhesin FdeC	plus	VIRULENCE	VIRULENCE	NA	NA	BLASTX	1414	1416	99.93	91.45	1415	ABE05822.1	inverse autotransporter adhesin FdeC	NA	NA
GCA_053709775.1_GCA_053709775.1_ASM5370977v1	NA	JBSKJU010000004.1	192981	194399	+	espX1	type III secretion system effector EspX1	plus	VIRULENCE	VIRULENCE	NA	NA	BLASTX	473	473	100.00	91.12	473	ADD54679.1	type III secretion system effector EspX1	NA	NA
GCA_053709775.1_GCA_053709775.1_ASM5370977v1	NA	JBSKJU010000005.1	58120	59250	+	blaEC	BlaEC family class C beta-lactamase	plus	AMR	AMR	BETA-LACTAM	BETA-LACTAM	BLASTX	377	377	100.00	97.35	377	WP_063610930.1	extended-spectrum class C beta-lactamase EC-15	NA	NA
GCA_053709775.1_GCA_053709775.1_ASM5370977v1	NA	JBSKJU010000009.1	8974	9264	+	iss	increased serum survival lipoprotein Iss	plus	VIRULENCE	VIRULENCE	NA	NA	EXACTX	97	97	100.00	100.00	97	CAR12622.1	increased serum survival lipoprotein Iss	NA	NA
GCA_053709775.1_GCA_053709775.1_ASM5370977v1	NA	JBSKJU010000009.1	16493	16822	-	emrE	multidrug efflux SMR transporter EmrE	plus	STRESS	BIOCIDE	EFFLUX	EFFLUX	BLASTX	110	110	100.00	98.18	110	CAA77936.1	multidrug efflux SMR transporter EmrE	NA	NA
GCA_053709775.1_GCA_053709775.1_ASM5370977v1	NA	JBSKJU010000012.1	109476	112577	+	acrF	multidrug efflux RND transporter permease subunit AcrF	plus	AMR	AMR	EFFLUX	EFFLUX	BLASTX	1034	1034	100.00	99.52	1034	AAC76298.1	multidrug efflux RND transporter permease subunit AcrF	NA	NA
GCA_053709775.1_GCA_053709775.1_ASM5370977v1	NA	JBSKJU010000017.1	75540	76769	+	mdtM	multidrug efflux MFS transporter MdtM	plus	AMR	AMR	EFFLUX	EFFLUX	BLASTX	410	410	100.00	97.56	410	AAC77293.1	multidrug efflux MFS transporter MdtM	NA	NA
GCA_053709775.1_GCA_053709775.1_ASM5370977v1	NA	JBSKJU010000018.1	50298	50819	+	lpfA	long polar fimbria major subunit LpfA	plus	VIRULENCE	VIRULENCE	NA	NA	EXACTX	174	174	100.00	100.00	174	CAV00478.1	long polar fimbria major subunit LpfA	NA	NA
GCA_053709775.1_GCA_053709775.1_ASM5370977v1	NA	JBSKJU010000022.1	8524	8787	+	ariR	biofilm/acid-resistance regulator AriR	plus	STRESS	ACID	NA	NA	EXACTX	88	88	100.00	100.00	88	AAC74250.1	biofilm/acid-resistance regulator AriR	NA	NA
GCA_053709775.1_GCA_053709775.1_ASM5370977v1	NA	JBSKJU010000027.1	31777	32346	-	lpfA-O113	long polar fimbria major subunit LpfA-O113	plus	VIRULENCE	VIRULENCE	NA	NA	EXACTX	190	190	100.00	100.00	190	AAT76975.1	long polar fimbria major subunit LpfA-O113	NA	NA
GCA_053709775.1_GCA_053709775.1_ASM5370977v1	NA	JBSKJU010000076.1	594	2210	+	mcr-9.1	phosphoethanolamine--lipid A transferase MCR-9.1	plus	AMR	AMR	COLISTIN	COLISTIN	ALLELEX	539	539	100.00	100.00	539	AYW01299.1	phosphoethanolamine--lipid A transferase MCR-9.1	NA	NA
GCA_053709775.1_GCA_053709775.1_ASM5370977v1	NA	JBSKJU010000078.1	248	1120	+	blaCTX-M-14	extended-spectrum class A beta-lactamase CTX-M-14	core	AMR	AMR	BETA-LACTAM	CEPHALOSPORIN	ALLELEX	291	291	100.00	100.00	291	WP_001617865.1	extended-spectrum class A beta-lactamase CTX-M-14	NA	NA
GCA_053709775.1_GCA_053709775.1_ASM5370977v1	NA	JBSKJU010000078.1	1735	2148	+	fosA3	fosfomycin resistance glutathione transferase FosA3	core	AMR	AMR	FOSFOMYCIN	FOSFOMYCIN	ALLELEX	138	138	100.00	100.00	138	WP_014839980.1	fosfomycin resistance glutathione transferase FosA3	NA	NA
GCA_053709775.1_GCA_053709775.1_ASM5370977v1	NA	JBSKJU010000079.1	1007	2359	-	pcoS	copper resistance membrane spanning protein PcoS	plus	STRESS	METAL	COPPER	COPPER	BLASTX	451	466	96.78	98.00	451	CAA58530.1	copper resistance membrane spanning protein PcoS	NA	NA
GCA_053709775.1_GCA_053709775.1_ASM5370977v1	NA	JBSKJU010000086.1	2	781	-	silC	Cu(+)/Ag(+) efflux RND transporter outer membrane channel SilC	plus	STRESS	METAL	COPPER/SILVER	COPPER/SILVER	PARTIAL_CONTIG_ENDX	260	461	56.40	96.54	260	SPD96884.1	Cu(+)/Ag(+) efflux RND transporter outer membrane channel SilC	NA	NA
GCA_053709775.1_GCA_053709775.1_ASM5370977v1	NA	JBSKJU010000086.1	971	1648	+	silR	copper/silver response regulator transcription factor SilR	plus	STRESS	METAL	COPPER/SILVER	COPPER/SILVER	BLASTX	226	226	100.00	97.79	226	SPD96883.1	copper/silver response regulator transcription factor SilR	NA	NA
GCA_053709775.1_GCA_053709775.1_ASM5370977v1	NA	JBSKJU010000115.1	342	767	-	merR	mercury resistance transcriptional regulator MerR	plus	STRESS	METAL	MERCURY	MERCURY	BLASTX	142	144	98.61	92.96	142	CAA77320.1	mercury resistance transcriptional regulator MerR	NA	NA
GCA_053709775.1_GCA_053709775.1_ASM5370977v1	NA	JBSKJU010000115.1	872	1216	+	merT	mercuric transport protein MerT	plus	STRESS	METAL	MERCURY	MERCURY	BLASTX	115	116	99.14	99.13	115	CAA70196.1	mercuric transport protein MerT	NA	NA
GCA_053709775.1_GCA_053709775.1_ASM5370977v1	NA	JBSKJU010000130.1	3	1049	+	silS	copper/silver sensor histidine kinase SilS	plus	STRESS	METAL	COPPER/SILVER	COPPER/SILVER	PARTIAL_CONTIG_ENDX	349	491	71.08	98.28	349	SPD96882.1	copper/silver sensor histidine kinase SilS	NA	NA
GCA_053709775.1_GCA_053709775.1_ASM5370977v1	NA	JBSKJU010000133.1	305	655	+	silF	Cu(+)/Ag(+) efflux RND transporter periplasmic metallochaperone SilF	plus	STRESS	METAL	COPPER/SILVER	COPPER/SILVER	EXACTX	117	117	100.00	100.00	117	KGL71342.1	Cu(+)/Ag(+) efflux RND transporter periplasmic metallochaperone SilF	NA	NA
GCA_902703155.1_GCA_902703155.1_Eco04570	NA	CACRYI010000001.1	54555	55784	+	mdtM	multidrug efflux MFS transporter MdtM	plus	AMR	AMR	EFFLUX	EFFLUX	BLASTX	410	410	100.00	97.80	410	AAC77293.1	multidrug efflux MFS transporter MdtM	NA	NA
GCA_902703155.1_GCA_902703155.1_Eco04570	NA	CACRYI010000001.1	227468	228598	+	blaEC	BlaEC family class C beta-lactamase	plus	AMR	AMR	BETA-LACTAM	BETA-LACTAM	BLASTX	377	377	100.00	97.35	377	WP_063610930.1	extended-spectrum class C beta-lactamase EC-15	NA	NA
GCA_902703155.1_GCA_902703155.1_Eco04570	NA	CACRYI010000004.1	190474	190803	-	emrE	multidrug efflux SMR transporter EmrE	plus	STRESS	BIOCIDE	EFFLUX	EFFLUX	BLASTX	110	110	100.00	98.18	110	CAA77936.1	multidrug efflux SMR transporter EmrE	NA	NA
GCA_902703155.1_GCA_902703155.1_Eco04570	NA	CACRYI010000006.1	264692	264982	-	iss	increased serum survival lipoprotein Iss	plus	VIRULENCE	VIRULENCE	NA	NA	EXACTX	97	97	100.00	100.00	97	BAG76115.1	increased serum survival lipoprotein Iss	NA	NA
GCA_902703155.1_GCA_902703155.1_Eco04570	NA	CACRYI010000008.1	162027	164651	-	gyrA_S83L	Escherichia quinolone resistant GyrA	core	AMR	POINT	QUINOLONE	QUINOLONE	POINTX	875	878	99.66	99.09	875	WP_001281243.1	DNA gyrase subunit A GyrA	NA	NA
GCA_902703155.1_GCA_902703155.1_Eco04570	NA	CACRYI010000010.1	1625	3043	-	espX1	type III secretion system effector EspX1	plus	VIRULENCE	VIRULENCE	NA	NA	BLASTX	473	473	100.00	91.33	473	ADD54679.1	type III secretion system effector EspX1	NA	NA
GCA_902703155.1_GCA_902703155.1_Eco04570	NA	CACRYI010000011.1	154644	155213	-	lpfA-O113	long polar fimbria major subunit LpfA-O113	plus	VIRULENCE	VIRULENCE	NA	NA	EXACTX	190	190	100.00	100.00	190	AAT76975.1	long polar fimbria major subunit LpfA-O113	NA	NA
GCA_902703155.1_GCA_902703155.1_Eco04570	NA	CACRYI010000012.1	118247	118768	-	lpfA	long polar fimbria major subunit LpfA	plus	VIRULENCE	VIRULENCE	NA	NA	EXACTX	174	174	100.00	100.00	174	CAV00478.1	long polar fimbria major subunit LpfA	NA	NA
GCA_902703155.1_GCA_902703155.1_Eco04570	NA	CACRYI010000016.1	5690	8791	-	acrF	multidrug efflux RND transporter permease subunit AcrF	plus	AMR	AMR	EFFLUX	EFFLUX	BLASTX	1034	1034	100.00	99.42	1034	AAC76298.1	multidrug efflux RND transporter permease subunit AcrF	NA	NA
GCA_902703155.1_GCA_902703155.1_Eco04570	NA	CACRYI010000017.1	58860	63101	+	fdeC	inverse autotransporter adhesin FdeC	plus	VIRULENCE	VIRULENCE	NA	NA	BLASTX	1414	1416	99.93	91.31	1415	ABE05822.1	inverse autotransporter adhesin FdeC	NA	NA
GCA_902703155.1_GCA_902703155.1_Eco04570	NA	CACRYI010000024.1	40837	41100	+	ariR	biofilm/acid-resistance regulator AriR	plus	STRESS	ACID	NA	NA	EXACTX	88	88	100.00	100.00	88	AAC74250.1	biofilm/acid-resistance regulator AriR	NA	NA
GCA_902703155.1_GCA_902703155.1_Eco04570	NA	CACRYI010000026.1	54232	55854	-	mcr-1.1	phosphoethanolamine--lipid A transferase MCR-1.1	core	AMR	AMR	COLISTIN	COLISTIN	ALLELEX	541	541	100.00	100.00	541	WP_049589868.1	phosphoethanolamine--lipid A transferase MCR-1.1	NA	NA
GCA_902703155.1_GCA_902703155.1_Eco04570	NA	CACRYI010000028.1	9673	9981	+	cvaC	colicin V	plus	VIRULENCE	VIRULENCE	NA	NA	EXACTX	103	103	100.00	100.00	103	CAA40746.1	colicin V	NA	NA
GCA_902703155.1_GCA_902703155.1_Eco04570	NA	CACRYI010000028.1	10157	12250	-	cvaB	colicin V export peptidase/ABC transporter CvaB	plus	VIRULENCE	VIRULENCE	NA	NA	EXACTX	698	698	100.00	100.00	698	CAA40744.1	colicin V export peptidase/ABC transporter CvaB	NA	NA
GCA_902703155.1_GCA_902703155.1_Eco04570	NA	CACRYI010000028.1	17431	19605	+	iroN	siderophore salmochelin receptor IroN	plus	VIRULENCE	VIRULENCE	NA	NA	EXACTX	725	725	100.00	100.00	725	AAN76093.1	siderophore salmochelin receptor IroN	NA	NA
GCA_902703155.1_GCA_902703155.1_Eco04570	NA	CACRYI010000028.1	19656	20609	-	iroE	catecholate siderophore esterase IroE	plus	VIRULENCE	VIRULENCE	NA	NA	BLASTX	318	318	100.00	99.69	318	ACJ63530.1	catecholate siderophore esterase IroE	NA	NA
GCA_902703155.1_GCA_902703155.1_Eco04570	NA	CACRYI010000028.1	20697	21923	-	iroD	catecholate siderophore esterase IroD	plus	VIRULENCE	VIRULENCE	NA	NA	BLASTX	409	409	100.00	99.76	409	ACJ63529.1	catecholate siderophore esterase IroD	NA	NA
GCA_902703155.1_GCA_902703155.1_Eco04570	NA	CACRYI010000028.1	22030	25686	-	iroC	salmochelin/enterobactin export ABC transporter IroC	plus	VIRULENCE	VIRULENCE	NA	NA	BLASTX	1219	1219	100.00	99.51	1219	AUH19662.1	salmochelin/enterobactin export ABC transporter IroC	NA	NA
GCA_902703155.1_GCA_902703155.1_Eco04570	NA	CACRYI010000028.1	25829	26941	-	iroB	salmochelin biosynthesis C-glycosyltransferase IroB	plus	VIRULENCE	VIRULENCE	NA	NA	BLASTX	371	371	100.00	99.73	371	EOW04219.1	salmochelin biosynthesis C-glycosyltransferase IroB	NA	NA
GCA_902703155.1_GCA_902703155.1_Eco04570	NA	CACRYI010000028.1	30090	30380	-	iss	increased serum survival lipoprotein Iss	plus	VIRULENCE	VIRULENCE	NA	NA	EXACTX	97	97	100.00	100.00	97	ADR26561.1	increased serum survival lipoprotein Iss	NA	NA
GCA_902703155.1_GCA_902703155.1_Eco04570	NA	CACRYI010000036.1	21273	21386	+	astA	heat-stable enterotoxin EAST1	plus	VIRULENCE	VIRULENCE	NA	NA	BLASTX	38	38	100.00	97.37	38	AAM88299.1	heat-stable enterotoxin EAST1	NA	NA
GCA_902703155.1_GCA_902703155.1_Eco04570	NA	CACRYI010000044.1	473	2659	-	iutA	ferric aerobactin receptor IutA	plus	VIRULENCE	VIRULENCE	NA	NA	BLASTX	729	731	99.73	89.71	729	AAN45165.2	ferric aerobactin receptor IutA	NA	NA
GCA_902703155.1_GCA_902703155.1_Eco04570	NA	CACRYI010000044.1	2756	4030	-	iucD	NADPH-dependent L-lysine N(6)-monooxygenase IucD	plus	VIRULENCE	VIRULENCE	NA	NA	BLASTX	425	445	95.51	97.65	425	AAD44749.1	NADPH-dependent L-lysine N(6)-monooxygenase IucD	NA	NA
GCA_902703155.1_GCA_902703155.1_Eco04570	NA	CACRYI010000044.1	4030	5769	-	iucC	NIS family aerobactin synthetase IucC	plus	VIRULENCE	VIRULENCE	NA	NA	BLASTX	580	580	100.00	97.59	580	AAN82073.1	NIS family aerobactin synthetase IucC	NA	NA
GCA_902703155.1_GCA_902703155.1_Eco04570	NA	CACRYI010000044.1	5772	6716	-	iucB	N(6)-hydroxylysine O-acetyltransferase IucB	plus	VIRULENCE	VIRULENCE	NA	NA	BLASTX	315	315	100.00	95.87	315	AAN82074.1	N(6)-hydroxylysine O-acetyltransferase IucB	NA	NA
GCA_902703155.1_GCA_902703155.1_Eco04570	NA	CACRYI010000044.1	6720	8441	-	iucA	aerobactin synthase IucA	plus	VIRULENCE	VIRULENCE	NA	NA	BLASTX	574	576	100.00	95.31	576	EGI25746.1	aerobactin synthase IucA	NA	NA
GCA_902703155.1_GCA_902703155.1_Eco04570	NA	CACRYI010000053.1	262	648	+	bleO	bleomycin binding protein	core	AMR	AMR	BLEOMYCIN	BLEOMYCIN	BLASTX	129	134	96.27	100.00	129	WP_001242578.1	bleomycin binding protein	NA	NA
GCA_902703155.1_GCA_902703155.1_Eco04570	NA	CACRYI010000053.1	4312	7461	-	oqxB	multidrug efflux RND transporter permease subunit OqxB	core	AMR	AMR	NITROFURAN/PHENICOL/QUINOLONE/TETRACYCLINE	NITROFURANTOIN/PHENICOL/QUINOLONE/TIGECYCLINE	EXACTX	1050	1050	100.00	100.00	1050	WP_000347934.1	multidrug efflux RND transporter permease subunit OqxB	NA	NA
GCA_902703155.1_GCA_902703155.1_Eco04570	NA	CACRYI010000053.1	7488	8660	-	oqxA	multidrug efflux RND transporter periplasmic adaptor subunit OqxA	core	AMR	AMR	NITROFURAN/PHENICOL/QUINOLONE/TETRACYCLINE	NITROFURANTOIN/PHENICOL/QUINOLONE/TIGECYCLINE	EXACTX	391	391	100.00	100.00	391	WP_002914189.1	multidrug efflux RND transporter periplasmic adaptor subunit OqxA	NA	NA
GCA_902703155.1_GCA_902703155.1_Eco04570	NA	CACRYI010000057.1	1414	2616	-	tet(B)	tetracycline efflux MFS transporter Tet(B)	core	AMR	AMR	TETRACYCLINE	TETRACYCLINE	EXACTX	401	401	100.00	100.00	401	WP_001089068.1	tetracycline efflux MFS transporter Tet(B)	NA	NA
GCA_902703155.1_GCA_902703155.1_Eco04570	NA	CACRYI010000061.1	155	967	-	sul2	sulfonamide-resistant dihydropteroate synthase Sul2	core	AMR	AMR	SULFONAMIDE	SULFONAMIDE	EXACTX	271	271	100.00	100.00	271	WP_001043260.1	sulfonamide-resistant dihydropteroate synthase Sul2	NA	NA
GCA_902703155.1_GCA_902703155.1_Eco04570	NA	CACRYI010000079.1	277	1110	+	aph(6)-Id	aminoglycoside O-phosphotransferase APH(6)-Id	core	AMR	AMR	AMINOGLYCOSIDE	STREPTOMYCIN	EXACTX	278	278	100.00	100.00	278	WP_000480968.1	aminoglycoside O-phosphotransferase APH(6)-Id	NA	NA
GCA_902703155.1_GCA_902703155.1_Eco04570	NA	CACRYI010000087.1	143	613	+	dfrA14	trimethoprim-resistant dihydrofolate reductase DfrA14	core	AMR	AMR	TRIMETHOPRIM	TRIMETHOPRIM	EXACTX	157	157	100.00	100.00	157	WP_021529707.1	trimethoprim-resistant dihydrofolate reductase DfrA14	NA	NA
GCA_902703155.1_GCA_902703155.1_Eco04570	NA	CACRYI010000102.1	2	529	-	aph(3'')-Ib	aminoglycoside O-phosphotransferase APH(3'')-Ib	core	AMR	AMR	AMINOGLYCOSIDE	STREPTOMYCIN	PARTIAL_CONTIG_ENDX	176	267	65.92	100.00	176	WP_001082319.1	aminoglycoside O-phosphotransferase APH(3'')-Ib	NA	NA
GCA_977857845.1_GCA_977857845.1_R-IZA-041ESCO-YE	NA	CDWHFB010000001.1	193206	193469	-	ariR	biofilm/acid-resistance regulator AriR	plus	STRESS	ACID	NA	NA	EXACTX	88	88	100.00	100.00	88	AAC74250.1	biofilm/acid-resistance regulator AriR	NA	NA
GCA_977857845.1_GCA_977857845.1_R-IZA-041ESCO-YE	NA	CDWHFB010000002.1	393075	395699	-	gyrA_D87N	Escherichia quinolone resistant GyrA	core	AMR	POINT	QUINOLONE	QUINOLONE	POINTX	875	878	99.66	98.86	875	WP_001281243.1	DNA gyrase subunit A GyrA	NA	NA
GCA_977857845.1_GCA_977857845.1_R-IZA-041ESCO-YE	NA	CDWHFB010000002.1	393075	395699	-	gyrA_S83L	Escherichia quinolone resistant GyrA	core	AMR	POINT	QUINOLONE	QUINOLONE	POINTX	875	878	99.66	98.86	875	WP_001281243.1	DNA gyrase subunit A GyrA	NA	NA
GCA_977857845.1_GCA_977857845.1_R-IZA-041ESCO-YE	NA	CDWHFB010000003.1	185028	186158	-	blaEC	BlaEC family class C beta-lactamase	plus	AMR	AMR	BETA-LACTAM	BETA-LACTAM	BLASTX	377	377	100.00	99.73	377	ABS58643.1	BlaEC family class C beta-lactamase	NA	NA
GCA_977857845.1_GCA_977857845.1_R-IZA-041ESCO-YE	NA	CDWHFB010000007.1	37510	39765	-	parC_S80I	Escherichia quinolone resistant ParC	core	AMR	POINT	QUINOLONE	QUINOLONE	POINTX	752	752	100.00	99.87	752	WP_001281881.1	DNA topoisomerase IV subunit A ParC	NA	NA
GCA_977857845.1_GCA_977857845.1_R-IZA-041ESCO-YE	NA	CDWHFB010000010.1	63458	64330	-	blaCTX-M-55	extended-spectrum class A beta-lactamase CTX-M-55	core	AMR	AMR	BETA-LACTAM	CEPHALOSPORIN	ALLELEX	291	291	100.00	100.00	291	WP_015387340.1	extended-spectrum class A beta-lactamase CTX-M-55	NA	NA
GCA_977857845.1_GCA_977857845.1_R-IZA-041ESCO-YE	NA	CDWHFB010000016.1	73242	74450	+	mdtM	multidrug efflux MFS transporter MdtM	plus	AMR	AMR	EFFLUX	EFFLUX	BLASTX	403	410	98.29	97.52	403	AAC77293.1	multidrug efflux MFS transporter MdtM	NA	NA
GCA_977857845.1_GCA_977857845.1_R-IZA-041ESCO-YE	NA	CDWHFB010000025.1	33320	34507	-	emrD	multidrug efflux MFS transporter EmrD	plus	AMR	AMR	EFFLUX	EFFLUX	BLASTX	396	396	100.00	99.75	396	EFF04178.1	multidrug efflux MFS transporter EmrD	NA	NA
GCA_977857845.1_GCA_977857845.1_R-IZA-041ESCO-YE	NA	CDWHFB010000028.1	40263	43364	+	acrF	multidrug efflux RND transporter permease subunit AcrF	plus	AMR	AMR	EFFLUX	EFFLUX	BLASTX	1034	1034	100.00	99.90	1034	AAC76298.1	multidrug efflux RND transporter permease subunit AcrF	NA	NA
GCA_977857845.1_GCA_977857845.1_R-IZA-041ESCO-YE	NA	CDWHFB010000042.1	27544	29166	-	mcr-1.1	phosphoethanolamine--lipid A transferase MCR-1.1	core	AMR	AMR	COLISTIN	COLISTIN	ALLELEX	541	541	100.00	100.00	541	WP_049589868.1	phosphoethanolamine--lipid A transferase MCR-1.1	NA	NA
GCA_977857845.1_GCA_977857845.1_R-IZA-041ESCO-YE	NA	CDWHFB010000044.1	25050	25862	+	aph(3')-Ia	aminoglycoside O-phosphotransferase APH(3')-Ia	core	AMR	AMR	AMINOGLYCOSIDE	KANAMYCIN	EXACTX	271	271	100.00	100.00	271	WP_000018321.1	aminoglycoside O-phosphotransferase APH(3')-Ia	NA	NA
GCA_977857845.1_GCA_977857845.1_R-IZA-041ESCO-YE	NA	CDWHFB010000055.1	314	1465	-	espX1	type III secretion system effector EspX1	plus	VIRULENCE	VIRULENCE	NA	NA	PARTIALX	384	473	81.18	90.10	384	ADD54679.1	type III secretion system effector EspX1	NA	NA
GCA_977857845.1_GCA_977857845.1_R-IZA-041ESCO-YE	NA	CDWHFB010000059.1	342	2258	+	tet(M)	tetracycline resistance ribosomal protection protein Tet(M)	core	AMR	AMR	TETRACYCLINE	TETRACYCLINE	BLASTX	639	639	100.00	99.53	639	WP_063856111.1	tetracycline resistance ribosomal protection protein Tet(M)	NA	NA
GCA_977857845.1_GCA_977857845.1_R-IZA-041ESCO-YE	NA	CDWHFB010000059.1	4342	4836	+	dfrA12	trimethoprim-resistant dihydrofolate reductase DfrA12	core	AMR	AMR	TRIMETHOPRIM	TRIMETHOPRIM	EXACTX	165	165	100.00	100.00	165	WP_001083725.1	trimethoprim-resistant dihydrofolate reductase DfrA12	NA	NA
GCA_977857845.1_GCA_977857845.1_R-IZA-041ESCO-YE	NA	CDWHFB010000059.1	5247	6035	+	aadA2	ANT(3'')-Ia family aminoglycoside nucleotidyltransferase AadA2	core	AMR	AMR	AMINOGLYCOSIDE	STREPTOMYCIN	EXACTX	263	263	100.00	100.00	263	WP_001206356.1	ANT(3'')-Ia family aminoglycoside nucleotidyltransferase AadA2	NA	NA
GCA_977857845.1_GCA_977857845.1_R-IZA-041ESCO-YE	NA	CDWHFB010000059.1	6300	7556	+	cmlA1	chloramphenicol efflux MFS transporter CmlA1	core	AMR	AMR	PHENICOL	CHLORAMPHENICOL	EXACTX	419	419	100.00	100.00	419	WP_000095725.1	chloramphenicol efflux MFS transporter CmlA1	NA	NA
GCA_977857845.1_GCA_977857845.1_R-IZA-041ESCO-YE	NA	CDWHFB010000059.1	7652	8440	+	aadA1	ANT(3'')-Ia family aminoglycoside nucleotidyltransferase AadA1	core	AMR	AMR	AMINOGLYCOSIDE	STREPTOMYCIN	EXACTX	263	263	100.00	100.00	263	WP_001206316.1	ANT(3'')-Ia family aminoglycoside nucleotidyltransferase AadA1	NA	NA
GCA_977857845.1_GCA_977857845.1_R-IZA-041ESCO-YE	NA	CDWHFB010000059.1	8613	8942	+	qacL	quaternary ammonium compound efflux SMR transporter QacL	core	STRESS	BIOCIDE	QUATERNARY AMMONIUM	QUATERNARY AMMONIUM	EXACTX	110	110	100.00	100.00	110	WP_000800531.1	quaternary ammonium compound efflux SMR transporter QacL	NA	NA
GCA_977857845.1_GCA_977857845.1_R-IZA-041ESCO-YE	NA	CDWHFB010000059.1	10128	10916	-	sul3	sulfonamide-resistant dihydropteroate synthase Sul3	core	AMR	AMR	SULFONAMIDE	SULFONAMIDE	EXACTX	263	263	100.00	100.00	263	WP_000034420.1	sulfonamide-resistant dihydropteroate synthase Sul3	NA	NA
GCA_977857845.1_GCA_977857845.1_R-IZA-041ESCO-YE	NA	CDWHFB010000071.1	3723	4376	-	qnrS13	quinolone resistance pentapeptide repeat protein QnrS13	core	AMR	AMR	QUINOLONE	QUINOLONE	ALLELEX	218	218	100.00	100.00	218	WP_064186845.1	quinolone resistance pentapeptide repeat protein QnrS13	NA	NA
GCA_977857845.1_GCA_977857845.1_R-IZA-041ESCO-YE	NA	CDWHFB010000079.1	1573	2769	-	tet(A)	tetracycline efflux MFS transporter Tet(A)	core	AMR	AMR	TETRACYCLINE	TETRACYCLINE	BLASTX	399	399	100.00	99.75	399	WP_000804064.1	tetracycline efflux MFS transporter Tet(A)	NA	NA
GCA_977859995.1_GCA_977859995.1_R-IZA-047-YP	NA	CDWHOZ010000001.1	197258	199513	+	parC_S80I	Escherichia quinolone resistant ParC	core	AMR	POINT	QUINOLONE	QUINOLONE	POINTX	752	752	100.00	99.87	752	WP_001281881.1	DNA topoisomerase IV subunit A ParC	NA	NA
GCA_977859995.1_GCA_977859995.1_R-IZA-047-YP	NA	CDWHOZ010000003.1	202294	203445	+	espX1	type III secretion system effector EspX1	plus	VIRULENCE	VIRULENCE	NA	NA	PARTIALX	384	473	81.18	90.10	384	ADD54679.1	type III secretion system effector EspX1	NA	NA
GCA_977859995.1_GCA_977859995.1_R-IZA-047-YP	NA	CDWHOZ010000004.1	79423	82047	+	gyrA_D87N	Escherichia quinolone resistant GyrA	core	AMR	POINT	QUINOLONE	QUINOLONE	POINTX	875	878	99.66	98.86	875	WP_001281243.1	DNA gyrase subunit A GyrA	NA	NA
GCA_977859995.1_GCA_977859995.1_R-IZA-047-YP	NA	CDWHOZ010000004.1	79423	82047	+	gyrA_S83L	Escherichia quinolone resistant GyrA	core	AMR	POINT	QUINOLONE	QUINOLONE	POINTX	875	878	99.66	98.86	875	WP_001281243.1	DNA gyrase subunit A GyrA	NA	NA
GCA_977859995.1_GCA_977859995.1_R-IZA-047-YP	NA	CDWHOZ010000010.1	103624	103887	+	ariR	biofilm/acid-resistance regulator AriR	plus	STRESS	ACID	NA	NA	EXACTX	88	88	100.00	100.00	88	AAC74250.1	biofilm/acid-resistance regulator AriR	NA	NA
GCA_977859995.1_GCA_977859995.1_R-IZA-047-YP	NA	CDWHOZ010000011.1	18365	19552	+	emrD	multidrug efflux MFS transporter EmrD	plus	AMR	AMR	EFFLUX	EFFLUX	BLASTX	396	396	100.00	99.75	396	EFF04178.1	multidrug efflux MFS transporter EmrD	NA	NA
GCA_977859995.1_GCA_977859995.1_R-IZA-047-YP	NA	CDWHOZ010000020.1	52788	53918	+	blaEC	BlaEC family class C beta-lactamase	plus	AMR	AMR	BETA-LACTAM	BETA-LACTAM	BLASTX	377	377	100.00	99.73	377	ABS58643.1	BlaEC family class C beta-lactamase	NA	NA
GCA_977859995.1_GCA_977859995.1_R-IZA-047-YP	NA	CDWHOZ010000027.1	65760	66632	-	blaCTX-M-55	extended-spectrum class A beta-lactamase CTX-M-55	core	AMR	AMR	BETA-LACTAM	CEPHALOSPORIN	ALLELEX	291	291	100.00	100.00	291	WP_015387340.1	extended-spectrum class A beta-lactamase CTX-M-55	NA	NA
GCA_977859995.1_GCA_977859995.1_R-IZA-047-YP	NA	CDWHOZ010000031.1	40151	43252	+	acrF	multidrug efflux RND transporter permease subunit AcrF	plus	AMR	AMR	EFFLUX	EFFLUX	BLASTX	1034	1034	100.00	99.90	1034	AAC76298.1	multidrug efflux RND transporter permease subunit AcrF	NA	NA
GCA_977859995.1_GCA_977859995.1_R-IZA-047-YP	NA	CDWHOZ010000048.1	27522	29144	-	mcr-1.1	phosphoethanolamine--lipid A transferase MCR-1.1	core	AMR	AMR	COLISTIN	COLISTIN	ALLELEX	541	541	100.00	100.00	541	WP_049589868.1	phosphoethanolamine--lipid A transferase MCR-1.1	NA	NA
GCA_977859995.1_GCA_977859995.1_R-IZA-047-YP	NA	CDWHOZ010000052.1	3974	5773	-	ybtQ	yersiniabactin ABC transporter ATP-binding/permease protein YbtQ	plus	VIRULENCE	VIRULENCE	NA	NA	BLASTX	600	600	100.00	99.67	600	AAC69584.1	yersiniabactin ABC transporter ATP-binding/permease protein YbtQ	NA	NA
GCA_977859995.1_GCA_977859995.1_R-IZA-047-YP	NA	CDWHOZ010000052.1	5763	7562	-	ybtP	yersiniabactin ABC transporter ATP-binding/permease protein YbtP	plus	VIRULENCE	VIRULENCE	NA	NA	BLASTX	600	600	100.00	99.67	600	CAA21388.1	yersiniabactin ABC transporter ATP-binding/permease protein YbtP	NA	NA
GCA_977859995.1_GCA_977859995.1_R-IZA-047-YP	NA	CDWHOZ010000056.1	21608	22420	+	aph(3')-Ia	aminoglycoside O-phosphotransferase APH(3')-Ia	core	AMR	AMR	AMINOGLYCOSIDE	KANAMYCIN	EXACTX	271	271	100.00	100.00	271	WP_000018321.1	aminoglycoside O-phosphotransferase APH(3')-Ia	NA	NA
GCA_977859995.1_GCA_977859995.1_R-IZA-047-YP	NA	CDWHOZ010000057.1	9559	9849	-	iss	increased serum survival lipoprotein Iss	plus	VIRULENCE	VIRULENCE	NA	NA	EXACTX	97	97	100.00	100.00	97	BAG76115.1	increased serum survival lipoprotein Iss	NA	NA
GCA_977859995.1_GCA_977859995.1_R-IZA-047-YP	NA	CDWHOZ010000064.1	1	3252	-	fdeC	inverse autotransporter adhesin FdeC	plus	VIRULENCE	VIRULENCE	NA	NA	PARTIAL_CONTIG_ENDX	1084	1416	76.55	95.57	1084	ABE05822.1	inverse autotransporter adhesin FdeC	NA	NA
GCA_977859995.1_GCA_977859995.1_R-IZA-047-YP	NA	CDWHOZ010000084.1	174	1382	+	mdtM	multidrug efflux MFS transporter MdtM	plus	AMR	AMR	EFFLUX	EFFLUX	BLASTX	403	410	98.29	97.52	403	AAC77293.1	multidrug efflux MFS transporter MdtM	NA	NA
GCA_977859995.1_GCA_977859995.1_R-IZA-047-YP	NA	CDWHOZ010000097.1	169	1071	+	mph(A)	Mph(A) family macrolide 2'-phosphotransferase	core	AMR	AMR	MACROLIDE	AZITHROMYCIN/ERYTHROMYCIN/SPIRAMYCIN/TELITHROMYCIN	BLASTX	301	301	100.00	100.00	301	WP_000219391.1	Mph(A) family macrolide 2'-phosphotransferase	NA	NA
GCA_977859995.1_GCA_977859995.1_R-IZA-047-YP	NA	CDWHOZ010000097.1	1080	2315	+	mrx(A)	phosphorylated macrolide efflux MFS transporter Mrx(A)	core	AMR	AMR	MACROLIDE	AZITHROMYCIN/ERYTHROMYCIN/SPIRAMYCIN/TELITHROMYCIN	EXACTX	412	412	100.00	100.00	412	WP_000004159.1	phosphorylated macrolide efflux MFS transporter Mrx(A)	NA	NA
GCA_977859995.1_GCA_977859995.1_R-IZA-047-YP	NA	CDWHOZ010000097.1	6397	7236	-	sul1	sulfonamide-resistant dihydropteroate synthase Sul1	core	AMR	AMR	SULFONAMIDE	SULFONAMIDE	BLASTX	280	283	98.94	99.64	280	WP_000946487.1	sulfonamide-resistant dihydropteroate synthase Sul1	NA	NA
GCA_977859995.1_GCA_977859995.1_R-IZA-047-YP	NA	CDWHOZ010000097.1	7233	7574	-	qacE	quaternary ammonium compound efflux SMR transporter QacE	core	STRESS	BIOCIDE	QUATERNARY AMMONIUM	QUATERNARY AMMONIUM	BLASTX	114	115	99.13	100.00	114	WP_000679427.1	quaternary ammonium compound efflux SMR transporter QacE delta 1	NA	NA
GCA_977859995.1_GCA_977859995.1_R-IZA-047-YP	NA	CDWHOZ010000097.1	7741	8529	-	aadA2	ANT(3'')-Ia family aminoglycoside nucleotidyltransferase AadA2	core	AMR	AMR	AMINOGLYCOSIDE	STREPTOMYCIN	EXACTX	263	263	100.00	100.00	263	WP_001206356.1	ANT(3'')-Ia family aminoglycoside nucleotidyltransferase AadA2	NA	NA
GCA_977859995.1_GCA_977859995.1_R-IZA-047-YP	NA	CDWHOZ010000097.1	8940	9434	-	dfrA12	trimethoprim-resistant dihydrofolate reductase DfrA12	core	AMR	AMR	TRIMETHOPRIM	TRIMETHOPRIM	EXACTX	165	165	100.00	100.00	165	WP_001083725.1	trimethoprim-resistant dihydrofolate reductase DfrA12	NA	NA
GCA_977859995.1_GCA_977859995.1_R-IZA-047-YP	NA	CDWHOZ010000111.1	304	1560	+	cmlA1	chloramphenicol efflux MFS transporter CmlA1	core	AMR	AMR	PHENICOL	CHLORAMPHENICOL	EXACTX	419	419	100.00	100.00	419	WP_000095725.1	chloramphenicol efflux MFS transporter CmlA1	NA	NA
GCA_977859995.1_GCA_977859995.1_R-IZA-047-YP	NA	CDWHOZ010000111.1	1656	2444	+	aadA1	ANT(3'')-Ia family aminoglycoside nucleotidyltransferase AadA1	core	AMR	AMR	AMINOGLYCOSIDE	STREPTOMYCIN	EXACTX	263	263	100.00	100.00	263	WP_001206316.1	ANT(3'')-Ia family aminoglycoside nucleotidyltransferase AadA1	NA	NA
GCA_977859995.1_GCA_977859995.1_R-IZA-047-YP	NA	CDWHOZ010000111.1	2617	2946	+	qacL	quaternary ammonium compound efflux SMR transporter QacL	core	STRESS	BIOCIDE	QUATERNARY AMMONIUM	QUATERNARY AMMONIUM	EXACTX	110	110	100.00	100.00	110	WP_000800531.1	quaternary ammonium compound efflux SMR transporter QacL	NA	NA
GCA_977859995.1_GCA_977859995.1_R-IZA-047-YP	NA	CDWHOZ010000111.1	4132	4920	-	sul3	sulfonamide-resistant dihydropteroate synthase Sul3	core	AMR	AMR	SULFONAMIDE	SULFONAMIDE	EXACTX	263	263	100.00	100.00	263	WP_000034420.1	sulfonamide-resistant dihydropteroate synthase Sul3	NA	NA
GCA_977859995.1_GCA_977859995.1_R-IZA-047-YP	NA	CDWHOZ010000118.1	1284	1937	+	qnrS13	quinolone resistance pentapeptide repeat protein QnrS13	core	AMR	AMR	QUINOLONE	QUINOLONE	ALLELEX	218	218	100.00	100.00	218	WP_064186845.1	quinolone resistance pentapeptide repeat protein QnrS13	NA	NA
GCA_977859995.1_GCA_977859995.1_R-IZA-047-YP	NA	CDWHOZ010000122.1	779	1591	+	sul2	sulfonamide-resistant dihydropteroate synthase Sul2	core	AMR	AMR	SULFONAMIDE	SULFONAMIDE	EXACTX	271	271	100.00	100.00	271	WP_001043260.1	sulfonamide-resistant dihydropteroate synthase Sul2	NA	NA
GCA_977859995.1_GCA_977859995.1_R-IZA-047-YP	NA	CDWHOZ010000122.1	1655	2455	+	aph(3'')-Ib	aminoglycoside O-phosphotransferase APH(3'')-Ib	core	AMR	AMR	AMINOGLYCOSIDE	STREPTOMYCIN	EXACTX	267	267	100.00	100.00	267	WP_001082319.1	aminoglycoside O-phosphotransferase APH(3'')-Ib	NA	NA
GCA_977859995.1_GCA_977859995.1_R-IZA-047-YP	NA	CDWHOZ010000122.1	2458	3291	+	aph(6)-Id	aminoglycoside O-phosphotransferase APH(6)-Id	core	AMR	AMR	AMINOGLYCOSIDE	STREPTOMYCIN	EXACTX	278	278	100.00	100.00	278	WP_000480968.1	aminoglycoside O-phosphotransferase APH(6)-Id	NA	NA
GCA_977859995.1_GCA_977859995.1_R-IZA-047-YP	NA	CDWHOZ010000164.1	750	1946	+	tet(A)	tetracycline efflux MFS transporter Tet(A)	core	AMR	AMR	TETRACYCLINE	TETRACYCLINE	EXACTX	399	399	100.00	100.00	399	WP_000804064.1	tetracycline efflux MFS transporter Tet(A)	NA	NA
GCA_977859995.1_GCA_977859995.1_R-IZA-047-YP	NA	CDWHOZ010000167.1	953	2155	-	tet(B)	tetracycline efflux MFS transporter Tet(B)	core	AMR	AMR	TETRACYCLINE	TETRACYCLINE	EXACTX	401	401	100.00	100.00	401	WP_001089068.1	tetracycline efflux MFS transporter Tet(B)	NA	NA
GCA_977859995.1_GCA_977859995.1_R-IZA-047-YP	NA	CDWHOZ010000169.1	342	2258	+	tet(M)	tetracycline resistance ribosomal protection protein Tet(M)	core	AMR	AMR	TETRACYCLINE	TETRACYCLINE	BLASTX	639	639	100.00	99.53	639	WP_063856111.1	tetracycline resistance ribosomal protection protein Tet(M)	NA	NA
GCA_977859995.1_GCA_977859995.1_R-IZA-047-YP	NA	CDWHOZ010000227.1	807	1541	-	erm(B)	23S rRNA (adenine(2058)-N(6))-methyltransferase Erm(B)	core	AMR	AMR	LINCOSAMIDE/MACROLIDE/STREPTOGRAMIN	CLINDAMYCIN/ERYTHROMYCIN/STREPTOGRAMIN B	BLASTX	245	245	100.00	99.59	245	WP_002321849.1	23S rRNA (adenine(2058)-N(6))-methyltransferase Erm(B)	NA	NA
