FILE	SCHEME	ST	adk	fumC	gyrB	icd	mdh	purA	recA
GCA_003795445.1_GCA_003795445.1_ASM379544v1	ecoli_achtman_4	9440	10	11	4	8	8	724	2
GCA_015208565.1_GCA_015208565.1_ASM1520856v1	ecoli_achtman_4	69	21	35	27	6	5	5	4
GCA_025336805.1_GCA_025336805.1_ASM2533680v1	ecoli_achtman_4	69	21	35	27	6	5	5	4
GCA_025336825.1_GCA_025336825.1_ASM2533682v1	ecoli_achtman_4	101	43	41	15	18	11	7	6
GCA_034465125.1_GCA_034465125.1_PDT002034360.1	ecoli_achtman_4	226	10	27	5	8	8	7	2
GCA_053709775.1_GCA_053709775.1_ASM5370977v1	ecoli_achtman_4	297	6	65	32	26	9	8	2
GCA_902703155.1_GCA_902703155.1_Eco04570	ecoli_achtman_4	602	6	19	33	26	11	8	6
GCA_977857845.1_GCA_977857845.1_R-IZA-041ESCO-YE	ecoli_achtman_4	226	10	27	5	8	8	7	2
GCA_977859995.1_GCA_977859995.1_R-IZA-047-YP	ecoli_achtman_4	226	10	27	5	8	8	7	2
