Sample	#FILE	SEQUENCE	START	END	STRAND	GENE	COVERAGE	COVERAGE_MAP	GAPS	%COVERAGE	%IDENTITY	DATABASE	ACCESSION	PRODUCT	RESISTANCE
GCA_003795445.1_GCA_003795445.1_ASM379544v1	GCA_003795445.1_GCA_003795445.1_ASM379544v1	QJRZ01000058.1	2778	3407	+	IncHI2A_1	1-630/630	===============	0/0	100.00	99.52	plasmidfinder	BX664015	IncHI2A_1__BX664015	
GCA_003795445.1_GCA_003795445.1_ASM379544v1	GCA_003795445.1_GCA_003795445.1_ASM379544v1	QJRZ01000081.1	6942	7455	+	IncN_1	1-514/514	===============	0/0	100.00	100.00	plasmidfinder	AY046276	IncN_1__AY046276	
GCA_003795445.1_GCA_003795445.1_ASM379544v1	GCA_003795445.1_GCA_003795445.1_ASM379544v1	QJRZ01000116.1	24710	25036	-	IncHI2_1	1-327/327	===============	0/0	100.00	100.00	plasmidfinder	BX664015	IncHI2_1__BX664015	
GCA_015208565.1_GCA_015208565.1_ASM1520856v1	GCA_015208565.1_GCA_015208565.1_ASM1520856v1	JAAOAA010000091.1	14324	14686	+	IncFIA_1	26-388/388	.==============	0/0	93.56	99.72	plasmidfinder	AP001918	IncFIA_1__AP001918	
GCA_015208565.1_GCA_015208565.1_ASM1520856v1	GCA_015208565.1_GCA_015208565.1_ASM1520856v1	JAAOAA010000091.1	67403	67899	-	IncFIC(FII)_1	1-499/499	========/======	1/2	99.60	95.59	plasmidfinder	AP001918	IncFIC(FII)_1__AP001918	
GCA_015208565.1_GCA_015208565.1_ASM1520856v1	GCA_015208565.1_GCA_015208565.1_ASM1520856v1	JAAOAA010000097.1	2102	2783	+	IncFIB(AP001918)_1	1-682/682	===============	0/0	100.00	98.39	plasmidfinder	AP001918	IncFIB(AP001918)_1__AP001918	
GCA_025336805.1_GCA_025336805.1_ASM2533680v1	GCA_025336805.1_GCA_025336805.1_ASM2533680v1	JAODFU010000049.1	5215	5474	+	IncFII(29)_1_pUTI89	1-259/259	========/======	1/1	100.00	96.15	plasmidfinder	CP003035	IncFII(29)_1_pUTI89_CP003035	
GCA_025336805.1_GCA_025336805.1_ASM2533680v1	GCA_025336805.1_GCA_025336805.1_ASM2533680v1	JAODFU010000066.1	746	899	+	Col156_1	1-154/154	===============	0/0	100.00	96.10	plasmidfinder	NC_009781	Col156_1__NC_009781	
GCA_025336805.1_GCA_025336805.1_ASM2533680v1	GCA_025336805.1_GCA_025336805.1_ASM2533680v1	JAODFU010000225.1	68	298	+	IncFII(pAMA1167-NDM-5)_1_pAMA1167-NDM-5	1-230/261	========/=====.	1/1	88.12	95.67	plasmidfinder	CP024805.1	IncFII(pAMA1167-NDM-5)_1_pAMA1167-NDM-5_CP024805.1	
GCA_025336825.1_GCA_025336825.1_ASM2533682v1	GCA_025336825.1_GCA_025336825.1_ASM2533682v1	JAODFT010000016.1	16640	17321	-	IncFIB(AP001918)_1	1-682/682	===============	0/0	100.00	98.39	plasmidfinder	AP001918	IncFIB(AP001918)_1__AP001918	
GCA_025336825.1_GCA_025336825.1_ASM2533682v1	GCA_025336825.1_GCA_025336825.1_ASM2533682v1	JAODFT010000016.1	87217	87745	+	IncQ1_1	1-529/796	==========.....	0/0	66.46	100.00	plasmidfinder	M28829.1	IncQ1_1__M28829.1	
GCA_025336825.1_GCA_025336825.1_ASM2533682v1	GCA_025336825.1_GCA_025336825.1_ASM2533682v1	JAODFT010000018.1	48134	48449	+	IncI2_1_Delta	1-316/316	===============	0/0	100.00	97.15	plasmidfinder	AP002527	IncI2_1_Delta_AP002527	
GCA_034465125.1_GCA_034465125.1_PDT002034360.1	GCA_034465125.1_GCA_034465125.1_PDT002034360.1	DASMXT010000039.1	24581	24907	-	IncHI2_1	1-327/327	===============	0/0	100.00	100.00	plasmidfinder	BX664015	IncHI2_1__BX664015	
GCA_034465125.1_GCA_034465125.1_PDT002034360.1	GCA_034465125.1_GCA_034465125.1_PDT002034360.1	DASMXT010000039.1	41111	41740	+	IncHI2A_1	1-630/630	===============	0/0	100.00	99.52	plasmidfinder	BX664015	IncHI2A_1__BX664015	
GCA_034465125.1_GCA_034465125.1_PDT002034360.1	GCA_034465125.1_GCA_034465125.1_PDT002034360.1	DASMXT010000060.1	8252	8512	+	IncFII(pCoo)_1_pCoo	1-262/262	========/======	1/1	99.62	96.56	plasmidfinder	CR942285	IncFII(pCoo)_1_pCoo_CR942285	
GCA_034465125.1_GCA_034465125.1_PDT002034360.1	GCA_034465125.1_GCA_034465125.1_PDT002034360.1	DASMXT010000068.1	3688	3829	-	IncI1_1_Alpha	1-142/142	===============	0/0	100.00	100.00	plasmidfinder	AP005147	IncI1_1_Alpha_AP005147	
GCA_034465125.1_GCA_034465125.1_PDT002034360.1	GCA_034465125.1_GCA_034465125.1_PDT002034360.1	DASMXT010000088.1	1335	2016	+	IncFIB(AP001918)_1	1-682/682	===============	0/0	100.00	98.39	plasmidfinder	AP001918	IncFIB(AP001918)_1__AP001918	
GCA_053709775.1_GCA_053709775.1_ASM5370977v1	GCA_053709775.1_GCA_053709775.1_ASM5370977v1	JBSKJU010000043.1	7669	7992	-	IncI2_1	1-324/324	===============	0/0	100.00	100.00	plasmidfinder	KP347127	IncI2_1__KP347127	
GCA_053709775.1_GCA_053709775.1_ASM5370977v1	GCA_053709775.1_GCA_053709775.1_ASM5370977v1	JBSKJU010000049.1	6272	6413	-	IncI1_1_Alpha	1-142/142	===============	0/0	100.00	99.30	plasmidfinder	AP005147	IncI1_1_Alpha_AP005147	
GCA_902703155.1_GCA_902703155.1_Eco04570	GCA_902703155.1_GCA_902703155.1_Eco04570	CACRYI010000026.1	25632	25953	-	IncI2_1_Delta	1-316/316	========/======	1/6	100.00	97.52	plasmidfinder	AP002527	IncI2_1_Delta_AP002527	
GCA_902703155.1_GCA_902703155.1_Eco04570	GCA_902703155.1_GCA_902703155.1_Eco04570	CACRYI010000028.1	52980	53661	-	IncFIB(AP001918)_1	1-682/682	===============	0/0	100.00	98.39	plasmidfinder	AP001918	IncFIB(AP001918)_1__AP001918	
GCA_902703155.1_GCA_902703155.1_Eco04570	GCA_902703155.1_GCA_902703155.1_Eco04570	CACRYI010000043.1	10760	10901	+	IncI1_1_Alpha	1-142/142	===============	0/0	100.00	100.00	plasmidfinder	AP005147	IncI1_1_Alpha_AP005147	
GCA_977857845.1_GCA_977857845.1_R-IZA-041ESCO-YE	GCA_977857845.1_GCA_977857845.1_R-IZA-041ESCO-YE	CDWHFB010000010.1	67776	68660	+	p0111_1	1-885/885	===============	0/0	100.00	98.98	plasmidfinder	AP010962	p0111_1__AP010962	
GCA_977857845.1_GCA_977857845.1_R-IZA-041ESCO-YE	GCA_977857845.1_GCA_977857845.1_R-IZA-041ESCO-YE	CDWHFB010000042.1	24405	24778	+	IncX4_1	1-374/374	===============	0/0	100.00	100.00	plasmidfinder	CP002895	IncX4_1__CP002895	
GCA_977857845.1_GCA_977857845.1_R-IZA-041ESCO-YE	GCA_977857845.1_GCA_977857845.1_R-IZA-041ESCO-YE	CDWHFB010000044.1	4107	4480	-	IncX1_1	1-374/374	===============	0/0	100.00	98.93	plasmidfinder	EU370913	IncX1_1__EU370913	
GCA_977857845.1_GCA_977857845.1_R-IZA-041ESCO-YE	GCA_977857845.1_GCA_977857845.1_R-IZA-041ESCO-YE	CDWHFB010000048.1	23125	23385	-	IncFII_1	1-261/261	===============	0/0	100.00	99.23	plasmidfinder	AY458016	IncFII_1__AY458016	
GCA_977857845.1_GCA_977857845.1_R-IZA-041ESCO-YE	GCA_977857845.1_GCA_977857845.1_R-IZA-041ESCO-YE	CDWHFB010000087.1	258	448	-	ColpVC_1	1-191/193	===============	0/0	98.96	96.86	plasmidfinder	JX133088	ColpVC_1__JX133088	
GCA_977859995.1_GCA_977859995.1_R-IZA-047-YP	GCA_977859995.1_GCA_977859995.1_R-IZA-047-YP	CDWHOZ010000048.1	24383	24756	+	IncX4_1	1-374/374	===============	0/0	100.00	100.00	plasmidfinder	CP002895	IncX4_1__CP002895	
GCA_977859995.1_GCA_977859995.1_R-IZA-047-YP	GCA_977859995.1_GCA_977859995.1_R-IZA-047-YP	CDWHOZ010000051.1	27629	28513	-	p0111_1	1-885/885	===============	0/0	100.00	98.98	plasmidfinder	AP010962	p0111_1__AP010962	
GCA_977859995.1_GCA_977859995.1_R-IZA-047-YP	GCA_977859995.1_GCA_977859995.1_R-IZA-047-YP	CDWHOZ010000056.1	665	1038	-	IncX1_1	1-374/374	===============	0/0	100.00	98.93	plasmidfinder	EU370913	IncX1_1__EU370913	
GCA_977859995.1_GCA_977859995.1_R-IZA-047-YP	GCA_977859995.1_GCA_977859995.1_R-IZA-047-YP	CDWHOZ010000113.1	3190	3450	-	IncFII_1	1-261/261	===============	0/0	100.00	99.23	plasmidfinder	AY458016	IncFII_1__AY458016	
GCA_977859995.1_GCA_977859995.1_R-IZA-047-YP	GCA_977859995.1_GCA_977859995.1_R-IZA-047-YP	CDWHOZ010000116.1	2087	2474	+	IncFIA_1	1-388/388	===============	0/0	100.00	100.00	plasmidfinder	AP001918	IncFIA_1__AP001918	
GCA_977859995.1_GCA_977859995.1_R-IZA-047-YP	GCA_977859995.1_GCA_977859995.1_R-IZA-047-YP	CDWHOZ010000152.1	2575	3256	-	IncFIB(AP001918)_1	1-682/682	===============	0/0	100.00	97.36	plasmidfinder	AP001918	IncFIB(AP001918)_1__AP001918	
GCA_977859995.1_GCA_977859995.1_R-IZA-047-YP	GCA_977859995.1_GCA_977859995.1_R-IZA-047-YP	CDWHOZ010000193.1	530	762	-	Col(BS512)_1	1-233/233	===============	0/0	100.00	100.00	plasmidfinder	NC_010656	Col(BS512)_1__NC_010656	
GCA_977859995.1_GCA_977859995.1_R-IZA-047-YP	GCA_977859995.1_GCA_977859995.1_R-IZA-047-YP	CDWHOZ010000214.1	283	473	+	ColpVC_1	1-191/193	===============	0/0	98.96	96.86	plasmidfinder	JX133088	ColpVC_1__JX133088	
