Sample	sample_id	num_contigs	size	gc	md5	rep_type(s)	rep_type_accession(s)	relaxase_type(s)	relaxase_type_accession(s)	mpf_type	mpf_type_accession(s)	orit_type(s)	orit_accession(s)	predicted_mobility	mash_nearest_neighbor	mash_neighbor_distance	mash_neighbor_identification	primary_cluster_id	secondary_cluster_id	predicted_host_range_overall_rank	predicted_host_range_overall_name	observed_host_range_ncbi_rank	observed_host_range_ncbi_name	reported_host_range_lit_rank	reported_host_range_lit_name	associated_pmid(s)
GCA_003795445.1_GCA_003795445.1_ASM379544v1	GCA_003795445.1_GCA_003795445.1_ASM379544v1_uncompressed:AA738	21	250002	0.46708826329389364	23b211f11be4c517ed9f15ef76b9b931	IncHI2A,rep_cluster_1088	BX664015,000340__KU353730	MOBH	NC_012555_00231	MPF_F	NC_005211_00030,NC_021845_00017,NC_005211_00005,NC_009838_00006,NC_005211_00012,NC_005211_00207,NC_005211_00200	-	-	conjugative	MH522425	0.00511931	Salmonella enterica subsp. enterica serovar Typhimurium	AA738	AJ047	order	Enterobacterales	order	Enterobacterales	order	Enterobacterales	20851899
GCA_003795445.1_GCA_003795445.1_ASM379544v1	GCA_003795445.1_GCA_003795445.1_ASM379544v1_uncompressed:AA551	4	36627	0.5011330439293418	28b95920a98524532eef1df9ce5e1658	IncN	000155__CP018649	MOBF	NC_015599_00019	MPF_T	NC_008612_00190,NC_007682_00044,NC_014368_00014,NC_011617_00041,NC_009131_00030,NC_022375_00024	MOBF	NZ_CP013027	conjugative	NC_019098	0.00470559	Escherichia coli	AA551	AI743	class	Gammaproteobacteria	class	Gammaproteobacteria	order	Enterobacterales	23114770; 20851899; 28842132
GCA_015208565.1_GCA_015208565.1_ASM1520856v1	GCA_015208565.1_GCA_015208565.1_ASM1520856v1_uncompressed:AA179	8	163006	0.503312761493442	57b1565886004decc922256e6fc37330	IncFIB,IncFIC,IncFII	000095__NZ_CP014273_00094,AP001918,KF954760	MOBF,MOBP	NC_017627_00068,NC_021819_00066	MPF_F	NC_022651_00077,NC_010409_00124,NC_019094_00090,NC_017639_00094,NC_007675_00027,NC_017639_00100,NC_018966_00040,NC_010488_00021,NC_009837_00049,NC_013437_00116,08-5333_00200	-	-	conjugative	CP022166	0.00319852	Escherichia coli	AA179	AH868	order	Enterobacterales	order	Enterobacterales	order	Enterobacterales	11254626; 19482926; 15781495; 20851899; 16257053
GCA_015208565.1_GCA_015208565.1_ASM1520856v1	GCA_015208565.1_GCA_015208565.1_ASM1520856v1_uncompressed:AA159	1	6811	0.4767288210248128	12def30158ad22040d7d2632d47685d4	rep_cluster_2350	CP035723_00002	MOBP	NC_019076_00002	-	-	MOBP	MF083142	mobilizable	CP027259	0.000631368	Escherichia coli	AA159	AH803	multi-phylla	Actinomycetota,Bacillota,Bacteroidota,Pseudomonadota	multi-phylla	Actinomycetota,Bacillota,Bacteroidota,Pseudomonadota	genus	Escherichia	6263753; 17122402; 26802429
GCA_015208565.1_GCA_015208565.1_ASM1520856v1	GCA_015208565.1_GCA_015208565.1_ASM1520856v1_uncompressed:AA519	1	4938	0.5481976508707979	d288ed8ed9a5d38e58568685efd412e4	rep_cluster_2335	KU302809_00001	MOBP,MOBP	NC_021293_00005,NC_001848_00006	-	-	MOBP	HQ328804	mobilizable	CP011049	0.000830728	Cronobacter sakazakii	AA519	AI689	multi-phylla	Actinomycetota,Bacillota,Pseudomonadota	multi-phylla	Actinomycetota,Bacillota,Pseudomonadota	order	Enterobacterales	20008783
GCA_015208565.1_GCA_015208565.1_ASM1520856v1	GCA_015208565.1_GCA_015208565.1_ASM1520856v1_uncompressed:AB050	1	4665	0.5112540192926045	3c300a88e23df8179e85837a7633559e	rep_cluster_2335	KU302809_00001	MOBP,MOBP	NC_013090_00004,NC_001848_00006	-	-	MOBP	CP008720	mobilizable	AY589571	0.00197282	Escherichia coli	AB050	AJ603	multi-phylla	Actinomycetota,Bacillota,Pseudomonadota	multi-phylla	Actinomycetota,Bacillota,Pseudomonadota	order	Enterobacterales	20008783
GCA_015208565.1_GCA_015208565.1_ASM1520856v1	GCA_015208565.1_GCA_015208565.1_ASM1520856v1_uncompressed:AA106	1	4156	0.45332050048123196	013738b463408eddc09e8cfdf209c39a	ColRNAI_rep_cluster_1987	CP041116_00002	-	-	-	-	MOB_unknown	CP016722	mobilizable	CP010165	0.0523149	Escherichia coli	AA106	-	multi-phylla	Actinomycetota,Pseudomonadota	multi-phylla	Actinomycetota,Pseudomonadota	-	-	-
GCA_025336805.1_GCA_025336805.1_ASM2533680v1	GCA_025336805.1_GCA_025336805.1_ASM2533680v1_uncompressed:AA314	10	66661	0.5191041238505273	bb7d220c109315687e5b54c738b7725a	IncFIA,IncFIC	000136__AP014877_00014,CP003035	MOBF,MOBF	NC_017627_00068,CP026812_00205	MPF_F	NC_009837_00049,NC_010488_00021,NC_018966_00040,NC_017639_00100,NC_007675_00027,NC_017630_00031,NC_019094_00090,NC_013437_00116,08-5333_00200,NC_010409_00124,NC_019037_00043	-	-	conjugative	CP012928	0.0250005	Salmonella enterica subsp. enterica serovar Heidelberg	AA314	-	family	Enterobacteriaceae	family	Enterobacteriaceae	-	-	-
GCA_025336805.1_GCA_025336805.1_ASM2533680v1	GCA_025336805.1_GCA_025336805.1_ASM2533680v1_uncompressed:AB714	7	27806	0.5031288211177444	6acf9f55ef8d9fb99cc1d2cb39f58fe1	-	-	-	-	-	-	-	-	non-mobilizable	CP022453	0.0458408	Salmonella enterica subsp. enterica serovar Indiana	AB714	-	family	Enterobacteriaceae	family	Enterobacteriaceae	-	-	-
GCA_025336805.1_GCA_025336805.1_ASM2533680v1	GCA_025336805.1_GCA_025336805.1_ASM2533680v1_uncompressed:AB443	2	5679	0.4724423313963726	f534677b96ef0cafac563969ca30d679	rep_cluster_2350	CP041342_00001	MOBP	LT985292_00003	-	-	MOBP	MF083142	mobilizable	CP035351	0.00390583	Escherichia coli	AB443	AK226	multi-phylla	Actinomycetota,Bacillota,Bacteroidota,Pseudomonadota	multi-phylla	Actinomycetota,Bacillota,Bacteroidota,Pseudomonadota	genus	Escherichia	6263753; 17122402; 26802429
GCA_025336805.1_GCA_025336805.1_ASM2533680v1	GCA_025336805.1_GCA_025336805.1_ASM2533680v1_uncompressed:AA147	1	4323	0.44228544991903773	ee7f6eb11ce1617b3b0dfd27208ea400	rep_cluster_2401	CP039864_00003	-	-	-	-	MOBP	NC_019078	mobilizable	NC_022662	0.00680395	Escherichia coli JJ1886	AA147	AH786	family	Enterobacteriaceae	family	Enterobacteriaceae	-	-	-
GCA_025336805.1_GCA_025336805.1_ASM2533680v1	GCA_025336805.1_GCA_025336805.1_ASM2533680v1_uncompressed:AA579	1	4165	0.5020408163265306	11f75857f1c2160cd0ca9bef8f043685	-	-	MOBQ	NC_011411_00002	-	-	MOBQ,MOBQ	NC_013503,NC_009791	mobilizable	CP019648	0.0442483	Salmonella enterica subsp. enterica serovar Typhimurium	AA579	-	family	Enterobacteriaceae	family	Enterobacteriaceae	-	-	-
GCA_025336805.1_GCA_025336805.1_ASM2533680v1	GCA_025336805.1_GCA_025336805.1_ASM2533680v1_uncompressed:AG590	1	3952	0.5172064777327935	df904ae65df2e179cbf6a0ea759b26c6	Col156	CP001126_00001	MOBQ	CP032882_00002	-	-	-	-	mobilizable	CP034827	0.0219913	Salmonella sp. SSDFZ54	AG590	AQ638	family	Enterobacteriaceae	family	Enterobacteriaceae	genus	Escherichia	25389419
GCA_025336825.1_GCA_025336825.1_ASM2533682v1	GCA_025336825.1_GCA_025336825.1_ASM2533682v1_uncompressed:AA319	1	88560	0.5174683830171635	2b0eceed25e5db6e2db7871a2ce5b116	IncFIB,IncQ1,rep_cluster_2244	000095__NZ_CP014273_00094,000195__NC_013728_00014,CP033091_00053	MOBF,MOBP	CP008715_00128,NC_021819_00066	MPF_F	NC_010409_00124	-	-	conjugative	KU932025	0.0267335	Escherichia coli	AA319	-	genus	Escherichia	genus	Escherichia	-	-	-
GCA_025336825.1_GCA_025336825.1_ASM2533682v1	GCA_025336825.1_GCA_025336825.1_ASM2533682v1_uncompressed:AB002	1	87791	0.47819252542971374	dbdbd1051de5a01e6aea3c1979e2c1ff	rep_cluster_1704	001113__CP011430_00070	-	-	-	-	-	-	non-mobilizable	CP027309	0.030677	Escherichia coli	AB002	-	family	Enterobacteriaceae	family	Enterobacteriaceae	-	-	-
GCA_025336825.1_GCA_025336825.1_ASM2533682v1	GCA_025336825.1_GCA_025336825.1_ASM2533682v1_uncompressed:AA372	2	68367	0.431158307370515	53fb4596958ad9094d2a526b03be058d	IncI2	000147__CP006264_00003	MOBP	MF175187_00027	MPF_T	NC_020270_00058,NC_019039_00051,NC_019039_00052,NC_020270_00063,NC_019039_00065	-	-	conjugative	KU761326	0.00445566	Escherichia coli	AA372	AI350	family	Enterobacteriaceae	family	Enterobacteriaceae	family	Enterobacteriaceae	26842776; 30761100; 25861872
GCA_034465125.1_GCA_034465125.1_PDT002034360.1	GCA_034465125.1_GCA_034465125.1_PDT002034360.1_uncompressed:AA738	30	328273	0.47793452400898034	752672afc79cce73ae4b376b333ac311	IncFIB,IncHI2A,rep_cluster_1088	000095__NZ_CP014273_00094,BX664015,000340__KU353730	MOBH	NC_012555_00231	MPF_F	NC_005211_00030,NC_021845_00017,NC_005211_00200,NC_005211_00207,NC_005211_00005,NC_009838_00006,NC_005211_00012,NC_007675_00027,NC_017639_00100,NC_018966_00040,NC_010488_00021,NC_009837_00049,08-5333_00200,NC_022651_00077,NC_010409_00124,NC_019094_00090,NC_017639_00094,NC_013437_00116	MOBH,MOBF	NC_015864,KT325596	conjugative	MG014722	0.00932572	Escherichia coli	AA738	AJ045	order	Enterobacterales	order	Enterobacterales	order	Enterobacterales	11254626; 19482926; 15781495; 20851899; 16257053
GCA_034465125.1_GCA_034465125.1_PDT002034360.1	GCA_034465125.1_GCA_034465125.1_PDT002034360.1_uncompressed:AA474	11	107785	0.4826460082571786	8520d6c6045edf5bec36a1b7e55884d1	IncI-gamma/K1	MG764547	MOBP	NC_019097	MPF_I	NC_019097_00085,NZ_CM001473_00069,NC_022267_00069,NC_019097_00075,NC_015965_00072,NC_023290_00086,NC_019111_00038,NC_022267_00057,NC_019097_00056	MOBP	JN253636	conjugative	CP029842	0.00305472	Salmonella enterica subsp. enterica serovar Typhimurium	AA474	AI613	order	Enterobacterales	family	Enterobacteriaceae	order	Enterobacterales	23333216; 30761100; 25987637; 21470454; 29899511; 20851899
GCA_034465125.1_GCA_034465125.1_PDT002034360.1	GCA_034465125.1_GCA_034465125.1_PDT002034360.1_uncompressed:AA327	1	24865	0.5337220993364167	a340104d3bb8ffb6a31ecbd9374b9abf	IncFIA,IncFIC	CP022610_00144,CR942285	MOBF	NC_017627_00068	-	-	-	-	mobilizable	CP034592	0.0492808	Escherichia coli	AA327	-	family	Enterobacteriaceae	family	Enterobacteriaceae	-	-	-
GCA_034465125.1_GCA_034465125.1_PDT002034360.1	GCA_034465125.1_GCA_034465125.1_PDT002034360.1_uncompressed:AD672	5	12798	0.5678230973589623	a7f5f6278f40db5123c4a2aa49ae76c3	-	-	-	-	-	-	-	-	non-mobilizable	CP024288	0.0482105	Escherichia albertii	AD672	-	genus	Escherichia	genus	Escherichia	-	-	-
GCA_034465125.1_GCA_034465125.1_PDT002034360.1	GCA_034465125.1_GCA_034465125.1_PDT002034360.1_uncompressed:AB690	1	2310	0.40865800865800866	584b11ddc7a3b8b5936bf92315615d51	Col(MG828)	NC_008486	-	-	-	-	-	-	non-mobilizable	CP005932	0.00701675	Escherichia coli APEC IMT5155	AB690	AK570	order	Enterobacterales	order	Enterobacterales	genus	Escherichia	30761100
GCA_053709775.1_GCA_053709775.1_ASM5370977v1	GCA_053709775.1_GCA_053709775.1_ASM5370977v1_uncompressed:AC978	1	68122	0.47825959308299815	689716a447996fd7803224def2883beb	rep_cluster_1368	000688__CP006788_00033	MOBP	NC_022650_00002	MPF_T	NC_023907_00043,NC_023907_00045,NC_023907_00079	-	-	conjugative	CP030221	0.0212234	Salmonella enterica	AC978	AM373	family	Enterobacteriaceae	family	Enterobacteriaceae	-	-	-
GCA_053709775.1_GCA_053709775.1_ASM5370977v1	GCA_053709775.1_GCA_053709775.1_ASM5370977v1_uncompressed:AA474	9	95923	0.5176964857229236	01f09835d01de423000af7ba7083b681	IncI-gamma/K1	CP001118	MOBP	NC_019097	MPF_I	NC_019097_00085,NZ_CM001473_00069,NC_022267_00069,NC_019097_00075,NC_015965_00072,NC_023290_00086,NC_019111_00038,NC_022267_00057,NC_019097_00056	MOBP	HM021326	conjugative	MH422553	0.00811798	Escherichia coli	AA474	AI605	order	Enterobacterales	family	Enterobacteriaceae	order	Enterobacterales	23333216; 30761100; 25987637; 21470454; 29899511; 20851899
GCA_053709775.1_GCA_053709775.1_ASM5370977v1	GCA_053709775.1_GCA_053709775.1_ASM5370977v1_uncompressed:AA372	4	58149	0.42382500128979	ce8f957fe0536014dbf6fe6902a92561	IncI2	AP017614	MOBP	MF175187_00027	MPF_T	NC_019039_00065,NC_020270_00063,NC_019039_00052,NC_019039_00051,NC_020270_00058	-	-	conjugative	MF175187	0.00294054	Escherichia coli	AA372	AI350	family	Enterobacteriaceae	family	Enterobacteriaceae	family	Enterobacteriaceae	26842776; 30761100; 25861872
GCA_053709775.1_GCA_053709775.1_ASM5370977v1	GCA_053709775.1_GCA_053709775.1_ASM5370977v1_uncompressed:AA810	7	12759	0.5082686730935027	520f83ae37a38941df8bc8c1176a7a8d	-	-	-	-	-	-	-	-	non-mobilizable	CP035364	0.0519203	Escherichia coli	AA810	-	genus	Escherichia	genus	Escherichia	-	-	-
GCA_053709775.1_GCA_053709775.1_ASM5370977v1	GCA_053709775.1_GCA_053709775.1_ASM5370977v1_uncompressed:AA579	2	3811	0.4964576226712149	2d39326c3525c1072670859958b04dc7	rep_cluster_1778	001198__NC_010486_00001	-	-	-	-	MOBQ,MOBQ	NC_010523,NC_010672	mobilizable	NC_011411	0.0031121	Escherichia coli SE11	AA579	AI799	family	Enterobacteriaceae	family	Enterobacteriaceae	-	-	-
GCA_902703155.1_GCA_902703155.1_Eco04570	GCA_902703155.1_GCA_902703155.1_Eco04570_uncompressed:AA474	2	80267	0.5029713331755267	4db1f433bde4084b6866bb4a0fa07dcc	IncI1/B/O	DQ017661	MOBP	NC_019097	MPF_I	NC_019097_00085,NZ_CM001473_00069,NC_022267_00069,NC_019097_00075,NC_015965_00072,NC_023290_00086,NC_019111_00038,NC_022267_00057,NC_019097_00056	MOBP	HM021326	conjugative	AB021078	0.0133059	Shigella sonnei	AA474	AI598	order	Enterobacterales	family	Enterobacteriaceae	order	Enterobacterales	23333216; 20956594; 20851899; 30761100
GCA_902703155.1_GCA_902703155.1_Eco04570	GCA_902703155.1_GCA_902703155.1_Eco04570_uncompressed:AA372	3	62892	0.4260160274756726	08d9096a94761960fc84963ae2b6fae6	IncI2	JN983044	MOBP	NC_022520_00030	MPF_T	NC_019115_00018,NC_020270_00063,NC_019039_00052,NC_019039_00051,NC_020270_00058	-	-	conjugative	KU870627	0.000532603	Escherichia coli	AA372	AI349	family	Enterobacteriaceae	family	Enterobacteriaceae	family	Enterobacteriaceae	26842776; 30761100; 25861872
GCA_902703155.1_GCA_902703155.1_Eco04570	GCA_902703155.1_GCA_902703155.1_Eco04570_uncompressed:AA176	11	160558	0.4971474482741439	30cf199c7f7ae61a866deee65fb82c3a	IncFIB,rep_cluster_2244	000095__NZ_CP014273_00094,CP033091_00053	MOBF	NC_017627_00068	MPF_F	NC_009837_00049,NC_010488_00021,NC_018966_00040,NC_017639_00100,NC_007675_00027,NC_017639_00094,NC_019094_00090,NC_010409_00124,NC_019037_00043,NC_022651_00077,NC_013437_00116,08-5333_00200	MOBF	AY608912	conjugative	CP001122	0.00366686	Salmonella enterica subsp. enterica serovar Kentucky str. CVM29188	AA176	AH856	order	Enterobacterales	order	Enterobacterales	order	Enterobacterales	11254626; 30761100; 19482926; 15781495; 20851899; 16257053
GCA_902703155.1_GCA_902703155.1_Eco04570	GCA_902703155.1_GCA_902703155.1_Eco04570_uncompressed:AA155	1	10159	0.459789349345408	f581c1c89c2a252808929ca8187445ef	rep_cluster_2350,rep_cluster_2350	CP031900_00001,CP041342_00001	MOBF,MOBP	CP019897,NC_019076_00002	-	-	MOBP,MOB_unknown	NZ_CP011417,KU932034	mobilizable	HQ622576	0.0177716	Escherichia coli	AA155	AH798	genus	Escherichia	genus	Escherichia	-	-	-
GCA_902703155.1_GCA_902703155.1_Eco04570	GCA_902703155.1_GCA_902703155.1_Eco04570_uncompressed:AB595	1	4743	0.5112797807294961	48fd4dea458e589a63cb4bda3459f957	rep_cluster_2335	KU302809_00001	-	-	-	-	MOBP	AJ001708	mobilizable	NC_017658	0.00737682	Escherichia coli O55:H7 str. RM12579	AB595	AK439	multi-phylla	Actinomycetota,Bacillota,Pseudomonadota	multi-phylla	Actinomycetota,Bacillota,Pseudomonadota	order	Enterobacterales	20008783
GCA_902703155.1_GCA_902703155.1_Eco04570	GCA_902703155.1_GCA_902703155.1_Eco04570_uncompressed:novel_cea2bf67c7e8ff9a9c32fe69cc4ae728	1	3461	0.4634498699797746	cea2bf67c7e8ff9a9c32fe69cc4ae728	-	-	MOBV	CP042516_00001	-	-	-	-	mobilizable	CP039511	0.0852783	Salmonella enterica subsp. enterica serovar Worthington	novel_cea2bf67c7e8ff9a9c32fe69cc4ae728	-	order	Enterobacterales	order	Enterobacterales	-	-	-
GCA_902703155.1_GCA_902703155.1_Eco04570	GCA_902703155.1_GCA_902703155.1_Eco04570_uncompressed:AB685	1	1675	0.524179104477612	0cb6054ac48049ccf9a360d3ccd7eb85	Col(MG828)	NC_008486	-	-	-	-	MOBP,MOB_unknown	AB027308,CP018359	mobilizable	CP011143	0.0010072	Escherichia coli VR50	AB685	AK563	order	Enterobacterales	order	Enterobacterales	genus	Escherichia	30761100
GCA_977857845.1_GCA_977857845.1_R-IZA-041ESCO-YE	GCA_977857845.1_GCA_977857845.1_R-IZA-041ESCO-YE_uncompressed:AA378	4	103499	0.4777534082454903	69b769cb73a9f6c44a9db1ee562f6c70	IncHI1B	000138__CP021336_00001	-	-	-	-	-	-	non-mobilizable	CP041922	0.00271444	Escherichia coli	AA378	AI376	order	Enterobacterales	order	Enterobacterales	genus	Salmonella	18606786
GCA_977857845.1_GCA_977857845.1_R-IZA-041ESCO-YE	GCA_977857845.1_GCA_977857845.1_R-IZA-041ESCO-YE_uncompressed:AA326	2	63139	0.5257606233864964	f6e0c821427fadc8fda9149fede7dc27	IncFIA	000136__AP014877_00014	MOBF	NC_017627_00068	MPF_F	NC_017639_00100,NC_007675_00027,NC_017639_00094,NC_019094_00090,NC_010409_00124,NC_019037_00043,NC_022651_00077,NC_013437_00116,NC_018966_00040,NC_019094_00068,NC_009837_00049,08-5333_00200	MOBF	CP000430	conjugative	CP035337	0.0186195	Escherichia coli	AA326	AI221	order	Enterobacterales	order	Enterobacterales	order	Enterobacterales	10773089; 25389419; 19897651; 24247128; 20851899; 22511964
GCA_977857845.1_GCA_977857845.1_R-IZA-041ESCO-YE	GCA_977857845.1_GCA_977857845.1_R-IZA-041ESCO-YE_uncompressed:AA619	1	32730	0.41625420103880234	ea147b1ed32d03b6d0e4f0901b29d9a1	IncX4	000224__NC_022105_00002	MOBP	NC_013718_00057	MPF_T	NC_013718_00041,NC_013718_00044,NC_013718_00045,NC_021079_00038	-	-	conjugative	KX772777	0.00058191	Escherichia coli	AA619	AI859	family	Enterobacteriaceae	family	Enterobacteriaceae	family	Enterobacteriaceae	26842776; 21911569; 28336940
GCA_977857845.1_GCA_977857845.1_R-IZA-041ESCO-YE	GCA_977857845.1_GCA_977857845.1_R-IZA-041ESCO-YE_uncompressed:AC305	3	37892	0.4435764805235934	c27a8c9efa598c42eb4af47bf0562516	IncX1	000215__KC853434_00019	MOBP	NC_019047_00022	MPF_T	NC_023277_00163,NC_019047_00030,NC_019047_00031,NC_019047_00032,NC_019047_00035	-	-	conjugative	MH229869	0.00884936	Escherichia coli	AC305	AL439	order	Enterobacterales	order	Enterobacterales	family	Enterobacteriaceae	21625636; 22470007
GCA_977857845.1_GCA_977857845.1_R-IZA-041ESCO-YE	GCA_977857845.1_GCA_977857845.1_R-IZA-041ESCO-YE_uncompressed:AG658	2	15099	0.49592688257500495	20dbe2031b468814ab80f5ad1f25944f	-	-	-	-	-	-	-	-	non-mobilizable	KX434884	0.0143027	Klebsiella pneumoniae	AG658	AQ709	family	Enterobacteriaceae	family	Enterobacteriaceae	-	-	-
GCA_977857845.1_GCA_977857845.1_R-IZA-041ESCO-YE	GCA_977857845.1_GCA_977857845.1_R-IZA-041ESCO-YE_uncompressed:AB944	1	3317	0.47392221887247515	10e4a4be7a506f3bb0008a9c7fe04993	-	-	-	-	-	-	-	-	non-mobilizable	NC_019054	0.0480354	Escherichia coli	AB944	-	genus	Escherichia	genus	Escherichia	-	-	-
GCA_977857845.1_GCA_977857845.1_R-IZA-041ESCO-YE	GCA_977857845.1_GCA_977857845.1_R-IZA-041ESCO-YE_uncompressed:AB237	1	1869	0.5762439807383628	64bad624e74090ecf10a51ce118c8aee	ColpVC	JX133088	-	-	-	-	-	-	non-mobilizable	CP041121	0.00319852	Escherichia coli	AB237	AJ935	order	Enterobacterales	order	Enterobacterales	-	-	-
GCA_977859995.1_GCA_977859995.1_R-IZA-047-YP	GCA_977859995.1_GCA_977859995.1_R-IZA-047-YP_uncompressed:AA378	5	103711	0.47510871556536916	bfd87f376834566fbcfeb929fee143e1	IncHI1B	000138__CP021336_00001	-	-	-	-	-	-	non-mobilizable	CP041922	0.00296902	Escherichia coli	AA378	AI376	order	Enterobacterales	order	Enterobacterales	genus	Salmonella	18606786
GCA_977859995.1_GCA_977859995.1_R-IZA-047-YP	GCA_977859995.1_GCA_977859995.1_R-IZA-047-YP_uncompressed:AA619	1	32686	0.4161414672948663	3086ccf4f39ab06746d58262467bcb9d	IncX4	000224__NC_022105_00002	MOBP	NC_013718_00057	MPF_T	NC_013718_00041,NC_013718_00044,NC_013718_00045,NC_021079_00038	-	-	conjugative	KX772777	0.00060662	Escherichia coli	AA619	AI859	family	Enterobacteriaceae	family	Enterobacteriaceae	family	Enterobacteriaceae	26842776; 21911569; 28336940
GCA_977859995.1_GCA_977859995.1_R-IZA-047-YP	GCA_977859995.1_GCA_977859995.1_R-IZA-047-YP_uncompressed:AC305	6	46340	0.4564091497626241	7332dc7bd3c1d46eaa5b735df5dfda86	IncX1	000215__KC853434_00019	MOBP	NC_019047_00022	MPF_T	NC_023277_00163,NC_019047_00030,NC_019047_00031,NC_019047_00032,NC_019047_00035	-	-	conjugative	KU254580	0.0110444	Escherichia coli	AC305	AL438	order	Enterobacterales	order	Enterobacterales	family	Enterobacteriaceae	21625636; 22470007
GCA_977859995.1_GCA_977859995.1_R-IZA-047-YP	GCA_977859995.1_GCA_977859995.1_R-IZA-047-YP_uncompressed:AA326	19	118471	0.5197218913416293	f58323144db35eb02bd58ab879490df0	IncFIA,IncFIB	000136__AP014877_00014,000096__NC_019117_00097	MOBF	NC_017627_00068	MPF_F	NC_018966_00040,NC_019094_00068,NC_009837_00049,08-5333_00200,NC_022651_00077,NC_010409_00124,NC_019094_00090,NC_017639_00094,NC_007675_00027,NC_017639_00100,NC_013437_00116	MOBF	KT754162	conjugative	CP035337	0.0287714	Escherichia coli	AA326	-	order	Enterobacterales	order	Enterobacterales	order	Enterobacterales	10773089; 11254626; 25389419; 19482926; 19897651; 15781495; 24247128; 20851899; 22511964; 16257053
GCA_977859995.1_GCA_977859995.1_R-IZA-047-YP	GCA_977859995.1_GCA_977859995.1_R-IZA-047-YP_uncompressed:novel_3c68837dfe720bc64e8fb01e0f467e87	7	38911	0.5020688237259386	3c68837dfe720bc64e8fb01e0f467e87	IncFIA	AF250878	-	-	-	-	-	-	non-mobilizable	CP021937	0.0600659	Escherichia coli	novel_3c68837dfe720bc64e8fb01e0f467e87	-	order	Enterobacterales	order	Enterobacterales	order	Enterobacterales	10773089; 25389419; 19897651; 24247128; 20851899; 22511964
GCA_977859995.1_GCA_977859995.1_R-IZA-047-YP	GCA_977859995.1_GCA_977859995.1_R-IZA-047-YP_uncompressed:AB595	1	5452	0.5297138664710198	7d5ee734427ef27861830a21fd079bc1	rep_cluster_2358	CP000974_00005	-	-	-	-	-	-	non-mobilizable	LT985314	0.00357808	Escherichia coli	AB595	AK439	phylum	Pseudomonadota	order	Enterobacterales	phylum	Pseudomonadota	24096417
GCA_977859995.1_GCA_977859995.1_R-IZA-047-YP	GCA_977859995.1_GCA_977859995.1_R-IZA-047-YP_uncompressed:AD167	3	11102	0.44208250765627816	759be80613f5b2a133c2cf07662639ff	rep_cluster_2335,rep_cluster_2373	EF088686_00008,LT985313_00005	-	-	-	-	MOBP	CP008720	mobilizable	CP042340	0.0037263	Escherichia coli	AD167	AM623	genus	Escherichia	genus	Escherichia	-	-	-
GCA_977859995.1_GCA_977859995.1_R-IZA-047-YP	GCA_977859995.1_GCA_977859995.1_R-IZA-047-YP_uncompressed:AB443	1	4296	0.42621042830540035	47a9d7ca06c774031293fdb1c64d61d4	rep_cluster_2350	CP041342_00001	-	-	-	-	MOBP,MOB_unknown	NC_019299,NC_019986	mobilizable	NC_017649	0.000780658	Escherichia coli O7:K1 str. CE10	AB443	AK225	multi-phylla	Actinomycetota,Bacillota,Bacteroidota,Pseudomonadota	multi-phylla	Actinomycetota,Bacillota,Bacteroidota,Pseudomonadota	genus	Escherichia	6263753; 17122402; 26802429
GCA_977859995.1_GCA_977859995.1_R-IZA-047-YP	GCA_977859995.1_GCA_977859995.1_R-IZA-047-YP_uncompressed:AB944	1	4225	0.48048484848484846	edd76575d49afad83daac3329486ae02	-	-	-	-	-	-	MOBP	AJ001708	mobilizable	NC_019054	0.0511448	Escherichia coli	AB944	-	genus	Escherichia	genus	Escherichia	-	-	-
GCA_977859995.1_GCA_977859995.1_R-IZA-047-YP	GCA_977859995.1_GCA_977859995.1_R-IZA-047-YP_uncompressed:AD097	2	4998	0.44797919167667066	b5945db7a3beb94a67960b85a1716566	-	-	-	-	-	-	-	-	non-mobilizable	MF422120	0.0552118	Escherichia coli	AD097	-	genus	Escherichia	genus	Escherichia	-	-	-
GCA_977859995.1_GCA_977859995.1_R-IZA-047-YP	GCA_977859995.1_GCA_977859995.1_R-IZA-047-YP_uncompressed:AC748	1	2247	0.46239430351579885	e902485ed214db6e858aecac59a3463c	Col(BS512)	NC_010656	-	-	-	-	-	-	non-mobilizable	CP030115	0.000409992	Escherichia coli	AC748	AM073	family	Enterobacteriaceae	family	Enterobacteriaceae	-	-	-
GCA_977859995.1_GCA_977859995.1_R-IZA-047-YP	GCA_977859995.1_GCA_977859995.1_R-IZA-047-YP_uncompressed:AB237	1	1847	0.5739036275040607	68b2b21218eb1b711e9b9c8f014ff6e1	ColpVC	JX133088	-	-	-	-	-	-	non-mobilizable	CP041121	0.00319852	Escherichia coli	AB237	AJ935	order	Enterobacterales	order	Enterobacterales	-	-	-
GCA_977859995.1_GCA_977859995.1_R-IZA-047-YP	GCA_977859995.1_GCA_977859995.1_R-IZA-047-YP_uncompressed:AB685	1	1648	0.5169902912621359	378a75861e656ecfc9a9beda77d1647e	Col(MG828)	NC_008486	-	-	-	-	MOBP,MOB_unknown	CP001386,GQ900404	mobilizable	CP003038	0.00157453	Escherichia coli O7:K1 str. CE10	AB685	AK562	order	Enterobacterales	order	Enterobacterales	genus	Escherichia	30761100
