assembly	biosample	mcr_variant	mcr_contig	mcr_contig_bp	total_IS_elements	IS30_elements_in_genome	families_on_mcr_contig	IS30_on_mcr_contig
GCA_003795445.1	SAMN09303237	mcr-1.1	QJRZ01000018.1	2943	64	2	none	no
GCA_025336805.1	SAMN28613555	mcr-1.1	JAODFU010000074.1	2486	49	2	none	no
GCA_025336825.1	SAMN28613556	mcr-1.1	JAODFT010000018.1	66451	77	3	IS30; IS66 x2; IS200/IS605	yes
GCA_034465125.1	SAMN36943049	mcr-1.1	DASMXT010000124.1 / DASMXT010000213.1	2603 / 2685	55	1	none	no
GCA_902703155.1	SAMEA5988742	mcr-1.1	CACRYI010000026.1	56159	61	2	none	no
GCA_977857845.1	SAMEA120683848	mcr-1.1	CDWHFB010000042.1	32730	70	0	none	no
GCA_977859995.1	SAMEA120683850	mcr-1.1	CDWHOZ010000048.1	32686	92	1	none	no
GCA_015208565.1	SAMN14219481	mcr-9	JAAOAA010000190.1	2621	66	1	IS6	no
GCA_053709775.1	SAMN49772998	mcr-9.1	JBSKJU010000076.1	3461	36	0	IS5	no
