pd_target	biosample	assembly	sra_runs	sra_platform	sra_layout	sra_total_spots	sra_total_bases	sra_source	organism	submitted_species_is_ecoli	species_decision	strain	host	isolation_source	collection_date	location_string	bioproject	submission_date	epi_type	amr_genotype	mcr_variants	mcr_qualifiers	mcr_has_partial	mcr_has_internal_stop	mcr_excluded_calls	assigned_country	country_match_alias	country_assignment_reason	location_fallback_flag	western_sahara_review	assigned_sector	lat_lon
PDT003403345.1	SAMEA123453495	GCA_988286365.1				NOT RETRIEVED (no E-utilities call)	NOT RETRIEVED (no E-utilities call)	build metadata columns Run/Platform/LibraryLayout (no E-utilities call)	Escherichia coli	yes	retain (submitted name is E. coli; organism group membership consistent)				2025	Algeria	PRJEB126541	2026-09-24		aadA1,aadA2,acrF,ant(3'')-Ia,aph(3')-Ia,blaEC,blaTEM-1,cmlA1,dfrA12,floR,fosA4,gyrA_D87N=POINT,gyrA_S83L=POINT,lnu(F),mcr-1.1,mdtM,mph(A),mrx(A),parC_S80I=POINT,parE_S458A=POINT,qnrS1,sul3,tet(A)	mcr-1.1	mcr-1.1=COMPLETE	no	no		Algeria	Algeria	alias match	no	no	Unspecified	
PDT000524034.1	SAMN11553647	GCA_006348985.1				NOT RETRIEVED (no E-utilities call)	NOT RETRIEVED (no E-utilities call)	build metadata columns Run/Platform/LibraryLayout (no E-utilities call)	Escherichia coli	yes	retain (submitted name is E. coli; organism group membership consistent)	M49		Bathing waters	2016	Algeria	PRJNA540702	2019-06-14		aac(3)-IId,aadA1,aadA2,acrF=PARTIAL,aph(3'')-Ib,aph(3')-Ia,aph(6)-Id,blaEC,blaTEM-1,cmlA1=PARTIAL,dfrA1,dfrA14,estX-3,gyrA_S83L=POINT,mcr-1.5,mdtM,mph(A),mrx(A),nfsA_V105SfsTer5=POINT,sul1,sul3,tet(A)	mcr-1.5	mcr-1.5=COMPLETE	no	no		Algeria	Algeria	alias match	no	no	Unspecified	
PDT000524033.1	SAMN11553648	GCA_006348965.1				NOT RETRIEVED (no E-utilities call)	NOT RETRIEVED (no E-utilities call)	build metadata columns Run/Platform/LibraryLayout (no E-utilities call)	Escherichia coli	yes	retain (submitted name is E. coli; organism group membership consistent)	M78		Bathing waters	2016	Algeria	PRJNA540702	2019-06-14		aac(3)-IIe,acrF,aph(3')-Ia,blaEC,blaTEM,dfrA14,estX-3,gyrA_D87Y=POINT,mcr-1.1,mdtM,mph(A),mrx(A),nfsA_L122QfsTer21=POINT,qnrS1,sul3,tet(A)	mcr-1.1	mcr-1.1=COMPLETE	no	no		Algeria	Algeria	alias match	no	no	Unspecified	
PDT000565514.2	SAMN12501891	GCA_007993675.2				NOT RETRIEVED (no E-utilities call)	NOT RETRIEVED (no E-utilities call)	build metadata columns Run/Platform/LibraryLayout (no E-utilities call)	Escherichia coli	yes	retain (submitted name is E. coli; organism group membership consistent)	A50	Gallus gallus domesticus ISA15		2017-03-15	Algeria	PRJNA558906	2019-12-03		acrF,acrR_E190RfsTer20=POINT,aph(3')-Ia,blaEC,gyrA_D87N=POINT,gyrA_S83L=POINT,mcr-1.1,mdtM,parC_S80I=POINT,parE_S458A=POINT	mcr-1.1	mcr-1.1=COMPLETE	no	no		Algeria	Algeria	alias match	no	no	Poultry	34.49 N 0.09 W
PDT003138659.1	SAMN47585712	GCA_055786625.1				NOT RETRIEVED (no E-utilities call)	NOT RETRIEVED (no E-utilities call)	build metadata columns Run/Platform/LibraryLayout (no E-utilities call)	Escherichia coli	yes	retain (submitted name is E. coli; organism group membership consistent)	ECO150	Felis catus	cat	2023-10-16	Algeria: Batna	PRJNA1242317	2026-03-10	clinical	acrF=PARTIAL,aph(3')-Ia,blaCTX-M-1,blaEC,blaTEM-1,dfrA14,gyrA_D87N=POINT,gyrA_S83L=POINT,mcr-1.1,mdtM,parC_E84A=POINT,parC_S80I=POINT,qnrS1,sul2,tet(A)=PARTIAL	mcr-1.1	mcr-1.1=COMPLETE	no	no		Algeria	Algeria	alias match	no	no	Other animal	35.3384291 N 5.7315453 E
PDT003138657.1	SAMN47585716	GCA_055786575.1				NOT RETRIEVED (no E-utilities call)	NOT RETRIEVED (no E-utilities call)	build metadata columns Run/Platform/LibraryLayout (no E-utilities call)	Escherichia coli	yes	retain (submitted name is E. coli; organism group membership consistent)	ECO164	Felis catus	cat	2023-11-15	Algeria: Batna	PRJNA1242317	2026-03-10	clinical	acrF,aph(3')-Ia,blaCTX-M-1,blaEC,dfrA14,mcr-1.1,mdtM,qnrS1,sul2,tet(A)	mcr-1.1	mcr-1.1=COMPLETE	no	no		Algeria	Algeria	alias match	no	no	Other animal	35.3384291 N 5.7315453 E
PDT003138653.1	SAMN47585720	GCA_055786505.1				NOT RETRIEVED (no E-utilities call)	NOT RETRIEVED (no E-utilities call)	build metadata columns Run/Platform/LibraryLayout (no E-utilities call)	Escherichia coli	yes	retain (submitted name is E. coli; organism group membership consistent)	ECO187	Felis catus	cat	2023-11-27	Algeria: Batna	PRJNA1242317	2026-03-10	clinical	acrF,blaCTX-M-1,blaEC,blaTEM-1,dfrA14,gyrA_S83L=POINT,mcr-1.1,mdtM,mph(A),mrx(A),qnrS1,sul2,sul3,tet(A),tet(A)=PARTIAL	mcr-1.1	mcr-1.1=COMPLETE	no	no		Algeria	Algeria	alias match	no	no	Other animal	35.3384291 N 5.7315453 E
PDT002807599.1	SAMN48947181	GCA_050939175.1				NOT RETRIEVED (no E-utilities call)	NOT RETRIEVED (no E-utilities call)	build metadata columns Run/Platform/LibraryLayout (no E-utilities call)	Escherichia coli	yes	retain (submitted name is E. coli; organism group membership consistent)	PS01		Poultry farm	2022-05-01	Algeria: Guelma	PRJNA1273464	2025-06-16	environmental/other	aadA1,aadA2,acrF,acrR_R162PfsTer24=POINT,aph(3')-Ia,blaEC,blaTEM-1,dfrA1,dfrA12,estX-3,gyrA_D87N=POINT,gyrA_S83L=POINT,mcr-1.1,mdtM,mph(A),mrx(A)=PARTIAL,parC_S80I=POINT,parE_S458A=POINT,sul1,sul3,tet(A)	mcr-1.1	mcr-1.1=COMPLETE	no	no		Algeria	Algeria	alias match	no	no	Poultry	36.42 N 7.42 E
PDT002807601.1	SAMN48947182	GCA_050939215.1				NOT RETRIEVED (no E-utilities call)	NOT RETRIEVED (no E-utilities call)	build metadata columns Run/Platform/LibraryLayout (no E-utilities call)	Escherichia coli	yes	retain (submitted name is E. coli; organism group membership consistent)	PS02		Poultry farm	2022-05-01	Algeria: Guelma	PRJNA1273464	2025-06-16	environmental/other	acrF,blaEC,blaTEM-1,fosA4,gyrA_S83L=POINT,mcr-1.1,mdtM,mph(A),mrx(A)=PARTIAL,tet(A),tet(M)	mcr-1.1	mcr-1.1=COMPLETE	no	no		Algeria	Algeria	alias match	no	no	Poultry	36.42 N 7.42 E
PDT002807568.1	SAMN48947183	GCA_050938555.1				NOT RETRIEVED (no E-utilities call)	NOT RETRIEVED (no E-utilities call)	build metadata columns Run/Platform/LibraryLayout (no E-utilities call)	Escherichia coli	yes	retain (submitted name is E. coli; organism group membership consistent)	PS03		Poultry farm	2022-05-01	Algeria: Guelma	PRJNA1273464	2025-06-16	environmental/other	acrF,blaEC,dfrA14,gyrA_D87N=POINT,gyrA_S83L=POINT,mcr-1.1,mdtM,parC_A56T=POINT,parC_S80I=POINT,parE_S458A=POINT,qnrS1,tet(A)	mcr-1.1	mcr-1.1=COMPLETE	no	no		Algeria	Algeria	alias match	no	no	Poultry	36.42 N 7.42 E
PDT002807600.1	SAMN48947184	GCA_050939195.1				NOT RETRIEVED (no E-utilities call)	NOT RETRIEVED (no E-utilities call)	build metadata columns Run/Platform/LibraryLayout (no E-utilities call)	Escherichia coli	yes	retain (submitted name is E. coli; organism group membership consistent)	PS04		Poultry farm	2022-07-01	Algeria: Guelma	PRJNA1273464	2025-06-16	environmental/other	acrF,aph(3'')-Ib,aph(3')-Ia,aph(6)-Id,blaEC,cirA_Q56Ter=POINT,cyaA_S352T=POINT,emrD,gyrA_D87N=POINT,gyrA_S83L=POINT,mcr-1.1,mdtM,nfsA_Q26Ter=POINT,nfsB_Q26Ter=POINT,ompF_Q88Ter=POINT,parC_E84K=POINT,sul2,tet(B)	mcr-1.1	mcr-1.1=COMPLETE	no	no		Algeria	Algeria	alias match	no	no	Poultry	36.42 N 7.42 E
PDT002807598.1	SAMN48947185	GCA_050939155.1				NOT RETRIEVED (no E-utilities call)	NOT RETRIEVED (no E-utilities call)	build metadata columns Run/Platform/LibraryLayout (no E-utilities call)	Escherichia coli	yes	retain (submitted name is E. coli; organism group membership consistent)	PS05		Poultry farm	2022-07-01	Algeria: Guelma	PRJNA1273464	2025-06-16	environmental/other	aadA1,acrF=PARTIAL,blaEC,blaTEM-1,cirA_Q56Ter=POINT,cyaA_S352T=POINT,dfrA1,gyrA_D87N=POINT,gyrA_S83L=POINT,mcr-1.1,mdtM,parC_S57T=POINT,parC_S80I=POINT,tet(A)	mcr-1.1	mcr-1.1=COMPLETE	no	no		Algeria	Algeria	alias match	no	no	Poultry	36.42 N 7.42 E
PDT002807566.1	SAMN48947187	GCA_050938515.1				NOT RETRIEVED (no E-utilities call)	NOT RETRIEVED (no E-utilities call)	build metadata columns Run/Platform/LibraryLayout (no E-utilities call)	Escherichia coli	yes	retain (submitted name is E. coli; organism group membership consistent)	PS07		Poultry farm	2022-07-01	Algeria: Guelma	PRJNA1273464	2025-06-16	environmental/other	aadA2,acrF,blaEC,blaTEM-1,dfrA12,gyrA_D87Y=POINT,gyrA_S83L=POINT,mcr-1.1,mdtM,mph(A),mrx(A)=PARTIAL,parC_S80I=POINT,sul1,tet(A)	mcr-1.1	mcr-1.1=COMPLETE	no	no		Algeria	Algeria	alias match	no	no	Poultry	36.42 N 7.42 E
PDT002807567.1	SAMN48947189	GCA_050938535.1				NOT RETRIEVED (no E-utilities call)	NOT RETRIEVED (no E-utilities call)	build metadata columns Run/Platform/LibraryLayout (no E-utilities call)	Escherichia coli	yes	retain (submitted name is E. coli; organism group membership consistent)	PS09		Poultry farm	2022-07-01	Algeria: Guelma	PRJNA1273464	2025-06-16	environmental/other	acrF,aph(3'')-Ib,aph(3')-Ia,aph(6)-Id,blaEC,cirA_Q56Ter=POINT,cyaA_S352T=POINT,emrD,gyrA_D87N=POINT,gyrA_S83L=POINT,mcr-1.1,mdtM,nfsA_Q26Ter=POINT,nfsB_Q26Ter=POINT,ompF_Q88Ter=POINT,parC_E84K=POINT,sul2,tet(B),uhpT_R326VfsTer10=POINT	mcr-1.1	mcr-1.1=COMPLETE	no	no		Algeria	Algeria	alias match	no	no	Poultry	36.42 N 7.42 E
PDT002807565.1	SAMN48947190	GCA_050938495.1				NOT RETRIEVED (no E-utilities call)	NOT RETRIEVED (no E-utilities call)	build metadata columns Run/Platform/LibraryLayout (no E-utilities call)	Escherichia coli	yes	retain (submitted name is E. coli; organism group membership consistent)	PS10		Poultry farm	2022-07-01	Algeria: Guelma	PRJNA1273464	2025-06-16	environmental/other	aadA1,acrF,blaEC,cirA_G335AfsTer12=POINT,cyaA_S352T=POINT,dfrA1,emrD,estX,gyrA_D87N=POINT,gyrA_S83L=POINT,mcr-1.1,mdtM,parC_S80I=POINT,sul3,tet(A)	mcr-1.1	mcr-1.1=COMPLETE	no	no		Algeria	Algeria	alias match	no	no	Poultry	36.42 N 7.42 E
PDT002807564.1	SAMN48947192	GCA_050938475.1				NOT RETRIEVED (no E-utilities call)	NOT RETRIEVED (no E-utilities call)	build metadata columns Run/Platform/LibraryLayout (no E-utilities call)	Escherichia coli	yes	retain (submitted name is E. coli; organism group membership consistent)	PS12		Poultry farm	2022-07-01	Algeria: Guelma	PRJNA1273464	2025-06-16	environmental/other	aadA1,aadA2,acrF,aph(3')-Ia,blaEC,cmlA1,cyaA_S352T=POINT,estX-3,gyrA_D87N=POINT,gyrA_S83L=POINT,mcr-1.1,mdtM,parC_S80I=POINT,sul3	mcr-1.1	mcr-1.1=COMPLETE	no	no		Algeria	Algeria	alias match	no	no	Poultry	36.42 N 7.42 E
PDT002807587.1	SAMN48947193	GCA_050938935.1				NOT RETRIEVED (no E-utilities call)	NOT RETRIEVED (no E-utilities call)	build metadata columns Run/Platform/LibraryLayout (no E-utilities call)	Escherichia coli	yes	retain (submitted name is E. coli; organism group membership consistent)	PS13		Poultry farm	2022-07-01	Algeria: Guelma	PRJNA1273464	2025-06-16	environmental/other	acrF,blaEC,blaTEM-135,cirA_V26SfsTer14=POINT,gyrA_D87N=POINT,gyrA_S83L=POINT,mcr-1.1,mdtM,parC_S80I=POINT,tet(A)	mcr-1.1	mcr-1.1=COMPLETE	no	no		Algeria	Algeria	alias match	no	no	Poultry	36.42 N 7.42 E
PDT002807561.1	SAMN48947194	GCA_050938415.1				NOT RETRIEVED (no E-utilities call)	NOT RETRIEVED (no E-utilities call)	build metadata columns Run/Platform/LibraryLayout (no E-utilities call)	Escherichia coli	yes	retain (submitted name is E. coli; organism group membership consistent)	PS14		Poultry farm	2022-07-01	Algeria: Guelma	PRJNA1273464	2025-06-16	environmental/other	aadA1,aadA2,acrF=PARTIAL,aph(3')-Ia,blaEC,blaTEM-1,cmlA1,cyaA_S352T=POINT,dfrA14,emrD,estX-3,gyrA_D87N=POINT,gyrA_S83L=POINT,mcr-1.1,mdtM,mph(A),mrx(A)=PARTIAL,parC_E84G=POINT,parC_S80I=POINT,parE_I355T=POINT,sul2,sul3,tet(A),uhpT_E350Q=POINT	mcr-1.1	mcr-1.1=COMPLETE	no	no		Algeria	Algeria	alias match	no	no	Poultry	36.42 N 7.42 E
PDT002807581.1	SAMN48947195	GCA_050938815.1				NOT RETRIEVED (no E-utilities call)	NOT RETRIEVED (no E-utilities call)	build metadata columns Run/Platform/LibraryLayout (no E-utilities call)	Escherichia coli	yes	retain (submitted name is E. coli; organism group membership consistent)	PS15		Poultry farm	2022-07-01	Algeria: Guelma	PRJNA1273464	2025-06-16	environmental/other	acrF,blaEC,mcr-1.1,mdtM,tet(B)	mcr-1.1	mcr-1.1=COMPLETE	no	no		Algeria	Algeria	alias match	no	no	Poultry	36.42 N 7.42 E
PDT002807585.1	SAMN48947196	GCA_050938885.1				NOT RETRIEVED (no E-utilities call)	NOT RETRIEVED (no E-utilities call)	build metadata columns Run/Platform/LibraryLayout (no E-utilities call)	Escherichia coli	yes	retain (submitted name is E. coli; organism group membership consistent)	PS16		Poultry farm	2022-07-01	Algeria: Guelma	PRJNA1273464	2025-06-16	environmental/other	acrF,blaEC,blaTEM-1,gyrA_D87N=POINT,gyrA_S83L=POINT,mcr-1.1,mdtM,parC_E84A=POINT,parC_S80I=POINT,tet(A)	mcr-1.1	mcr-1.1=COMPLETE	no	no		Algeria	Algeria	alias match	no	no	Poultry	36.42 N 7.42 E
PDT002807562.1	SAMN48947197	GCA_050938435.1				NOT RETRIEVED (no E-utilities call)	NOT RETRIEVED (no E-utilities call)	build metadata columns Run/Platform/LibraryLayout (no E-utilities call)	Escherichia coli	yes	retain (submitted name is E. coli; organism group membership consistent)	PS17		Poultry farm	2022-07-01	Algeria: Guelma	PRJNA1273464	2025-06-16	environmental/other	aadA2,acrF,blaEC,blaTEM-1,dfrA12,gyrA_D87Y=POINT,gyrA_S83L=POINT,mcr-1.1,mdtM,mph(A),mrx(A)=PARTIAL,parC_S80I=POINT,sul1,tet(A)	mcr-1.1	mcr-1.1=COMPLETE	no	no		Algeria	Algeria	alias match	no	no	Poultry	36.42 N 7.42 E
PDT002807560.1	SAMN48947198	GCA_050938395.1				NOT RETRIEVED (no E-utilities call)	NOT RETRIEVED (no E-utilities call)	build metadata columns Run/Platform/LibraryLayout (no E-utilities call)	Escherichia coli	yes	retain (submitted name is E. coli; organism group membership consistent)	PS18		Poultry farm	2022-07-01	Algeria: Guelma	PRJNA1273464	2025-06-16	environmental/other	acrF,blaEC,blaTEM-1,gyrA_D87N=POINT,gyrA_S83L=POINT,mcr-1.1,mdtM,parC_E84A=POINT,parC_S80I=POINT,tet(A)	mcr-1.1	mcr-1.1=COMPLETE	no	no		Algeria	Algeria	alias match	no	no	Poultry	36.42 N 7.42 E
PDT002807584.1	SAMN48947199	GCA_050938875.1				NOT RETRIEVED (no E-utilities call)	NOT RETRIEVED (no E-utilities call)	build metadata columns Run/Platform/LibraryLayout (no E-utilities call)	Escherichia coli	yes	retain (submitted name is E. coli; organism group membership consistent)	PS19		Poultry farm	2022-09-01	Algeria: Guelma	PRJNA1273464	2025-06-16	environmental/other	acrF,aph(3')-Ia,blaEC,blaTEM-1,cirA_Q60Ter=POINT,dfrA14,estX-3,gyrA_D87N=POINT,gyrA_S83L=POINT,mcr-1.1,mdtM,mph(A),mrx(A)=PARTIAL,parC_S80I=POINT,sul3,tet(A)	mcr-1.1	mcr-1.1=COMPLETE	no	no		Algeria	Algeria	alias match	no	no	Poultry	36.42 N 7.42 E
PDT002807578.1	SAMN48947200	GCA_050938755.1				NOT RETRIEVED (no E-utilities call)	NOT RETRIEVED (no E-utilities call)	build metadata columns Run/Platform/LibraryLayout (no E-utilities call)	Escherichia coli	yes	retain (submitted name is E. coli; organism group membership consistent)	PS20		Poultry farm	2022-09-01	Algeria: Guelma	PRJNA1273464	2025-06-16	environmental/other	aadA1,acrF,aph(3'')-Ib,aph(6)-Id=PARTIAL,blaEC,blaTEM-1,cirA_W621Ter=POINT,cyaA_S352T=POINT,dfrA1,gyrA_D87N=POINT,gyrA_S83L=POINT,mcr-1.1,mdtM,mph(A),mph(B),mrx(A),nfsA_H11Y=POINT,parC_S80I=POINT,qnrS1,rdmCL,sul1,sul2,tet(A)	mcr-1.1	mcr-1.1=COMPLETE	no	no		Algeria	Algeria	alias match	no	no	Poultry	36.42 N 7.42 E
PDT002807583.1	SAMN48947201	GCA_050938855.1				NOT RETRIEVED (no E-utilities call)	NOT RETRIEVED (no E-utilities call)	build metadata columns Run/Platform/LibraryLayout (no E-utilities call)	Escherichia coli	yes	retain (submitted name is E. coli; organism group membership consistent)	PS21		Poultry farm	2022-05-01	Algeria: Guelma	PRJNA1273464	2025-06-16	environmental/other	acrF,aph(3'')-Ib,aph(3')-Ia,aph(6)-Id=PARTIAL,blaEC,blaTEM-1,dfrA14,gyrA_D87N=POINT,gyrA_S83L=POINT,mcr-1.1,mdtM,mph(A),mrx(A)=PARTIAL,parC_S80I=POINT,parE_S458A=POINT,sul2,tet(A),uhpT_E350Q=POINT	mcr-1.1	mcr-1.1=COMPLETE	no	no		Algeria	Algeria	alias match	no	no	Poultry	36.42 N 7.42 E
PDT002807582.1	SAMN48947202	GCA_050938835.1				NOT RETRIEVED (no E-utilities call)	NOT RETRIEVED (no E-utilities call)	build metadata columns Run/Platform/LibraryLayout (no E-utilities call)	Escherichia coli	yes	retain (submitted name is E. coli; organism group membership consistent)	PS22		Poultry farm	2022-05-01	Algeria: Guelma	PRJNA1273464	2025-06-16	environmental/other	acrF,blaEC,gyrA_D87N=POINT,gyrA_S83L=POINT,mcr-1.1,mdtM,parC_S80I=POINT	mcr-1.1	mcr-1.1=COMPLETE	no	no		Algeria	Algeria	alias match	no	no	Poultry	36.42 N 7.42 E
PDT002807592.1	SAMN48947203	GCA_050939035.1				NOT RETRIEVED (no E-utilities call)	NOT RETRIEVED (no E-utilities call)	build metadata columns Run/Platform/LibraryLayout (no E-utilities call)	Escherichia coli	yes	retain (submitted name is E. coli; organism group membership consistent)	PS23		Poultry farm	2022-05-01	Algeria: Guelma	PRJNA1273464	2025-06-16	environmental/other	acrF,aph(3')-Ia,blaEC,blaTEM-1,dfrA14=PARTIAL_END_OF_CONTIG,gyrA_D87N=POINT,gyrA_S83L=POINT,mcr-1.1,mdtM,parC_S80I=POINT,tet(A)	mcr-1.1	mcr-1.1=COMPLETE	no	no		Algeria	Algeria	alias match	no	no	Poultry	36.42 N 7.42 E
PDT002807579.1	SAMN48947204	GCA_050938775.1				NOT RETRIEVED (no E-utilities call)	NOT RETRIEVED (no E-utilities call)	build metadata columns Run/Platform/LibraryLayout (no E-utilities call)	Escherichia coli	yes	retain (submitted name is E. coli; organism group membership consistent)	PS27		Poultry farm	2022-09-01	Algeria: Guelma	PRJNA1273464	2025-06-16	environmental/other	aadA1,aadA2,acrF,blaEC,cmlA1,dfrA12,floR,gyrA_D87N=POINT,gyrA_S83L=POINT,mcr-1.1,mdtM,parC_S80I=POINT,parE_S458A=POINT,sul2,tet(M)	mcr-1.1	mcr-1.1=COMPLETE	no	no		Algeria	Algeria	alias match	no	no	Poultry	36.42 N 7.42 E
PDT002807580.1	SAMN48947205	GCA_050938795.1				NOT RETRIEVED (no E-utilities call)	NOT RETRIEVED (no E-utilities call)	build metadata columns Run/Platform/LibraryLayout (no E-utilities call)	Escherichia coli	yes	retain (submitted name is E. coli; organism group membership consistent)	PS32		Poultry farm	2022-11-01	Algeria: Guelma	PRJNA1273464	2025-06-16	environmental/other	aadA1,aadA2,acrF,aph(3')-Ia,blaEC,blaTEM-135,cmlA1,cyaA_S352T=POINT,dfrA14,estX-3,gyrA_D87N=POINT,gyrA_S83L=POINT,mcr-1.1,mdtM,mph(A),mrx(A)=PARTIAL,parC_S80I=POINT,sul3,tet(A)	mcr-1.1	mcr-1.1=COMPLETE	no	no		Algeria	Algeria	alias match	no	no	Poultry	36.42 N 7.42 E
PDT002807577.1	SAMN48947206	GCA_050938735.1				NOT RETRIEVED (no E-utilities call)	NOT RETRIEVED (no E-utilities call)	build metadata columns Run/Platform/LibraryLayout (no E-utilities call)	Escherichia coli	yes	retain (submitted name is E. coli; organism group membership consistent)	PS35		Poultry farm	2022-06-01	Algeria: Guelma	PRJNA1273464	2025-06-16	environmental/other	acrF,blaEC,catA1,dfrA14,gyrA_D87N=POINT,gyrA_S83L=POINT,mcr-1.5,mdtM,mph(A),mrx(A)=PARTIAL,parC_A56T=POINT,parC_S80I=POINT,tet(B)	mcr-1.5	mcr-1.5=COMPLETE	no	no		Algeria	Algeria	alias match	no	no	Poultry	36.42 N 7.42 E
PDT002807589.1	SAMN48947207	GCA_050938975.1				NOT RETRIEVED (no E-utilities call)	NOT RETRIEVED (no E-utilities call)	build metadata columns Run/Platform/LibraryLayout (no E-utilities call)	Escherichia coli	yes	retain (submitted name is E. coli; organism group membership consistent)	PS36		Poultry farm	2022-06-01	Algeria: Guelma	PRJNA1273464	2025-06-16	environmental/other	acrF,blaEC,blaTEM-1,gyrA_D87N=POINT,gyrA_S83L=POINT,mcr-1.1,mdtM,parC_E84A=POINT,parC_S80I=POINT,tet(A)	mcr-1.1	mcr-1.1=COMPLETE	no	no		Algeria	Algeria	alias match	no	no	Poultry	36.42 N 7.42 E
PDT002807591.1	SAMN48947209	GCA_050939015.1				NOT RETRIEVED (no E-utilities call)	NOT RETRIEVED (no E-utilities call)	build metadata columns Run/Platform/LibraryLayout (no E-utilities call)	Escherichia coli	yes	retain (submitted name is E. coli; organism group membership consistent)	PS38		Poultry farm	2022-06-01	Algeria: Guelma	PRJNA1273464	2025-06-16	environmental/other	aadA1,aadA2=PARTIAL,acrF,aph(3')-Ia,blaEC,blaTEM-1,cmlA1=PARTIAL,dfrA14,estX-3,gyrA_D87N=POINT,gyrA_S83L=POINT,mcr-1.1,mdtM,mrx(A)=PARTIAL,parC_E84A=POINT,parC_S80I=POINT,sul3,tet(A)	mcr-1.1	mcr-1.1=COMPLETE	no	no		Algeria	Algeria	alias match	no	no	Poultry	36.42 N 7.42 E
PDT002807605.1	SAMN48947210	GCA_050939295.1				NOT RETRIEVED (no E-utilities call)	NOT RETRIEVED (no E-utilities call)	build metadata columns Run/Platform/LibraryLayout (no E-utilities call)	Escherichia coli	yes	retain (submitted name is E. coli; organism group membership consistent)	PS39		Poultry farm	2022-08-01	Algeria: Guelma	PRJNA1273464	2025-06-16	environmental/other	acrF=PARTIAL,aph(3'')-Ib,aph(6)-Id=PARTIAL,blaEC,blaTEM-1,cyaA_S352T=POINT,dfrA7,gyrA_D87N=POINT,gyrA_S83L=POINT,mcr-1.1,mdtM,parC_E84G=POINT,parC_S80I=POINT,parE_I355T=POINT,sul1,sul2,tet(A),uhpT_E350Q=POINT	mcr-1.1	mcr-1.1=COMPLETE	no	no		Algeria	Algeria	alias match	no	no	Poultry	36.42 N 7.42 E
PDT002807570.1	SAMN48947212	GCA_050938595.1				NOT RETRIEVED (no E-utilities call)	NOT RETRIEVED (no E-utilities call)	build metadata columns Run/Platform/LibraryLayout (no E-utilities call)	Escherichia coli	yes	retain (submitted name is E. coli; organism group membership consistent)	PS41		Poultry farm	2022-08-01	Algeria: Guelma	PRJNA1273464	2025-06-16	environmental/other	aadA1,aadA2,acrF,blaEC,cmlA1,dfrA12,gyrA_D87N=POINT,gyrA_S83L=POINT,mcr-1.1,mdtM,parC_S80I=POINT,parE_S458A=POINT,sul3,tet(A),uhpT_E350Q=POINT	mcr-1.1	mcr-1.1=COMPLETE	no	no		Algeria	Algeria	alias match	no	no	Poultry	36.42 N 7.42 E
PDT002807594.1	SAMN48947213	GCA_050939075.1				NOT RETRIEVED (no E-utilities call)	NOT RETRIEVED (no E-utilities call)	build metadata columns Run/Platform/LibraryLayout (no E-utilities call)	Escherichia coli	yes	retain (submitted name is E. coli; organism group membership consistent)	PS42		Poultry farm	2022-08-01	Algeria: Guelma	PRJNA1273464	2025-06-16	environmental/other	acrF,blaEC,blaTEM-1,gyrA_D87N=POINT,gyrA_S83L=POINT,mcr-1.1,mdtM,parC_E84A=POINT,parC_S80I=POINT,tet(A)	mcr-1.1	mcr-1.1=COMPLETE	no	no		Algeria	Algeria	alias match	no	no	Poultry	36.42 N 7.42 E
PDT002807569.1	SAMN48947214	GCA_050938575.1				NOT RETRIEVED (no E-utilities call)	NOT RETRIEVED (no E-utilities call)	build metadata columns Run/Platform/LibraryLayout (no E-utilities call)	Escherichia coli	yes	retain (submitted name is E. coli; organism group membership consistent)	S260		Poultry farm	2022-10-01	Algeria: Guelma	PRJNA1273464	2025-06-16	environmental/other	aadA2,acrF,aph(3')-Ia,blaEC,blaSHV-1,blaTEM-135,dfrA12,gyrA_D87N=POINT,gyrA_S83L=POINT,mcr-1.1,mdtM,mph(A),mrx(A)=PARTIAL,parC_S80I=POINT,sul1,sul2,tet(A),tet(D)	mcr-1.1	mcr-1.1=COMPLETE	no	no		Algeria	Algeria	alias match	no	no	Poultry	36.42 N 7.42 E
PDT002807593.1	SAMN48947215	GCA_050939055.1				NOT RETRIEVED (no E-utilities call)	NOT RETRIEVED (no E-utilities call)	build metadata columns Run/Platform/LibraryLayout (no E-utilities call)	Escherichia coli	yes	retain (submitted name is E. coli; organism group membership consistent)	S261		Poultry farm	2022-10-01	Algeria: Guelma	PRJNA1273464	2025-06-16	environmental/other	acrF,blaEC,cyaA_S352T=POINT,gyrA_D87N=POINT,gyrA_S83L=POINT,mcr-1.1,mdtM,parC_S80I=POINT	mcr-1.1	mcr-1.1=COMPLETE	no	no		Algeria	Algeria	alias match	no	no	Poultry	36.42 N 7.42 E
PDT002807607.1	SAMN48947216	GCA_050939335.1				NOT RETRIEVED (no E-utilities call)	NOT RETRIEVED (no E-utilities call)	build metadata columns Run/Platform/LibraryLayout (no E-utilities call)	Escherichia coli	yes	retain (submitted name is E. coli; organism group membership consistent)	PS45		Poultry farm	2022-12-01	Algeria: Guelma	PRJNA1273464	2025-06-16	environmental/other	acrF,blaEC,cirA_W243Ter=POINT,gyrA_S83L=POINT,mcr-1.1,mdtM,tet(A)	mcr-1.1	mcr-1.1=COMPLETE	no	no		Algeria	Algeria	alias match	no	no	Poultry	36.42 N 7.42 E
PDT002807606.1	SAMN48947220	GCA_050939315.1				NOT RETRIEVED (no E-utilities call)	NOT RETRIEVED (no E-utilities call)	build metadata columns Run/Platform/LibraryLayout (no E-utilities call)	Escherichia coli	yes	retain (submitted name is E. coli; organism group membership consistent)	PS49		Poultry farm	2022-12-01	Algeria: Guelma	PRJNA1273464	2025-06-16	environmental/other	acrF,blaEC,cirA_W243Ter=POINT,gyrA_S83L=POINT,mcr-1.1,mdtM,tet(A)	mcr-1.1	mcr-1.1=COMPLETE	no	no		Algeria	Algeria	alias match	no	no	Poultry	36.42 N 7.42 E
PDT002807602.1	SAMN48947221	GCA_050939235.1				NOT RETRIEVED (no E-utilities call)	NOT RETRIEVED (no E-utilities call)	build metadata columns Run/Platform/LibraryLayout (no E-utilities call)	Escherichia coli	yes	retain (submitted name is E. coli; organism group membership consistent)	PS50		Poultry farm	2022-12-01	Algeria: Guelma	PRJNA1273464	2025-06-16	environmental/other	acrF,blaEC,blaTEM-1,catA1,cirA_Q42Ter=POINT,dfrA14,gyrA_D87N=POINT,gyrA_S83L=POINT,mcr-1.1,mph(A),mrx(A)=PARTIAL,nfsA_Q195Ter=POINT,nfsB_F167LfsTer11=POINT,parC_S80I=POINT,sul2,tet(A)	mcr-1.1	mcr-1.1=COMPLETE	no	no		Algeria	Algeria	alias match	no	no	Poultry	36.42 N 7.42 E
PDT002807617.1	SAMN48947222	GCA_050939535.1				NOT RETRIEVED (no E-utilities call)	NOT RETRIEVED (no E-utilities call)	build metadata columns Run/Platform/LibraryLayout (no E-utilities call)	Escherichia coli	yes	retain (submitted name is E. coli; organism group membership consistent)	PS51		Poultry farm	2022-12-01	Algeria: Guelma	PRJNA1273464	2025-06-17	environmental/other	acrF,blaEC,cirA_W243Ter=POINT,gyrA_S83L=POINT,mcr-1.1,mdtM,tet(A)	mcr-1.1	mcr-1.1=COMPLETE	no	no		Algeria	Algeria	alias match	no	no	Poultry	36.42 N 7.42 E
PDT002807611.1	SAMN48947223	GCA_050939415.1				NOT RETRIEVED (no E-utilities call)	NOT RETRIEVED (no E-utilities call)	build metadata columns Run/Platform/LibraryLayout (no E-utilities call)	Escherichia coli	yes	retain (submitted name is E. coli; organism group membership consistent)	PS52		Poultry farm	2022-12-01	Algeria: Guelma	PRJNA1273464	2025-06-17	environmental/other	acrF,blaEC,blaTEM-1,catA1,cirA_Q42Ter=POINT,dfrA14,gyrA_D87N=POINT,gyrA_S83L=POINT,mcr-1.1,mph(A),mrx(A)=PARTIAL,nfsA_Q195Ter=POINT,nfsB_F167LfsTer11=POINT,parC_S80I=POINT,sul2,tet(A)	mcr-1.1	mcr-1.1=COMPLETE	no	no		Algeria	Algeria	alias match	no	no	Poultry	36.42 N 7.42 E
PDT002807609.1	SAMN48947225	GCA_050939375.1				NOT RETRIEVED (no E-utilities call)	NOT RETRIEVED (no E-utilities call)	build metadata columns Run/Platform/LibraryLayout (no E-utilities call)	Escherichia coli	yes	retain (submitted name is E. coli; organism group membership consistent)	PS54		Poultry farm	2022-12-01	Algeria: Guelma	PRJNA1273464	2025-06-17	environmental/other	acrF,blaEC,cirA_W243Ter=POINT,gyrA_S83L=POINT,mcr-1.1,mdtM,tet(A)	mcr-1.1	mcr-1.1=COMPLETE	no	no		Algeria	Algeria	alias match	no	no	Poultry	36.42 N 7.42 E
PDT002807616.1	SAMN48947229	GCA_050939515.1				NOT RETRIEVED (no E-utilities call)	NOT RETRIEVED (no E-utilities call)	build metadata columns Run/Platform/LibraryLayout (no E-utilities call)	Escherichia coli	yes	retain (submitted name is E. coli; organism group membership consistent)	S11		Poultry farm	2022-02-01	Algeria: Guelma	PRJNA1273464	2025-06-17	environmental/other	acrF,blaEC,cyaA_S352T=POINT,gyrA_D87N=POINT,gyrA_S83L=POINT,mcr-1.1,mdtM,parC_S80I=POINT,tet(A)	mcr-1.1	mcr-1.1=COMPLETE	no	no		Algeria	Algeria	alias match	no	no	Poultry	36.42 N 7.42 E
PDT002807596.1	SAMN48947233	GCA_050939115.1				NOT RETRIEVED (no E-utilities call)	NOT RETRIEVED (no E-utilities call)	build metadata columns Run/Platform/LibraryLayout (no E-utilities call)	Escherichia coli	yes	retain (submitted name is E. coli; organism group membership consistent)	S204		Poultry farm	2022-08-01	Algeria: Guelma	PRJNA1273464	2025-06-16	environmental/other	acrF,aph(3')-Ia,blaEC,blaTEM-1,dfrA14,estX-3,gyrA_D87N=POINT,gyrA_S83L=POINT,mcr-1.1,mdtM,mph(A),mrx(A),parC_S80I=POINT,parE_S458A=POINT,sul3,tet(A)	mcr-1.1	mcr-1.1=COMPLETE	no	no		Algeria	Algeria	alias match	no	no	Poultry	36.42 N 7.42 E
PDT002807597.1	SAMN48947234	GCA_050939135.1				NOT RETRIEVED (no E-utilities call)	NOT RETRIEVED (no E-utilities call)	build metadata columns Run/Platform/LibraryLayout (no E-utilities call)	Escherichia coli	yes	retain (submitted name is E. coli; organism group membership consistent)	S209		Poultry farm	2022-08-01	Algeria: Guelma	PRJNA1273464	2025-06-16	environmental/other	acrF,aph(3')-Ia,blaEC,blaTEM-1,dfrA14,estX-3,gyrA_D87N=POINT,gyrA_S83L=POINT,mcr-1.1,mdtM,mph(A),mrx(A)=PARTIAL,parC_S80I=POINT,parE_S458A=POINT,sul3,tet(A)	mcr-1.1	mcr-1.1=COMPLETE	no	no		Algeria	Algeria	alias match	no	no	Poultry	36.42 N 7.42 E
PDT003089479.1	SAMEA120781931	GCA_977857605.1				NOT RETRIEVED (no E-utilities call)	NOT RETRIEVED (no E-utilities call)	build metadata columns Run/Platform/LibraryLayout (no E-utilities call)	Escherichia coli	yes	retain (submitted name is E. coli; organism group membership consistent)		Gallus gallus domesticus	stool	2022	Cameroon	PRJEB104706	2026-02-09		aadA1,aadA2,acrF,blaCTX-M-125,blaEC,blaTEM-1,cmlA1,dfrA12,gyrA_D87N=POINT,gyrA_S83L=POINT,mcr-1.1,mdtM,parC_S80R=POINT,qnrS1,sul3,tet(A),tet(M)	mcr-1.1	mcr-1.1=COMPLETE	no	no		Cameroon	Cameroon	alias match	no	no	Poultry	
PDT003089299.1	SAMEA120683848	GCA_977857845.1				NOT RETRIEVED (no E-utilities call)	NOT RETRIEVED (no E-utilities call)	build metadata columns Run/Platform/LibraryLayout (no E-utilities call)	Escherichia coli	yes	retain (submitted name is E. coli; organism group membership consistent)		Homo sapiens		2022	Central African Republic	PRJEB104706	2026-02-09	clinical	aadA1,aadA2,acrF,aph(3')-Ia,blaCTX-M-55,blaEC,cmlA1,dfrA12,emrD,gyrA_D87N=POINT,gyrA_S83L=POINT,mcr-1.1,mdtM,parC_S80I=POINT,qnrS13,sul3,tet(A),tet(M)	mcr-1.1	mcr-1.1=COMPLETE	no	no		Central African Republic	Central African Republic	alias match	no	no	Human	
PDT003089301.1	SAMEA120683850	GCA_977859995.1				NOT RETRIEVED (no E-utilities call)	NOT RETRIEVED (no E-utilities call)	build metadata columns Run/Platform/LibraryLayout (no E-utilities call)	Escherichia coli	yes	retain (submitted name is E. coli; organism group membership consistent)		Homo sapiens		2022	Central African Republic	PRJEB104706	2026-02-09	clinical	aadA1,aadA2,acrF,aph(3'')-Ib,aph(3')-Ia,aph(6)-Id,blaCTX-M-55,blaEC,cmlA1,dfrA12,emrD,erm(B),gyrA_D87N=POINT,gyrA_S83L=POINT,mcr-1.1,mdtM,mph(A),mrx(A),parC_S80I=POINT,qnrS13,sul1,sul2,sul3,tet(A),tet(B),tet(M)	mcr-1.1	mcr-1.1=COMPLETE	no	no		Central African Republic	Central African Republic	alias match	no	no	Human	
PDT001428169.1	SAMN28613555	GCA_025336805.1				NOT RETRIEVED (no E-utilities call)	NOT RETRIEVED (no E-utilities call)	build metadata columns Run/Platform/LibraryLayout (no E-utilities call)	Escherichia coli	yes	retain (submitted name is E. coli; organism group membership consistent)	Q0169	Papio cynocephalus	fecal samples	2017-08	Democratic Republic of the Congo: Kinshasa	PRJNA841695	2022-09-20		acrF,blaEC,blaTEM-1,cyaA_S352T=POINT,mcr-1.1	mcr-1.1	mcr-1.1=COMPLETE	no	no		Democratic Republic of the Congo	Democratic Republic of the Congo	alias match	no	no	Other animal	
PDT001428170.1	SAMN28613556	GCA_025336825.1				NOT RETRIEVED (no E-utilities call)	NOT RETRIEVED (no E-utilities call)	build metadata columns Run/Platform/LibraryLayout (no E-utilities call)	Escherichia coli	yes	retain (submitted name is E. coli; organism group membership consistent)	Q0170	Papio cynocephalus	fecal samples	2017-08	Democratic Republic of the Congo: Kinshasa	PRJNA841695	2022-09-20		aadA1,acrF,aph(3'')-Ib,aph(6)-Id,blaEC,blaTEM-1,catA1,cirA_N81TerfsTer0=POINT,dfrA1,gyrA_S83L=POINT,mcr-1.1,mdtM,mph(B),rdmCL,sul1,sul2,tet(A)	mcr-1.1	mcr-1.1=COMPLETE	no	no		Democratic Republic of the Congo	Democratic Republic of the Congo	alias match	no	no	Other animal	
PDT001686554.1	SAMD00328569	GCA_029680065.1	DRR300282	ILLUMINA	PAIRED	NOT RETRIEVED (no E-utilities call)	NOT RETRIEVED (no E-utilities call)	build metadata columns Run/Platform/LibraryLayout (no E-utilities call)	Escherichia coli	yes	retain (submitted name is E. coli; organism group membership consistent)	51	Homo sapiens			Egypt	PRJDB11824	2023-04-11	clinical	aadA1,aadA2,aadA2=PARTIAL_END_OF_CONTIG,acrF,aph(3'')-Ib,aph(3')-Ia,aph(6)-Id,blaCTX-M-14,blaEC,blaTEM-1,cirA_Q65Ter=POINT,cmlA1,dfrA12,emrD,estX-3,floR,gyrA_D87N=POINT,gyrA_S83L=POINT,mcr-1.1,mdtM,parC_S80I=POINT,sul1,sul2,sul3,tet(A)	mcr-1.1	mcr-1.1=COMPLETE	no	no		Egypt	Egypt	alias match	no	no	Human	
PDT001686555.1	SAMD00328572	GCA_029678165.1	DRR300284	ILLUMINA	PAIRED	NOT RETRIEVED (no E-utilities call)	NOT RETRIEVED (no E-utilities call)	build metadata columns Run/Platform/LibraryLayout (no E-utilities call)	Escherichia coli	yes	retain (submitted name is E. coli; organism group membership consistent)	73	Homo sapiens			Egypt	PRJDB11824	2023-04-11	clinical	aac(3)-IId,aadA22,aadA5,acrF,aph(3'')-Ib,aph(3')-Ia,aph(6)-Id,blaEC,blaTEM-1,catA1,dfrA17,gyrA_D87N=POINT,gyrA_S83L=POINT,mcr-1.1,mdtM,mph(A),mrx(A),parC_A56T=POINT,parC_S80I=POINT,sul1,sul2,tet(B)	mcr-1.1	mcr-1.1=COMPLETE	no	no		Egypt	Egypt	alias match	no	no	Human	
PDT003351163.1	SAMEA115598777		ERR13133281	ILLUMINA	PAIRED	NOT RETRIEVED (no E-utilities call)	NOT RETRIEVED (no E-utilities call)	build metadata columns Run/Platform/LibraryLayout (no E-utilities call)	Escherichia coli	yes	retain (submitted name is E. coli; organism group membership consistent)		Homo sapiens	human	2019	Egypt	PRJEB71867	2026-08-26	clinical	aac(3)-IIe,aadA22,aadA5,acrF,blaCTX-M-15,blaEC,blaTEM-1,dfrA17,erm(B),floR,gyrA_D87N=POINT,gyrA_S83L=POINT,mcr-1.1,mdtM,mph(A),mrx(A),nfsA_Q72Ter=POINT,parC_S80I=POINT,sul1	mcr-1.1	mcr-1.1=COMPLETE	no	no		Egypt	Egypt	alias match	no	no	Human	30.055900 N 31.317090 E
PDT003351203.1	SAMEA115598817		ERR13133321	ILLUMINA	PAIRED	NOT RETRIEVED (no E-utilities call)	NOT RETRIEVED (no E-utilities call)	build metadata columns Run/Platform/LibraryLayout (no E-utilities call)	Escherichia coli	yes	retain (submitted name is E. coli; organism group membership consistent)		Homo sapiens	human	2019	Egypt	PRJEB71867	2026-08-26	clinical	aac(3)-IId,acrF,aph(3'')-Ib,aph(6)-Id,blaCTX-M-14,blaEC,blaOXA-48,blaTEM-1,gyrA_D87N=POINT,gyrA_S83L=POINT,mcr-1.1,mdtM,mph(A),mrx(A),parC_S80I=POINT,parE_S458A=POINT,tet(A),uhpT_E350Q=POINT	mcr-1.1	mcr-1.1=COMPLETE	no	no		Egypt	Egypt	alias match	no	no	Human	31.0499998 N 31.3833318 E
PDT000364522.2	SAMN06909728	GCA_003399945.2				NOT RETRIEVED (no E-utilities call)	NOT RETRIEVED (no E-utilities call)	build metadata columns Run/Platform/LibraryLayout (no E-utilities call)	Escherichia coli	yes	retain (submitted name is E. coli; organism group membership consistent)	CFSAN061772		raw milk cheese	2016	Egypt	PRJNA230969	2019-08-20	environmental/other	aac(3)-IIe,aadA1,aadA2,aadA22,acrF,aph(3'')-Ib,aph(3')-Ia,aph(6)-Id,blaEC,blaSHV-12,blaTEM-1,cmlA1,dfrA12,estX-3,floR,lnu(F),mcr-1.1,mdtM,qnrS1,qnrS11,sul2,sul3,tet(A),tet(A)=PARTIAL	mcr-1.1	mcr-1.1=COMPLETE	no	no		Egypt	Egypt	alias match	no	no	Food (non-poultry)	
PDT000364524.2	SAMN06909729	GCA_003400045.2				NOT RETRIEVED (no E-utilities call)	NOT RETRIEVED (no E-utilities call)	build metadata columns Run/Platform/LibraryLayout (no E-utilities call)	Escherichia coli	yes	retain (submitted name is E. coli; organism group membership consistent)	CFSAN061771		raw milk cheese	2016	Egypt	PRJNA230969	2019-08-20	environmental/other	aadA1,aadA2,acrF,aph(3'')-Ib,aph(6)-Id,blaEC,blaTEM-1,cmlA1,cyaA_S352T=POINT,dfrA14,estX-3,gyrA_S83L=POINT,mcr-1.1,mdtM,parC_S80I=POINT,sul2,sul3	mcr-1.1	mcr-1.1=COMPLETE	no	no		Egypt	Egypt	alias match	no	no	Food (non-poultry)	
PDT000238072.2	SAMN06928086	GCA_002278115.2				NOT RETRIEVED (no E-utilities call)	NOT RETRIEVED (no E-utilities call)	build metadata columns Run/Platform/LibraryLayout (no E-utilities call)	Escherichia coli	yes	retain (submitted name is E. coli; organism group membership consistent)	CFSAN061770		raw milk cheese	2016	Egypt	PRJNA230969	2017-09-05	environmental/other	aac(3)-IId,aac(3)-IIe,aac(3)-IIe=PARTIAL_END_OF_CONTIG,aadA1,aadA2,aadA5=PARTIAL,acrF,aph(3'')-Ib,aph(3')-Ia,aph(6)-Id,blaEC,blaTEM-1,cmlA1,cyaA_S352T=POINT,dfrA17,estX-3,floR,gyrA_D87N=POINT,gyrA_S83L=POINT,mcr-1.1,mdtM,parC_S80I=POINT,sul2,sul3,tet(A)	mcr-1.1	mcr-1.1=COMPLETE	no	no		Egypt	Egypt	alias match	no	no	Food (non-poultry)	
PDT000364514.2	SAMN06928087	GCA_003399775.2				NOT RETRIEVED (no E-utilities call)	NOT RETRIEVED (no E-utilities call)	build metadata columns Run/Platform/LibraryLayout (no E-utilities call)	Escherichia coli	yes	retain (submitted name is E. coli; organism group membership consistent)	CFSAN061769		raw milk cheese	2016	Egypt	PRJNA230969	2019-08-27	environmental/other	aadA1,aadA2,acrF,blaEC,blaTEM-1,cmlA1,dfrA12,floR,gyrA_D87N=POINT,gyrA_S83L=POINT,mcr-1.1,mdtM,parC_S80I=POINT,pmrB_C84R=POINT,sul3,tet(A)	mcr-1.1	mcr-1.1=COMPLETE	no	no		Egypt	Egypt	alias match	no	no	Food (non-poultry)	
PDT000495415.1	SAMN11388480	GCA_004803305.1				NOT RETRIEVED (no E-utilities call)	NOT RETRIEVED (no E-utilities call)	build metadata columns Run/Platform/LibraryLayout (no E-utilities call)	Escherichia coli K-12	yes	retain (submitted name is E. coli; organism group membership consistent)	72	Homo sapiens			Egypt: Tanta	PRJNA508509	2019-04-23	clinical	aac(3)-IId,aac(6')-Ib-cr5,aac(6')-Il,aadA1,aadA2,acrF,ant(2'')-Ia,aph(3'')-Ib,aph(6)-Id,blaCMY-2,blaCTX-M-15,blaCTX-M-9,blaEC,blaOXA-1,blaTEM-1,blaVIM-1,catB3=PARTIAL_END_OF_CONTIG,dfrA1,dfrA12,ftsI_N337NYRIN=POINT,gyrA_D87N=POINT,gyrA_S83L=POINT,mcr-9.2,mdtM,mph(A),mrx(A),ompC_R195L=POINT,parC_S80I=POINT,parE_S458A=POINT,sul1,sul2,tet(B)	mcr-9.2	mcr-9.2=COMPLETE	no	no		Egypt	Egypt	alias match	no	no	Human	30.7865 N 31.0004 E
PDT001689085.1	SAMN13191328	GCA_029742665.1	SRR10392137	ILLUMINA	PAIRED	NOT RETRIEVED (no E-utilities call)	NOT RETRIEVED (no E-utilities call)	build metadata columns Run/Platform/LibraryLayout (no E-utilities call)	Escherichia coli	yes	retain (submitted name is E. coli; organism group membership consistent)	EGYMCR		SAUSAGE	2017-10-08	Egypt:Luxor	PRJNA587479	2023-04-13	environmental/other	aac(3)-IIe,aadA2,acrF,aph(3'')-Ib,blaEC,blaTEM-1,dfrA12,floR,gyrA_S83L=POINT,mcr-1.1,mdtM,mph(A),mrx(A),nfsA_G126R=POINT,qnrS1,sul1,sul2,sul2=PARTIAL_END_OF_CONTIG,tet(A)	mcr-1.1	mcr-1.1=COMPLETE	no	no		Egypt	Egypt	alias match	no	no	Food (non-poultry)	25.687243 N 32.639637 E
PDT000864604.1	SAMN16064908	GCA_014900945.1				NOT RETRIEVED (no E-utilities call)	NOT RETRIEVED (no E-utilities call)	build metadata columns Run/Platform/LibraryLayout (no E-utilities call)	Escherichia coli	yes	retain (submitted name is E. coli; organism group membership consistent)	A-1-4-1	chicken	feces	2019	Egypt	PRJNA661596	2020-10-20	environmental/other	aac(3)-IIe,aadA1,aadA2,acrF,aph(3'')-Ib,aph(3')-Ia,aph(6)-Id,arr-2,blaCTX-M-15,blaEC,blaTEM-1,catA1=MISTRANSLATION,cmlA1,dfrA12,dfrA7,ere(A),estX-3,floR,fosA4,gyrA_D87N=POINT,gyrA_S83L=POINT,mcr-1.1,mdtM,mph(A),mrx(A),parC_S80I=POINT,sul3,tet(A),tet(X5)	mcr-1.1	mcr-1.1=COMPLETE	no	no		Egypt	Egypt	alias match	no	no	Poultry	31.2095 N 31.0511 E
PDT000864603.1	SAMN16064909	GCA_014900915.1				NOT RETRIEVED (no E-utilities call)	NOT RETRIEVED (no E-utilities call)	build metadata columns Run/Platform/LibraryLayout (no E-utilities call)	Escherichia coli	yes	retain (submitted name is E. coli; organism group membership consistent)	A-1-8-1	chicken	feces	2019	Egypt	PRJNA661596	2020-10-20	environmental/other	aac(3)-IIe,aadA1,aadA2,acrF,aph(3'')-Ib,aph(3')-Ia,aph(6)-Id,blaEC,blaTEM-1,catA1=MISTRANSLATION,cmlA1,dfrA12,dfrA7,estX-3,floR,fosA4,gyrA_D87N=POINT,gyrA_S83L=POINT,mcr-1.1,mdtM,mph(A),mrx(A),parC_S80I=POINT,sul1,sul3,tet(A),tet(X5)	mcr-1.1	mcr-1.1=COMPLETE	no	no		Egypt	Egypt	alias match	no	no	Poultry	31.2095 N 31.0511 E
PDT000864605.1	SAMN16064910	GCA_014900955.1				NOT RETRIEVED (no E-utilities call)	NOT RETRIEVED (no E-utilities call)	build metadata columns Run/Platform/LibraryLayout (no E-utilities call)	Escherichia coli	yes	retain (submitted name is E. coli; organism group membership consistent)	A-1-10-1	chicken	feces	2019	Egypt	PRJNA661596	2020-10-20	environmental/other	aac(3)-IIe,aadA1=PARTIAL_END_OF_CONTIG,aadA2=PARTIAL,aph(3'')-Ib,aph(3')-Ia,aph(6)-Id,arr-2,blaCTX-M-15,blaEC,blaTEM-1,cmlA1=PARTIAL,dfrA1,dfrA14,dfrA7,ere(A),erm(42),erm(B),estX-3,floR,gyrA_D87N=POINT,gyrA_S83L=POINT,mcr-1.1,mdtM,mph(A),mrx(A),parC_S80I=POINT,sul1,sul3,tet(A),tet(X5)	mcr-1.1	mcr-1.1=COMPLETE	no	no		Egypt	Egypt	alias match	no	no	Poultry	31.2095 N 31.0511 E
PDT000864602.1	SAMN16064911	GCA_014900925.1				NOT RETRIEVED (no E-utilities call)	NOT RETRIEVED (no E-utilities call)	build metadata columns Run/Platform/LibraryLayout (no E-utilities call)	Escherichia coli	yes	retain (submitted name is E. coli; organism group membership consistent)	A-1-11-3	chicken	feces	2019	Egypt	PRJNA661596	2020-10-20	environmental/other	aac(3)-IIe,aadA2,aph(3'')-Ib,aph(3')-Ia,aph(6)-Id,arr,blaCTX-M-15,blaEC,blaTEM-1,cmlA1=PARTIAL,dfrA1,dfrA14,dfrA7,ere(A),erm(42)=PARTIAL_END_OF_CONTIG,erm(B),estX-3,floR,gyrA_D87N=POINT,gyrA_S83L=POINT,mcr-1.1,mdtM,mph(A),mrx(A),parC_S80I=POINT,sul1,sul3,tet(A),tet(X5)	mcr-1.1	mcr-1.1=COMPLETE	no	no		Egypt	Egypt	alias match	no	no	Poultry	31.2095 N 31.0511 E
PDT000864601.1	SAMN16064912	GCA_014900935.1				NOT RETRIEVED (no E-utilities call)	NOT RETRIEVED (no E-utilities call)	build metadata columns Run/Platform/LibraryLayout (no E-utilities call)	Escherichia coli	yes	retain (submitted name is E. coli; organism group membership consistent)	A-1-22-2	chicken	feces	2019	Egypt	PRJNA661596	2020-10-20	environmental/other	aac(3)-IIe,aadA1,aadA2=PARTIAL,aph(3'')-Ib,aph(3')-Ia,aph(6)-Id,arr-2,blaCTX-M-15,blaEC,blaTEM-1,cmlA1=PARTIAL,dfrA1,dfrA14,dfrA7,ere(A),erm(42),erm(B),estX-3,floR,gyrA_D87N=POINT,gyrA_S83L=POINT,mcr-1.1,mdtM,mph(A),mrx(A),parC_S80I=POINT,sul1=PARTIAL,sul3,tet(A),tet(X5)	mcr-1.1	mcr-1.1=COMPLETE	no	no		Egypt	Egypt	alias match	no	no	Poultry	31.2095 N 31.0511 E
PDT001146156.1	SAMN16293355	GCA_020281985.1				NOT RETRIEVED (no E-utilities call)	NOT RETRIEVED (no E-utilities call)	build metadata columns Run/Platform/LibraryLayout (no E-utilities call)	Escherichia coli	yes	retain (submitted name is E. coli; organism group membership consistent)	82CH	chicken	carcass	2017	Egypt	PRJNA666443	2021-10-05	environmental/other	aac(3)-IIe,aadA1=PARTIAL_END_OF_CONTIG,acrF,aph(3'')-Ib,aph(6)-Id,blaCTX-M-104,blaEC,blaTEM-1,cirA_D446EfsTer18=POINT,dfrA1,estX,floR,fosA4,gyrA_D87N=POINT,gyrA_S83L=POINT,lnu(F),mcr-1.1,mdtM,mph(A),mph(B),mrx(A),parC_S80I=POINT,rdmCL,sul1,sul2,tet(A)	mcr-1.1	mcr-1.1=COMPLETE	no	no		Egypt	Egypt	alias match	no	no	Poultry	31.0409 N 31.3785 E
PDT001018769.1	SAMN17183229	GCA_018263975.1				NOT RETRIEVED (no E-utilities call)	NOT RETRIEVED (no E-utilities call)	build metadata columns Run/Platform/LibraryLayout (no E-utilities call)	Escherichia coli	yes	retain (submitted name is E. coli; organism group membership consistent)	ALPHECOLI2U	Homo sapiens	urinary catheter	2019-12-21	Egypt: Alexandria	PRJNA688626	2021-05-04	clinical	aac(3)-IIe,aadA1=PARTIAL_END_OF_CONTIG,aadA2,acrF,aph(3'')-Ib,aph(3')-Ia,aph(6)-Id,blaEC,blaSHV-12,blaTEM-1,catA1,cirA_Q65Ter=POINT,cmlA1,cyaA_S352T=POINT,dfrA1,emrD,estX-3,floR,gyrA_D87N=POINT,gyrA_S83L=POINT,lnu(F),mcr-1.1,mdtM,parC_S80R=POINT,qnrS1,sat2,sul2=PARTIAL_END_OF_CONTIG,sul3,tet(A)	mcr-1.1	mcr-1.1=COMPLETE	no	no		Egypt	Egypt	alias match	no	no	Human	31.205753 N 29.924526 E
PDT002478286.1	SAMN44530435	GCA_045037815.1				NOT RETRIEVED (no E-utilities call)	NOT RETRIEVED (no E-utilities call)	build metadata columns Run/Platform/LibraryLayout (no E-utilities call)	Escherichia coli	yes	retain (submitted name is E. coli; organism group membership consistent)	98203	Homo sapiens	aspirate	2020/2023	Egypt: Alexandria	PRJNA1180919	2024-11-19	clinical	aac(3)-IId,aac(3)-IIe,aadA1,aadA22,acrF,aph(3'')-Ib,aph(3')-Ia,aph(3')-VI,aph(6)-Id,armA=PARTIAL,blaCTX-M-104,blaEC,blaNDM-5,blaTEM-1,ble,cyaA_S352T=POINT,dfrA1,dfrA5,estX,floR,gyrA_D87Y=POINT,gyrA_S83L=POINT,lnu(F),mcr-1=PARTIAL_END_OF_CONTIG,mcr-1.1,mdtM,mph(A),mph(E),mrx(A),msr(E),nfsA_M110TerfsTer0=POINT,parC_S80I=POINT,qnrS1,sat2,sul1,sul2,tet(B)	mcr-1;mcr-1.1	mcr-1=PARTIAL_END_OF_CONTIG;mcr-1.1=COMPLETE	yes	no		Egypt	Egypt	alias match	no	no	Human	
PDT000946736.1	SAMEA7177508		ERR4452414	ILLUMINA	PAIRED	NOT RETRIEVED (no E-utilities call)	NOT RETRIEVED (no E-utilities call)	build metadata columns Run/Platform/LibraryLayout (no E-utilities call)	Escherichia coli	yes	retain (submitted name is E. coli; organism group membership consistent)	Ped3			2016	Ethiopia: Oromiya, Jimma	PRJEB39739	2021-02-02		aac(3)-IId,aac(3)-IIg,aac(6')-IIc,aac(6')-Ib-cr5,aadA5,acrF,aph(3'')-Ib,aph(3'')-Ib=PARTIAL_END_OF_CONTIG,aph(3')-Ia,aph(6)-Id,arr,blaCMY-2,blaCTX-M-15,blaEC,blaOXA-1,blaSHV-12,blaTEM-1,catA2,catB3=PARTIAL,catB3=PARTIAL_END_OF_CONTIG,dfrA17,ere(A)=PARTIAL,ftsI_N337NYRIN=POINT,gyrA_D87N=POINT,gyrA_S83L=POINT,mcr-9.1,mdtM,mph(A),mrx(A),ompC_R195L=POINT,parC_S80I=POINT,parE_S458A=POINT,sul1,sul2,sul2=PARTIAL_END_OF_CONTIG,tet(B)	mcr-9.1	mcr-9.1=COMPLETE	no	no		Ethiopia	Ethiopia	alias match	no	no	Unspecified	
PDT002634939.1	SAMEA114284974		ERR13952550	ILLUMINA	PAIRED	NOT RETRIEVED (no E-utilities call)	NOT RETRIEVED (no E-utilities call)	build metadata columns Run/Platform/LibraryLayout (no E-utilities call)	Escherichia coli	yes	retain (submitted name is E. coli; organism group membership consistent)				2012-07-26	Malawi	PRJEB64290	2025-02-22		aac(3)-IIg,aac(6')-IIc,aadA2,aadA5,acrF,aph(3'')-Ib,aph(3')-Ia,aph(6)-Id,arr,blaEC,blaSHV-12,blaTEM-1,catA2,cyaA_S352T=POINT,dfrA17,dfrA19,emrD,ere(A)=PARTIAL,mcr-9.1,mdtM,mph(A),mrx(A),sul1,sul2	mcr-9.1	mcr-9.1=COMPLETE	no	no		Malawi	Malawi	alias match	no	no	Unspecified	
PDT002635093.1	SAMEA114285223		ERR13952704	ILLUMINA	PAIRED	NOT RETRIEVED (no E-utilities call)	NOT RETRIEVED (no E-utilities call)	build metadata columns Run/Platform/LibraryLayout (no E-utilities call)	Escherichia coli	yes	retain (submitted name is E. coli; organism group membership consistent)				2005-11-01	Malawi	PRJEB64290	2025-02-22		aac(3)-IIg,aac(6')-IIc,aadA1,acrF,aph(3'')-Ib,aph(6)-Id,arr,blaEC,blaTEM-1,catA1,cirA_Q56Ter=POINT,cyaA_S352T=POINT,dfrA1,emrD,ere(A)=PARTIAL,mcr-9.1,nfsA_Y128PfsTer6=POINT,nfsB_E165Ter=POINT,sat2,sul1,sul2	mcr-9.1	mcr-9.1=COMPLETE	no	no		Malawi	Malawi	alias match	no	no	Unspecified	
PDT003025986.1	SAMEA115952006	GCA_058969675.1	ERR15952774	ILLUMINA	PAIRED	NOT RETRIEVED (no E-utilities call)	NOT RETRIEVED (no E-utilities call)	build metadata columns Run/Platform/LibraryLayout (no E-utilities call)	Escherichia coli	yes	retain (submitted name is E. coli; organism group membership consistent)	DCG156E1				Malawi	PRJEB65965	2025-12-14		aac(3)-IIg,aac(6')-IIc,aadA2,acrF,aph(3'')-Ib,aph(6)-Id,arr,blaEC,blaSHV-12,blaTEM-1,dfrA19,ere(A)=PARTIAL,mcr-9,mdtM,qnrB2,sul1,sul2	mcr-9	mcr-9=COMPLETE	no	no		Malawi	Malawi	alias match	no	no	Unspecified	
PDT002971161.1	SAMN49661573	GCA_053291725.1				NOT RETRIEVED (no E-utilities call)	NOT RETRIEVED (no E-utilities call)	build metadata columns Run/Platform/LibraryLayout (no E-utilities call)	Escherichia coli	yes	retain (submitted name is E. coli; organism group membership consistent)	E3		chicken offal	2021-03-19	Morocco	PRJNA1282727	2025-11-01	environmental/other	aadA2,acrF,aph(3')-Ia,blaEC,blaTEM-1,cirA_D46MfsTer21=POINT,dfrA12,gyrA_D87N=POINT,gyrA_S83L=POINT,mcr-1.1,mdtM,mph(A),mrx(A),parC_S80I=POINT,sul1,sul2,tet(A)	mcr-1.1	mcr-1.1=COMPLETE	no	no		Morocco	Morocco	alias match	no	no	Poultry	
PDT003045902.1	SAMN54331487	GCA_054353075.1				NOT RETRIEVED (no E-utilities call)	NOT RETRIEVED (no E-utilities call)	build metadata columns Run/Platform/LibraryLayout (no E-utilities call)	Escherichia coli	yes	retain (submitted name is E. coli; organism group membership consistent)	EC100		wastewater	2024-05-03	Morocco	PRJNA1395011	2026-01-05	environmental/other	aac(6')-Ib-cr5,aadA1,aadA2,acrF,acrR_E190RfsTer20=POINT,blaCTX-M-276,blaEC,blaOXA-1,blaTEM-1,catB3=PARTIAL_END_OF_CONTIG,cmlA1,estX-3,gyrA_D87N=POINT,gyrA_S83L=POINT,mcr-1.1,mdtM,parC_S80I=POINT,parE_S458A=POINT,sul3,tet(A),tet(B)	mcr-1.1	mcr-1.1=COMPLETE	no	no		Morocco	Morocco	alias match	no	no	Environment	30.341391 N 9.593026 W
PDT002234959.1	SAMN40756789	GCA_040418245.1				NOT RETRIEVED (no E-utilities call)	NOT RETRIEVED (no E-utilities call)	build metadata columns Run/Platform/LibraryLayout (no E-utilities call)	Escherichia coli	yes	retain (submitted name is E. coli; organism group membership consistent)	19-S29	Homo sapiens	rectal swab	2016/2017	Niger	PRJNA1096457	2024-06-28	clinical	aac(6')-Ib-cr5,aadA2,acrF,acrR_V29YfsTer44=POINT,blaCTX-M-15,blaEC,blaNDM-5,blaOXA-1,blaTEM-1,ble,catB3=PARTIAL,cirA_S90YfsTer15=POINT,dfrA12,ftsI_N337NYRIN=POINT,gyrA_D87N=POINT,gyrA_S83L=POINT,mcr-1=PARTIAL_END_OF_CONTIG,mdtM,mph(A),mrx(A),parC_S80I=POINT,parE_S458A=POINT,rmtB1,sul1,tet(A)	mcr-1	mcr-1=PARTIAL_END_OF_CONTIG	yes	no		Niger	Niger	alias match	no	no	Human	13.5010 N 7.1036 E
PDT001543770.1	SAMEA112238980	GCA_027266795.1	ERR10670886	ILLUMINA	PAIRED	NOT RETRIEVED (no E-utilities call)	NOT RETRIEVED (no E-utilities call)	build metadata columns Run/Platform/LibraryLayout (no E-utilities call)	Escherichia coli	yes	retain (submitted name is E. coli; organism group membership consistent)		Homo sapiens	Rectal Swab	2016	Nigeria	PRJEB44720	2022-12-22	clinical	aac(3)-IIe,aadA1,aadA1=PARTIAL_END_OF_CONTIG,aadA2,acrF,acrR_E190KfsTer54=POINT,ant(2'')-Ia,aph(3'')-Ib,aph(3')-Ia,aph(6)-Id,blaEC,blaOXA=PARTIAL_END_OF_CONTIG,blaTEM-1,catA1,cmlA1,dfrA1,dfrA24=PARTIAL,dfrA36=PARTIAL_END_OF_CONTIG,estX-3,floR,gyrA_D87N=POINT,gyrA_S83L=POINT,mcr-1.1,mdtM,ompF_Y124TerfsTer0=POINT,parC_E84G=POINT,parC_S80I=POINT,sul1,sul1=PARTIAL_END_OF_CONTIG,sul2,sul2=PARTIAL_END_OF_CONTIG,sul3,tet(A),tet(B)	mcr-1.1	mcr-1.1=COMPLETE	no	no		Nigeria	Nigeria	alias match	no	no	Human	9.0820? N, 8.6753? E
PDT001543782.1	SAMEA112238986	GCA_027267495.1	ERR10670898	ILLUMINA	PAIRED	NOT RETRIEVED (no E-utilities call)	NOT RETRIEVED (no E-utilities call)	build metadata columns Run/Platform/LibraryLayout (no E-utilities call)	Shigella sonnei	no	PENDING-VFDB-SCREEN		Homo sapiens	Rectal Swab	2016	Nigeria	PRJEB44720	2022-12-22	clinical	acrF,blaCTX-M-15,blaEC,cyaA_S352T=POINT,mcr-1.1,mdtM,qnrS1	mcr-1.1	mcr-1.1=COMPLETE	no	no		Nigeria	Nigeria	alias match	no	no	Human	9.0820? N, 8.6753? E
PDT000584495.1	SAMN12727826	GCA_012453805.1	SRR10098861	ILLUMINA	PAIRED	NOT RETRIEVED (no E-utilities call)	NOT RETRIEVED (no E-utilities call)	build metadata columns Run/Platform/LibraryLayout (no E-utilities call)	Escherichia coli	yes	retain (submitted name is E. coli; organism group membership consistent)	MA_049		poultry water	2018-12-03	Nigeria	PRJNA293225	2019-09-11	environmental/other	aac(3)-IId=PARTIAL_END_OF_CONTIG,acrF,aph(3'')-Ib,aph(3')-Ia,aph(6)-Id,blaEC,blaTEM-1,dfrA14,floR,mcr-1.1,mdtM,mrx(A)=PARTIAL_END_OF_CONTIG,qnrB19,qnrS1,sul2=PARTIAL_END_OF_CONTIG,tet(A)=PARTIAL_END_OF_CONTIG	mcr-1.1	mcr-1.1=COMPLETE	no	no		Nigeria	Nigeria	alias match	no	no	Poultry	
PDT000626013.1	SAMN13245793	GCA_012618325.1	SRR10420728	ILLUMINA	PAIRED	NOT RETRIEVED (no E-utilities call)	NOT RETRIEVED (no E-utilities call)	build metadata columns Run/Platform/LibraryLayout (no E-utilities call)	Escherichia coli	yes	retain (submitted name is E. coli; organism group membership consistent)	MA_293	Homo sapiens	stool	2019-02-20	Nigeria	PRJNA293225	2019-11-09	clinical	acrF=MISTRANSLATION,aph(6)-Id=PARTIAL,aph(6)-Id=PARTIAL_END_OF_CONTIG,blaEC,blaTEM-1,dfrA14,mcr-1.1,mdtM,qnrS1,sul3,tet(A)	mcr-1.1	mcr-1.1=COMPLETE	no	no		Nigeria	Nigeria	alias match	no	no	Human	
PDT000751443.1	SAMN14898732	GCA_013187505.1				NOT RETRIEVED (no E-utilities call)	NOT RETRIEVED (no E-utilities call)	build metadata columns Run/Platform/LibraryLayout (no E-utilities call)	Escherichia coli	yes	retain (submitted name is E. coli; organism group membership consistent)	L23	Gallus gallus	backyard farm #12, cloacal swab # 23	2019	Nigeria	PRJNA631965	2020-05-29	clinical	aac(3)-VIa,acrF,blaEC,blaTEM-1,dfrA14,emrD,estX-3,gyrA_S83L=POINT,mcr-1.1,mdtM,qnrS1,sul1,sul3,tet(A)	mcr-1.1	mcr-1.1=COMPLETE	no	no		Nigeria	Nigeria	alias match	no	no	Poultry	7.7322 N 8.5391 E
PDT000751442.1	SAMN14898734	GCA_013187405.1				NOT RETRIEVED (no E-utilities call)	NOT RETRIEVED (no E-utilities call)	build metadata columns Run/Platform/LibraryLayout (no E-utilities call)	Escherichia coli	yes	retain (submitted name is E. coli; organism group membership consistent)	L29	Gallus gallus	backyard farm #18, cloacal swab # 29	2019	Nigeria	PRJNA631965	2020-05-29	clinical	aac(3)-VIa,acrF,blaEC,blaTEM-1,dfrA14,emrD,estX-3,gyrA_S83L=POINT,mcr-1.1,mdtM,qnrS1,sul1,sul3,tet(A)	mcr-1.1	mcr-1.1=COMPLETE	no	no		Nigeria	Nigeria	alias match	no	no	Poultry	7.7322 N 8.5391 E
PDT000751444.1	SAMN14898735	GCA_013187515.1				NOT RETRIEVED (no E-utilities call)	NOT RETRIEVED (no E-utilities call)	build metadata columns Run/Platform/LibraryLayout (no E-utilities call)	Escherichia coli	yes	retain (submitted name is E. coli; organism group membership consistent)	L36	Gallus gallus	backyard farm #26, liver # 39	2019	Nigeria	PRJNA631965	2020-05-29	clinical	aac(3)-IId,acrF,aph(3'')-Ib,aph(3')-Ia,aph(6)-Id,blaEC,blaTEM-1,dfrA14,floR,mcr-1.1,mdtM,qnrS1,sul2,tet(A),uhpT_E350Q=POINT	mcr-1.1	mcr-1.1=COMPLETE	no	no		Nigeria	Nigeria	alias match	no	no	Poultry	7.7322 N 8.5391 E
PDT000797344.1	SAMN14929804	GCA_013618615.1				NOT RETRIEVED (no E-utilities call)	NOT RETRIEVED (no E-utilities call)	build metadata columns Run/Platform/LibraryLayout (no E-utilities call)	Escherichia coli	yes	retain (submitted name is E. coli; organism group membership consistent)	L27	Gallus gallus	backyard farm #18, cloacal swab # 27	2019	Nigeria	PRJNA631965	2020-07-24	clinical	aac(3)-IIe,aadA1,acrF,aph(3'')-Ib,aph(3')-Ia,aph(6)-Id=PARTIAL_END_OF_CONTIG,blaEC,blaTEM-1,dfrA1,estX,floR,gyrA_D87N=POINT,gyrA_S83L=POINT,mcr-1.1,mdtM,parC_A56T=POINT,parC_S80I=POINT,sul3,tet(A)	mcr-1.1	mcr-1.1=COMPLETE	no	no		Nigeria	Nigeria	alias match	no	no	Poultry	7.7322 N 8.5391 E
PDT000797343.1	SAMN14929806	GCA_013618585.1				NOT RETRIEVED (no E-utilities call)	NOT RETRIEVED (no E-utilities call)	build metadata columns Run/Platform/LibraryLayout (no E-utilities call)	Escherichia coli	yes	retain (submitted name is E. coli; organism group membership consistent)	L40	Gallus gallus	backyard farm #30, cloacal swab # 40	2019	Nigeria	PRJNA631965	2020-07-24	clinical	aac(3)-IId,acrF,aph(3'')-Ib,aph(3')-Ia,aph(6)-Id,blaEC,blaTEM-1,dfrA14,floR,mcr-1.1,mdtM,qnrS1,sul2,tet(A)=PARTIAL_END_OF_CONTIG,uhpT_E350Q=POINT	mcr-1.1	mcr-1.1=COMPLETE	no	no		Nigeria	Nigeria	alias match	no	no	Poultry	7.7322 N 8.5391 E
PDT001647733.2	SAMN33246729	GCA_028882105.2				NOT RETRIEVED (no E-utilities call)	NOT RETRIEVED (no E-utilities call)	build metadata columns Run/Platform/LibraryLayout (no E-utilities call)	Escherichia coli	yes	retain (submitted name is E. coli; organism group membership consistent)	NN-MR-49P	Homo sapiens	rectal swab	2015	Nigeria	PRJNA860154	2023-06-12	clinical	aac(3)-IIe,aadA1,aadA2,acrF,acrR_E190KfsTer54=POINT,ant(2'')-Ia,aph(3'')-Ib,aph(3')-Ia,aph(6)-Id,blaEC,blaTEM-1,catA1,cmlA1,dfrA1,dfrA24=PARTIAL,dfrA36=PARTIAL,estX-3,floR,gyrA_D87N=POINT,gyrA_S83L=POINT,mcr-1.1,mdtM,ompF_Y124TerfsTer0=POINT,parC_E84G=POINT,parC_S80I=POINT,sul1,sul2,sul2=PARTIAL,sul3,tet(A),tet(B)	mcr-1.1	mcr-1.1=COMPLETE	no	no		Nigeria	Nigeria	alias match	no	no	Human	9.0820 N 8.6753 E
PDT001725757.1	SAMN34441004	GCA_029953225.1				NOT RETRIEVED (no E-utilities call)	NOT RETRIEVED (no E-utilities call)	build metadata columns Run/Platform/LibraryLayout (no E-utilities call)	Shigella sonnei	no	PENDING-VFDB-SCREEN	NW-MR1609	Homo sapiens		2016	Nigeria	PRJNA860154	2023-05-07	clinical	acrF,blaCTX-M-15,blaEC,cyaA_S352T=POINT,mcr-1.1,mdtM,qnrS1	mcr-1.1	mcr-1.1=COMPLETE	no	no		Nigeria	Nigeria	alias match	no	no	Human	9.0629 N 7.4689 E
PDT003398482.1	SAMN38019464	GCA_033342895.1				NOT RETRIEVED (no E-utilities call)	NOT RETRIEVED (no E-utilities call)	build metadata columns Run/Platform/LibraryLayout (no E-utilities call)	Escherichia coli	yes	retain (submitted name is E. coli; organism group membership consistent)	NN-MR491	Homo sapiens	rectal	2015	Nigeria	PRJNA860154	2023-11-05	clinical	aac(3)-IIe,aadA1,aadA2,acrF,acrR_E190KfsTer54=POINT,ant(2'')-Ia,aph(3'')-Ib,aph(3')-Ia,aph(6)-Id,blaEC,blaOXA-1,blaTEM-1,catA1,cmlA1,dfrA1,dfrA24=PARTIAL,dfrA36,estX-3,floR,gyrA_D87N=POINT,gyrA_S83L=POINT,mcr-1.1,mdtM,ompF_Y124TerfsTer0=POINT,parC_E84G=POINT,parC_S80I=POINT,sul1,sul2,sul3,tet(A),tet(B)	mcr-1.1	mcr-1.1=COMPLETE	no	no		Nigeria	Nigeria	alias match	no	no	Human	
PDT001039426.1	SAMEA8550450	GCA_907163985.1				NOT RETRIEVED (no E-utilities call)	NOT RETRIEVED (no E-utilities call)	build metadata columns Run/Platform/LibraryLayout (no E-utilities call)	Escherichia coli	yes	retain (submitted name is E. coli; organism group membership consistent)	PBIO353		rectal swab	2014	Rwanda	PRJEB42795	2021-05-16		aac(3)-IIg,aac(6')-IIc,acrF,arr,blaEC,blaSHV-12,blaTEM-1,catA2,dfrA15,ere(A)=PARTIAL,mcr-9.1,mdtM,qnrB2,sul1	mcr-9.1	mcr-9.1=COMPLETE	no	no		Rwanda	Rwanda	alias match	no	no	Unspecified	
PDT001039456.1	SAMEA8550478	GCA_907164235.1				NOT RETRIEVED (no E-utilities call)	NOT RETRIEVED (no E-utilities call)	build metadata columns Run/Platform/LibraryLayout (no E-utilities call)	Escherichia coli	yes	retain (submitted name is E. coli; organism group membership consistent)	PBIO396		rectal swab	2014	Rwanda	PRJEB42795	2021-05-16		aac(3)-IIg,aac(6')-IIc,aac(6')-Ib3,aadA1,aadA2,acrF,aph(3'')-Ib,aph(6)-Id,arr,blaEC,blaOXA-1,blaSHV-12,blaTEM-1,catA1,catA2,dfrA19,ere(A)=PARTIAL,mcr-9.1,mdtM,sul1,sul2,tet(B),tet(D)	mcr-9.1	mcr-9.1=COMPLETE	no	no		Rwanda	Rwanda	alias match	no	no	Unspecified	
PDT000640376.1	SAMEA5988742	GCA_902703155.1				NOT RETRIEVED (no E-utilities call)	NOT RETRIEVED (no E-utilities call)	build metadata columns Run/Platform/LibraryLayout (no E-utilities call)	Escherichia coli	yes	retain (submitted name is E. coli; organism group membership consistent)	Eco04570	Homo sapiens	clinical material	2016	South Africa	PRJEB34702	2019-12-05	clinical	acrF,aph(3'')-Ib=PARTIAL_END_OF_CONTIG,aph(6)-Id,blaEC,bleO,dfrA14,gyrA_S83L=POINT,mcr-1.1,mdtM,oqxA,oqxB,sul2,tet(B)	mcr-1.1	mcr-1.1=COMPLETE	no	no		South Africa	South Africa	alias match	no	no	Human	33.97 S 18.57 E
PDT000409988.1	SAMN09303237	GCA_003795445.1				NOT RETRIEVED (no E-utilities call)	NOT RETRIEVED (no E-utilities call)	build metadata columns Run/Platform/LibraryLayout (no E-utilities call)	Escherichia coli	yes	retain (submitted name is E. coli; organism group membership consistent)	PN256E8	pig	nares	2016-10	South Africa: Stanger	PRJNA412434	2018-11-20	clinical	aac(6')-Ib3,aadA5,acrF,aph(6)-Id=PARTIAL_END_OF_CONTIG,blaCTX-M-55,blaEC,blaTEM=PARTIAL,bleO,dfrA17,floR,fosA3,mcr-1.1,mdtM,oqxA,oqxB,sul2,tet(A)	mcr-1.1	mcr-1.1=COMPLETE	no	no		South Africa	South Africa	alias match	no	no	Other animal	29.1941 S 31.1722 E
PDT000878268.1	SAMN14219481	GCA_015208565.1				NOT RETRIEVED (no E-utilities call)	NOT RETRIEVED (no E-utilities call)	build metadata columns Run/Platform/LibraryLayout (no E-utilities call)	Escherichia coli	yes	retain (submitted name is E. coli; organism group membership consistent)	D96_9		wastewater	2018-09-11	South Africa:KwaZulu-Natal	PRJNA609073	2020-11-02	environmental/other	acrF,blaEC,blaTEM-1,cyaA_S352T=POINT,mcr-9=PARTIAL_END_OF_CONTIG,tet(A)	mcr-9	mcr-9=PARTIAL_END_OF_CONTIG	yes	no		South Africa	South Africa	alias match	no	no	Environment	29.36370 S 30.254171 E
PDT002034360.1	SAMN36943049	GCA_034465125.1	SRR25608269	ILLUMINA	PAIRED	NOT RETRIEVED (no E-utilities call)	NOT RETRIEVED (no E-utilities call)	build metadata columns Run/Platform/LibraryLayout (no E-utilities call)	Escherichia coli	yes	retain (submitted name is E. coli; organism group membership consistent)	R2745-Af49	Homo sapiens		2015	South Africa	PRJNA999080	2023-12-18	clinical	aac(6')-Ib3,aadA1,acrF,blaCTX-M-55,blaEC,blaTEM=PARTIAL,blaTEM=PARTIAL_END_OF_CONTIG,cirA_D84IfsTer16=POINT,dfrA15,floR,fosA3,gyrA_D87N=POINT,gyrA_S83L=POINT,mcr-1.1,mdtM,parC_S80I=POINT,sul1,sul2,tet(A),tet(A)=PARTIAL_END_OF_CONTIG	mcr-1.1	mcr-1.1=COMPLETE	no	no		South Africa	South Africa	alias match	no	no	Human	
PDT003000705.1	SAMN49772998	GCA_053709775.1				NOT RETRIEVED (no E-utilities call)	NOT RETRIEVED (no E-utilities call)	build metadata columns Run/Platform/LibraryLayout (no E-utilities call)	Escherichia coli	yes	retain (submitted name is E. coli; organism group membership consistent)	UPMP1740		cucumber	2019	South Africa	PRJNA642017	2025-11-25		acrF,blaCTX-M-14,blaEC,fosA3,mcr-9.1,mdtM	mcr-9.1	mcr-9.1=COMPLETE	no	no		South Africa	South Africa	alias match	no	no	Food (non-poultry)	
PDT002120753.1	SAMEA115084356	GCA_964007345.1				NOT RETRIEVED (no E-utilities call)	NOT RETRIEVED (no E-utilities call)	build metadata columns Run/Platform/LibraryLayout (no E-utilities call)	Escherichia coli	yes	retain (submitted name is E. coli; organism group membership consistent)	FFDD-150	Homo sapiens	HVS	2021	Tanzania	PRJEB71714	2024-03-20	clinical	aac(3)-IId,acrF=PARTIAL_END_OF_CONTIG,aph(3'')-Ib,aph(6)-Id,blaEC,catA2,dfrA14,mcr-10.1,mdtM,parC_A56T=POINT,qnrS1,sul2,tet(D)	mcr-10.1	mcr-10.1=COMPLETE	no	no		Tanzania	Tanzania	alias match	no	no	Human	
PDT000537962.1	SAMN10986378	GCA_012298495.1	SRR8610355	ILLUMINA	PAIRED	NOT RETRIEVED (no E-utilities call)	NOT RETRIEVED (no E-utilities call)	build metadata columns Run/Platform/LibraryLayout (no E-utilities call)	Escherichia coli	yes	retain (submitted name is E. coli; organism group membership consistent)	121 HS-D	Homo sapiens		2018-06	Tanzania	PRJNA523709	2019-07-03	clinical	aadA5,acrF,acrR_R192AfsTer52=POINT,aph(3'')-Ib,aph(6)-Id,blaEC,blaTEM-1,dfrA17,gyrA_D87N=POINT,gyrA_S83L=POINT,mcr-1.1,mdtM,mph(A),mrx(A),parC_S80I=POINT,parE_S458A=POINT,sul1,sul2,tet(A)	mcr-1.1	mcr-1.1=COMPLETE	no	no		Tanzania	Tanzania	alias match	no	no	Human	
PDT000537935.1	SAMN10986379	GCA_012298825.1	SRR8610327	ILLUMINA	PAIRED	NOT RETRIEVED (no E-utilities call)	NOT RETRIEVED (no E-utilities call)	build metadata columns Run/Platform/LibraryLayout (no E-utilities call)	Escherichia coli	yes	retain (submitted name is E. coli; organism group membership consistent)	18 HS-D	Homo sapiens		2018-06	Tanzania	PRJNA523709	2019-07-03	clinical	aadA5,acrF,acrR_R192AfsTer52=POINT,aph(3'')-Ib,aph(6)-Id,blaEC,blaTEM-1,dfrA17,gyrA_D87N=POINT,gyrA_S83L=POINT,mcr-1.1,mdtM,mph(A),mrx(A),parC_S80I=POINT,parE_S458A=POINT,sul1,sul2,tet(A)	mcr-1.1	mcr-1.1=COMPLETE	no	no		Tanzania	Tanzania	alias match	no	no	Human	
PDT000484736.1	SAMN10986381	GCA_004526255.1				NOT RETRIEVED (no E-utilities call)	NOT RETRIEVED (no E-utilities call)	build metadata columns Run/Platform/LibraryLayout (no E-utilities call)	Escherichia coli	yes	retain (submitted name is E. coli; organism group membership consistent)	2 HS-C	Homo sapiens		2018-06	Tanzania	PRJNA523709	2019-03-31	clinical	aadA5,acrF,acrR_R192AfsTer52=POINT,aph(3'')-Ib,aph(6)-Id,blaEC,blaTEM-1,dfrA17,gyrA_D87N=POINT,gyrA_S83L=POINT,mcr-1.1,mdtM,mph(A),mrx(A),parC_S80I=POINT,parE_S458A=POINT,sul1,sul2,tet(A)	mcr-1.1	mcr-1.1=COMPLETE	no	no		Tanzania	Tanzania	alias match	no	no	Human	
PDT000537951.1	SAMN10986384	GCA_012298625.1	SRR8610343	ILLUMINA	PAIRED	NOT RETRIEVED (no E-utilities call)	NOT RETRIEVED (no E-utilities call)	build metadata columns Run/Platform/LibraryLayout (no E-utilities call)	Escherichia coli	yes	retain (submitted name is E. coli; organism group membership consistent)	50 HS-C	Homo sapiens		2018-06	Tanzania	PRJNA523709	2019-07-03	clinical	aadA5,acrF,acrR_R192AfsTer52=POINT,aph(3'')-Ib,aph(6)-Id,blaEC,blaTEM-1,dfrA17,gyrA_D87N=POINT,gyrA_S83L=POINT,mcr-1.1,mdtM,mph(A),mrx(A),parC_S80I=POINT,parE_S458A=POINT,sul1,sul2,tet(A)	mcr-1.1	mcr-1.1=COMPLETE	no	no		Tanzania	Tanzania	alias match	no	no	Human	
PDT000669026.1	SAMN13107345	GCA_009925195.1				NOT RETRIEVED (no E-utilities call)	NOT RETRIEVED (no E-utilities call)	build metadata columns Run/Platform/LibraryLayout (no E-utilities call)	Escherichia coli	yes	retain (submitted name is E. coli; organism group membership consistent)	15CS-C-C		stool	2018-07	Tanzania: Zanzibar	PRJNA579251	2020-01-24	environmental/other	aac(3)-IVa,aadA1,aadA2,acrF,aph(3'')-Ib,aph(3')-Ia,aph(4)-Ia,aph(6)-Id,blaEC,blaTEM-1,catA2,dfrA12,dfrA14,estX-3,mcr-1.1,mdtM,mph(A),mrx(A),qnrS1,sul1,sul3,tet(A),tet(M)	mcr-1.1	mcr-1.1=COMPLETE	no	no		Tanzania	Tanzania	alias match	no	no	Unspecified	6.16 S 39.20 E
PDT000669023.1	SAMN13107346	GCA_009925145.1				NOT RETRIEVED (no E-utilities call)	NOT RETRIEVED (no E-utilities call)	build metadata columns Run/Platform/LibraryLayout (no E-utilities call)	Escherichia coli	yes	retain (submitted name is E. coli; organism group membership consistent)	75CS-C-D		stool	2018-07	Tanzania: Zanzibar	PRJNA579251	2020-01-24	environmental/other	aadA5,acrF,acrR_R192AfsTer52=POINT,aph(3'')-Ib,aph(6)-Id,blaEC,blaTEM-1,dfrA17,gyrA_D87N=POINT,gyrA_S83L=POINT,mcr-1.1,mdtM,mph(A),mrx(A),parC_S80I=POINT,parE_S458A=POINT,sul1,sul2,tet(A)	mcr-1.1	mcr-1.1=COMPLETE	no	no		Tanzania	Tanzania	alias match	no	no	Unspecified	6.16 S 39.20 E
PDT000669025.1	SAMN13107349	GCA_009925175.1				NOT RETRIEVED (no E-utilities call)	NOT RETRIEVED (no E-utilities call)	build metadata columns Run/Platform/LibraryLayout (no E-utilities call)	Escherichia coli	yes	retain (submitted name is E. coli; organism group membership consistent)	92CS-A-B		stool	2018-07	Tanzania: Zanzibar	PRJNA579251	2020-01-24	environmental/other	aadA5,acrF,acrR_R192AfsTer52=POINT,aph(3'')-Ib,aph(6)-Id,blaEC,blaTEM-1,dfrA17,gyrA_D87N=POINT,gyrA_S83L=POINT,mcr-1.1,mdtM,mph(A),mrx(A),parC_S80I=POINT,parE_S458A=POINT,sul1,sul2,tet(A)	mcr-1.1	mcr-1.1=COMPLETE	no	no		Tanzania	Tanzania	alias match	no	no	Unspecified	6.16 S 39.20 E
PDT000669024.1	SAMN13107350	GCA_009925165.1				NOT RETRIEVED (no E-utilities call)	NOT RETRIEVED (no E-utilities call)	build metadata columns Run/Platform/LibraryLayout (no E-utilities call)	Escherichia coli	yes	retain (submitted name is E. coli; organism group membership consistent)	113CSB-F-D		stool	2018-07	Tanzania: Zanzibar	PRJNA579251	2020-01-24	environmental/other	aadA5,acrF,acrR_R192AfsTer52=POINT,aph(3'')-Ib,aph(6)-Id,blaEC,blaTEM-1,dfrA17,gyrA_D87N=POINT,gyrA_S83L=POINT,mcr-1.1,mdtM,mph(A),mrx(A),parC_S80I=POINT,parE_S458A=POINT,sul1,sul2,tet(A)	mcr-1.1	mcr-1.1=COMPLETE	no	no		Tanzania	Tanzania	alias match	no	no	Unspecified	6.16 S 39.20 E
PDT000669032.1	SAMN13107361	GCA_009925505.1				NOT RETRIEVED (no E-utilities call)	NOT RETRIEVED (no E-utilities call)	build metadata columns Run/Platform/LibraryLayout (no E-utilities call)	Escherichia coli	yes	retain (submitted name is E. coli; organism group membership consistent)	5CML-D		chicken meat	2018-07	Tanzania: Zanzibar	PRJNA579261	2020-01-24	environmental/other	acrF,blaEC,gyrA_D87N=POINT,gyrA_S83L=POINT,mcr-1.1,mdtM,parC_S80I=POINT,parE_S458A=POINT,uhpT_E350Q=POINT	mcr-1.1	mcr-1.1=COMPLETE	no	no		Tanzania	Tanzania	alias match	no	no	Poultry	6.191224 S 39.219357 E
PDT000669034.1	SAMN13107363	GCA_009925515.1				NOT RETRIEVED (no E-utilities call)	NOT RETRIEVED (no E-utilities call)	build metadata columns Run/Platform/LibraryLayout (no E-utilities call)	Escherichia coli	yes	retain (submitted name is E. coli; organism group membership consistent)	22CMI-A		chicken meat	2018-07	Tanzania: Zanzibar	PRJNA579261	2020-01-24	environmental/other	aadA5,acrF,acrR_R192AfsTer52=POINT,aph(3'')-Ib,aph(6)-Id,blaEC,blaTEM-1,dfrA17,gyrA_D87N=POINT,gyrA_S83L=POINT,mcr-1.1,mdtM,mph(A),mrx(A),parC_S80I=POINT,parE_S458A=POINT,sul1,sul2,tet(A)	mcr-1.1	mcr-1.1=COMPLETE	no	no		Tanzania	Tanzania	alias match	no	no	Poultry	6.191224 S 39.219357 E
PDT000669030.1	SAMN13107364	GCA_009925485.1				NOT RETRIEVED (no E-utilities call)	NOT RETRIEVED (no E-utilities call)	build metadata columns Run/Platform/LibraryLayout (no E-utilities call)	Escherichia coli	yes	retain (submitted name is E. coli; organism group membership consistent)	25CML-A		chicken meat	2018-07	Tanzania: Zanzibar	PRJNA579261	2020-01-24	environmental/other	aadA5,acrF,acrR_R192AfsTer52=POINT,aph(3'')-Ib,aph(6)-Id,blaEC,blaTEM-1,dfrA17,gyrA_D87N=POINT,gyrA_S83L=POINT,mcr-1.1,mdtM,mph(A),mrx(A),parC_S80I=POINT,parE_S458A=POINT,sul1,sul2,tet(A)	mcr-1.1	mcr-1.1=COMPLETE	no	no		Tanzania	Tanzania	alias match	no	no	Poultry	6.191224 S 39.219357 E
PDT002756480.1	SAMN48122305	GCA_050106675.1				NOT RETRIEVED (no E-utilities call)	NOT RETRIEVED (no E-utilities call)	build metadata columns Run/Platform/LibraryLayout (no E-utilities call)	Escherichia coli	yes	retain (submitted name is E. coli; organism group membership consistent)	FKK19-219	Homo sapiens	feces	2022-09	Togo:Savannas	PRJNA1254764	2025-05-04	clinical	acrF,aph(3'')-Ib,aph(6)-Id=PARTIAL_END_OF_CONTIG,blaEC,emrD,mcr-9.1,mdtM,sul2	mcr-9.1	mcr-9.1=COMPLETE	no	no		Togo	Togo	alias match	no	no	Human	10.8634 N 0.2076 E
PDT001866682.1	SAMN35358213	GCA_030927905.1				NOT RETRIEVED (no E-utilities call)	NOT RETRIEVED (no E-utilities call)	build metadata columns Run/Platform/LibraryLayout (no E-utilities call)	Escherichia coli	yes	retain (submitted name is E. coli; organism group membership consistent)	60280	Sturnus vulgaris		2022	Tunisia	PRJNA976065	2023-08-28		aadA1=PARTIAL,aadA1=PARTIAL_END_OF_CONTIG,acrF,blaCTX-M-1,blaEC,blaTEM-135,catA1,cyaA_S352T=POINT,dfrA1,estT,estX,gyrA_D87N=POINT,gyrA_S83L=POINT,mcr-1=PARTIAL,mdtM,mph(B),ompF_D171AfsTer2=POINT,parC_S80R=POINT,parE_L416F=POINT,sat2,tet(A)	mcr-1	mcr-1=PARTIAL	yes	no		Tunisia	Tunisia	alias match	no	no	Unspecified	
PDT002834777.1	SAMN47476602	GCA_051305755.1				NOT RETRIEVED (no E-utilities call)	NOT RETRIEVED (no E-utilities call)	build metadata columns Run/Platform/LibraryLayout (no E-utilities call)	Escherichia coli	yes	retain (submitted name is E. coli; organism group membership consistent)	PEco_TUN_65453	Homo sapiens	prosthetic joint infection	2023-07-26	Tunisia: Sousse	PRJNA1238567	2025-07-13	clinical	acrF,blaCMY-2,blaEC,blaTEM-1,cirA_I160SfsTer34=POINT,floR,gyrA_D87N=POINT,gyrA_S83L=POINT,mcr-1.1,mdtM,parC_S80I=POINT,sul2	mcr-1.1	mcr-1.1=COMPLETE	no	no		Tunisia	Tunisia	alias match	no	no	Human	33.7931605 N 9.5607653 E
PDT002921590.1	SAMN47596258	GCA_052587725.1				NOT RETRIEVED (no E-utilities call)	NOT RETRIEVED (no E-utilities call)	build metadata columns Run/Platform/LibraryLayout (no E-utilities call)	Escherichia coli	yes	retain (submitted name is E. coli; organism group membership consistent)	65321		meat	2024	Tunisia	PRJNA1242575	2025-09-13		aadA1,acrF=PARTIAL,blaCTX-M-1,blaEC,catA1,cyaA_S352T=POINT,dfrA1,floR,gyrA_D87N=POINT,gyrA_S83L=POINT,mcr-1.1,mdtM,mph(B),parC_S80I=POINT,rdmCL,sul1,tet(A)	mcr-1.1	mcr-1.1=COMPLETE	no	no		Tunisia	Tunisia	alias match	no	no	Food (non-poultry)	
PDT002921586.1	SAMN47596259	GCA_052587645.1				NOT RETRIEVED (no E-utilities call)	NOT RETRIEVED (no E-utilities call)	build metadata columns Run/Platform/LibraryLayout (no E-utilities call)	Escherichia coli	yes	retain (submitted name is E. coli; organism group membership consistent)	65324		meat	2024	Tunisia	PRJNA1242575	2025-09-13		aadA1,acrF,blaCTX-M-1,blaEC,catA1,cyaA_S352T=POINT,dfrA1,floR,gyrA_D87N=POINT,gyrA_S83L=POINT,mcr-1.1,mdtM,mph(B),parC_S80I=POINT,rdmCL,sul1,tet(A)	mcr-1.1	mcr-1.1=COMPLETE	no	no		Tunisia	Tunisia	alias match	no	no	Food (non-poultry)	
PDT002921584.1	SAMN47596263	GCA_052587485.1				NOT RETRIEVED (no E-utilities call)	NOT RETRIEVED (no E-utilities call)	build metadata columns Run/Platform/LibraryLayout (no E-utilities call)	Escherichia coli	yes	retain (submitted name is E. coli; organism group membership consistent)	65334	meat		2024	Tunisia	PRJNA1242575	2025-09-13		aadA5,acrF,aph(3'')-Ib,aph(6)-Id,blaCTX-M-55,blaEC,cirA_Q501Ter=POINT,dfrA17,floR,gyrA_D87N=POINT,gyrA_S83L=POINT,mcr-1.1,mdtM,ompF_A233LfsTer7=POINT,parC_S80I=POINT,sul2,tet(A)	mcr-1.1	mcr-1.1=COMPLETE	no	no		Tunisia	Tunisia	alias match	no	no	Food (non-poultry)	
PDT003059286.1	SAMN53123345	GCA_054553885.1	SRR35975911	ILLUMINA	PAIRED	NOT RETRIEVED (no E-utilities call)	NOT RETRIEVED (no E-utilities call)	build metadata columns Run/Platform/LibraryLayout (no E-utilities call)	Escherichia coli	yes	retain (submitted name is E. coli; organism group membership consistent)		Homo sapiens	wound	2018	Tunisia: Sfax	PRJNA1358714	2026-01-20	clinical	aac(3)-IId,aadA2,acrF,aph(3'')-Ib,aph(6)-Id,blaEC,blaOXA-48,blaTEM-1,cirA_Q65Ter=POINT,dfrA12,emrD,gyrA_D87N=POINT,gyrA_S83L=POINT,mcr-1.1,mdtM,parC_S80I=POINT,sul2,tet(A)	mcr-1.1	mcr-1.1=COMPLETE	no	no		Tunisia	Tunisia	alias match	no	no	Human	34.740325 N 10.748221 E
PDT003059285.1	SAMN53123346	GCA_054553805.1	SRR35975910	ILLUMINA	PAIRED	NOT RETRIEVED (no E-utilities call)	NOT RETRIEVED (no E-utilities call)	build metadata columns Run/Platform/LibraryLayout (no E-utilities call)	Escherichia coli	yes	retain (submitted name is E. coli; organism group membership consistent)		Homo sapiens	wound	2018	Tunisia: Sfax	PRJNA1358714	2026-01-20	clinical	acrF,acrR_P182RfsTer62=POINT,aph(3'')-Ib,aph(6)-Id,blaEC,blaTEM-1,estT,floR,gyrA_D87N=POINT,gyrA_S83L=POINT,mcr-1.1,mdtM,parC_S80I=POINT,sul2,tet(A)	mcr-1.1	mcr-1.1=COMPLETE	no	no		Tunisia	Tunisia	alias match	no	no	Human	34.740325 N 10.748221 E
PDT003185044.1	SAMN54240895	GCA_056837985.1				NOT RETRIEVED (no E-utilities call)	NOT RETRIEVED (no E-utilities call)	build metadata columns Run/Platform/LibraryLayout (no E-utilities call)	Escherichia coli	yes	retain (submitted name is E. coli; organism group membership consistent)	Eco_70233	Homo sapiens		2025-02-26	Tunisia: Tunis	PRJNA1392031	2026-04-22	clinical	aadA2,acrF,blaEC,blaTEM-1,dfrA12,emrD,floR,gyrA_D87N=POINT,gyrA_S83L=POINT,mcr-1.1,mdtM,mph(A),mrx(A),ompF_W83Ter=POINT,parC_S80I=POINT,sul1,tet(A)	mcr-1.1	mcr-1.1=COMPLETE	no	no		Tunisia	Tunisia	alias match	no	no	Human	36.8065 N 10.1815 E
PDT003185043.1	SAMN54240896	GCA_056837925.1				NOT RETRIEVED (no E-utilities call)	NOT RETRIEVED (no E-utilities call)	build metadata columns Run/Platform/LibraryLayout (no E-utilities call)	Escherichia coli	yes	retain (submitted name is E. coli; organism group membership consistent)	Eco_70234	Homo sapiens		2025-03-26	Tunisia: Tunis	PRJNA1392031	2026-04-22	clinical	acrF,acrR_E190RfsTer20=POINT,aph(3'')-Ib,aph(3')-Ia,aph(6)-Id,blaEC,blaTEM-1,dfrA14,gyrA_D87N=POINT,gyrA_S83L=POINT,mcr-1.1,mdtM,mph(A),mrx(A),parC_S80I=POINT,parE_S458A=POINT,qnrS1,sul2,tet(A)	mcr-1.1	mcr-1.1=COMPLETE	no	no		Tunisia	Tunisia	alias match	no	no	Human	36.8065 N 10.1815 E
PDT003185042.1	SAMN54240897	GCA_056837905.1				NOT RETRIEVED (no E-utilities call)	NOT RETRIEVED (no E-utilities call)	build metadata columns Run/Platform/LibraryLayout (no E-utilities call)	Escherichia coli	yes	retain (submitted name is E. coli; organism group membership consistent)	Eco_70237	Homo sapiens		2023-08-15	Tunisia: Tunis	PRJNA1392031	2026-04-22	clinical	aadA5,acrF=PARTIAL,aph(3'')-Ib,aph(6)-Id,blaCTX-M-55,blaEC,cirA_G181VfsTer13=POINT,cyaA_S352T=POINT,dfrA17,emrD,floR,gyrA_D87N=POINT,gyrA_S83L=POINT,mcr-1.1,mdtM,nfsA_R15C=POINT,parC_S80I=POINT,parE_S458T=POINT,sul2,tet(A)	mcr-1.1	mcr-1.1=COMPLETE	no	no		Tunisia	Tunisia	alias match	no	no	Human	36.8065 N 10.1815 E
PDT003185041.1	SAMN54240898	GCA_056837885.1				NOT RETRIEVED (no E-utilities call)	NOT RETRIEVED (no E-utilities call)	build metadata columns Run/Platform/LibraryLayout (no E-utilities call)	Escherichia coli	yes	retain (submitted name is E. coli; organism group membership consistent)	Eco_70238	Homo sapiens		2025-02-18	Tunisia: Tunis	PRJNA1392031	2026-04-22	clinical	acrF,blaEC,cyaA_S352T=POINT,mcr-1.1,mdtM,nfsA_S33R=POINT,uhpT_E350Q=POINT	mcr-1.1	mcr-1.1=COMPLETE	no	no		Tunisia	Tunisia	alias match	no	no	Human	36.8065 N 10.1815 E
PDT003185040.1	SAMN54240899	GCA_056837865.1				NOT RETRIEVED (no E-utilities call)	NOT RETRIEVED (no E-utilities call)	build metadata columns Run/Platform/LibraryLayout (no E-utilities call)	Escherichia coli	yes	retain (submitted name is E. coli; organism group membership consistent)	Eco_70240	Homo sapiens		2023-12-27	Tunisia: Tunis	PRJNA1392031	2026-04-22	clinical	acrF,blaEC,blaTEM-1,blaTEMp_C32T=POINT,cirA_W164Ter=POINT,cyaA_S352T=POINT,dfrA14,gyrA_S83L=POINT,mcr-1.1,mdtM,mrx(A),parC_S80I=POINT,tet(B)	mcr-1.1	mcr-1.1=COMPLETE	no	no		Tunisia	Tunisia	alias match	no	no	Human	36.8065 N 10.1815 E
PDT003185039.1	SAMN54240900	GCA_056837825.1				NOT RETRIEVED (no E-utilities call)	NOT RETRIEVED (no E-utilities call)	build metadata columns Run/Platform/LibraryLayout (no E-utilities call)	Escherichia coli	yes	retain (submitted name is E. coli; organism group membership consistent)	Eco_70242	Homo sapiens		2024-07-01	Tunisia: Tunis	PRJNA1392031	2026-04-22	clinical	acrF,aph(3'')-Ib,aph(6)-Id,blaCTX-M-55,blaEC,blaTEM-1,dfrA5,floR,gyrA_D87N=POINT,gyrA_S83L=POINT,mcr-1.1,mdtM,parC_S80I=POINT,sul2,tet(A)	mcr-1.1	mcr-1.1=COMPLETE	no	no		Tunisia	Tunisia	alias match	no	no	Human	36.8065 N 10.1815 E
PDT003178996.1	SAMN57053898	GCA_056711405.1				NOT RETRIEVED (no E-utilities call)	NOT RETRIEVED (no E-utilities call)	build metadata columns Run/Platform/LibraryLayout (no E-utilities call)	Escherichia coli	yes	retain (submitted name is E. coli; organism group membership consistent)	Eco_70239	Homo sapiens	urine	2024-09-09	Tunisia: Tunis	PRJNA1392031	2026-04-13	clinical	acrF,aph(3'')-Ib,aph(6)-Id,blaCTX-M-55,blaEC,blaTEM-1,dfrA5,floR,gyrA_D87N=POINT,gyrA_S83L=POINT,mcr-1.1,mdtM,parC_S80I=POINT,sul2,tet(A)	mcr-1.1	mcr-1.1=COMPLETE	no	no		Tunisia	Tunisia	alias match	no	no	Human	36.8065 N 10.1815 E
PDT002952003.1	SAMN44571232	GCA_053044365.1				NOT RETRIEVED (no E-utilities call)	NOT RETRIEVED (no E-utilities call)	build metadata columns Run/Platform/LibraryLayout (no E-utilities call)	Escherichia coli	yes	retain (submitted name is E. coli; organism group membership consistent)	23-MO00583-5	Poultry	swab	2022	Uganda	PRJNA1181821	2025-10-10		aac(3)-IId,acrF,aph(6)-Id=PARTIAL_END_OF_CONTIG,blaEC,blaTEM-1,dfrA14,mcr-1.1,mdtM,qnrS1,sul3,tet(A)	mcr-1.1	mcr-1.1=COMPLETE	no	no		Uganda	Uganda	alias match	no	no	Poultry	
PDT002952002.1	SAMN44571233	GCA_053044345.1				NOT RETRIEVED (no E-utilities call)	NOT RETRIEVED (no E-utilities call)	build metadata columns Run/Platform/LibraryLayout (no E-utilities call)	Escherichia coli	yes	retain (submitted name is E. coli; organism group membership consistent)	23-MO00719-1	Poultry	swab	2022	Uganda	PRJNA1181821	2025-10-10		aac(3)-IId,acrF,aph(6)-Id=PARTIAL_END_OF_CONTIG,blaEC,blaTEM-1,dfrA14,mcr-1.1,mdtM,pmrB_A159V=POINT,qnrS1,sul3,tet(A)	mcr-1.1	mcr-1.1=COMPLETE	no	no		Uganda	Uganda	alias match	no	no	Poultry	
PDT002952000.1	SAMN44571234	GCA_053044235.1				NOT RETRIEVED (no E-utilities call)	NOT RETRIEVED (no E-utilities call)	build metadata columns Run/Platform/LibraryLayout (no E-utilities call)	Escherichia coli	yes	retain (submitted name is E. coli; organism group membership consistent)	23-MO00728-1	Poultry	swab	2022	Uganda	PRJNA1181821	2025-10-10		aac(3)-IId,acrF,aph(6)-Id=PARTIAL_END_OF_CONTIG,blaEC,blaTEM-1,dfrA14,mcr-1.1,mdtM,qnrS1,sul3,tet(A)	mcr-1.1	mcr-1.1=COMPLETE	no	no		Uganda	Uganda	alias match	no	no	Poultry	
PDT002951999.1	SAMN44571235	GCA_053044225.1				NOT RETRIEVED (no E-utilities call)	NOT RETRIEVED (no E-utilities call)	build metadata columns Run/Platform/LibraryLayout (no E-utilities call)	Escherichia coli	yes	retain (submitted name is E. coli; organism group membership consistent)	23-MO00748-1	Poultry	swab	2022	Uganda	PRJNA1181821	2025-10-10		aac(3)-IId,acrF,aph(6)-Id=PARTIAL_END_OF_CONTIG,blaEC,blaTEM-1,dfrA14,mcr-1.1,mdtM,qnrS1,sul3,tet(A)	mcr-1.1	mcr-1.1=COMPLETE	no	no		Uganda	Uganda	alias match	no	no	Poultry	
PDT002952001.1	SAMN44571236	GCA_053044255.1				NOT RETRIEVED (no E-utilities call)	NOT RETRIEVED (no E-utilities call)	build metadata columns Run/Platform/LibraryLayout (no E-utilities call)	Escherichia coli	yes	retain (submitted name is E. coli; organism group membership consistent)	23-MO00770-1	Poultry	swab	2022	Uganda	PRJNA1181821	2025-10-10		aac(3)-IId,acrF,aph(6)-Id=PARTIAL_END_OF_CONTIG,blaEC,blaTEM-1,dfrA14,mcr-1.1,mdtM,qnrS1,sul3,tet(A)	mcr-1.1	mcr-1.1=COMPLETE	no	no		Uganda	Uganda	alias match	no	no	Poultry	
