metric	key	value
isolates_retained		127
countries_represented		16
by_country	Algeria	46
by_country	Cameroon	1
by_country	Central African Republic	2
by_country	Democratic Republic of the Congo	2
by_country	Egypt	18
by_country	Ethiopia	1
by_country	Malawi	3
by_country	Morocco	2
by_country	Niger	1
by_country	Nigeria	12
by_country	Rwanda	2
by_country	South Africa	5
by_country	Tanzania	12
by_country	Togo	1
by_country	Tunisia	14
by_country	Uganda	5
by_mcr_variant	mcr-1	3
by_mcr_variant	mcr-1.1	112
by_mcr_variant	mcr-1.5	2
by_mcr_variant	mcr-10.1	1
by_mcr_variant	mcr-9	2
by_mcr_variant	mcr-9.1	7
by_mcr_variant	mcr-9.2	1
by_sector	Environment	2
by_sector	Food (non-poultry)	9
by_sector	Human	34
by_sector	Other animal	6
by_sector	Poultry	62
by_sector	Unspecified	14
